/* SPDX-License-Identifier: (LGPL-2.1 OR BSD-2-Clause) */

/* THIS FILE IS AUTOGENERATED BY BPFTOOL! */
#ifndef __TC_BPF_SKEL_H__
#define __TC_BPF_SKEL_H__

#include <errno.h>
#include <stdlib.h>
#include <bpf/libbpf.h>

struct tc_bpf {
	struct bpf_object_skeleton *skeleton;
	struct bpf_object *obj;
	struct {
		struct bpf_map *state_map;
		struct bpf_map *pad_state_map;
		struct bpf_map *rand_byte_map;
		struct bpf_map *rand_byte_holder_map_eg;
		struct bpf_map *rand_byte_holder_map_ig;
		struct bpf_map *rodata;
	} maps;
	struct {
		struct bpf_program *tc_egress;
		struct bpf_program *tc_ingress;
	} progs;
	struct {
		struct bpf_link *tc_egress;
		struct bpf_link *tc_ingress;
	} links;

#ifdef __cplusplus
	static inline struct tc_bpf *open(const struct bpf_object_open_opts *opts = nullptr);
	static inline struct tc_bpf *open_and_load();
	static inline int load(struct tc_bpf *skel);
	static inline int attach(struct tc_bpf *skel);
	static inline void detach(struct tc_bpf *skel);
	static inline void destroy(struct tc_bpf *skel);
	static inline const void *elf_bytes(size_t *sz);
#endif /* __cplusplus */
};

static void
tc_bpf__destroy(struct tc_bpf *obj)
{
	if (!obj)
		return;
	if (obj->skeleton)
		bpf_object__destroy_skeleton(obj->skeleton);
	free(obj);
}

static inline int
tc_bpf__create_skeleton(struct tc_bpf *obj);

static inline struct tc_bpf *
tc_bpf__open_opts(const struct bpf_object_open_opts *opts)
{
	struct tc_bpf *obj;
	int err;

	obj = (struct tc_bpf *)calloc(1, sizeof(*obj));
	if (!obj) {
		errno = ENOMEM;
		return NULL;
	}

	err = tc_bpf__create_skeleton(obj);
	if (err)
		goto err_out;

	err = bpf_object__open_skeleton(obj->skeleton, opts);
	if (err)
		goto err_out;

	return obj;
err_out:
	tc_bpf__destroy(obj);
	errno = -err;
	return NULL;
}

static inline struct tc_bpf *
tc_bpf__open(void)
{
	return tc_bpf__open_opts(NULL);
}

static inline int
tc_bpf__load(struct tc_bpf *obj)
{
	return bpf_object__load_skeleton(obj->skeleton);
}

static inline struct tc_bpf *
tc_bpf__open_and_load(void)
{
	struct tc_bpf *obj;
	int err;

	obj = tc_bpf__open();
	if (!obj)
		return NULL;
	err = tc_bpf__load(obj);
	if (err) {
		tc_bpf__destroy(obj);
		errno = -err;
		return NULL;
	}
	return obj;
}

static inline int
tc_bpf__attach(struct tc_bpf *obj)
{
	return bpf_object__attach_skeleton(obj->skeleton);
}

static inline void
tc_bpf__detach(struct tc_bpf *obj)
{
	bpf_object__detach_skeleton(obj->skeleton);
}

static inline const void *tc_bpf__elf_bytes(size_t *sz);

static inline int
tc_bpf__create_skeleton(struct tc_bpf *obj)
{
	struct bpf_object_skeleton *s;
	int err;

	s = (struct bpf_object_skeleton *)calloc(1, sizeof(*s));
	if (!s)	{
		err = -ENOMEM;
		goto err;
	}

	s->sz = sizeof(*s);
	s->name = "tc_bpf";
	s->obj = &obj->obj;

	/* maps */
	s->map_cnt = 6;
	s->map_skel_sz = sizeof(*s->maps);
	s->maps = (struct bpf_map_skeleton *)calloc(s->map_cnt, s->map_skel_sz);
	if (!s->maps) {
		err = -ENOMEM;
		goto err;
	}

	s->maps[0].name = "state_map";
	s->maps[0].map = &obj->maps.state_map;

	s->maps[1].name = "pad_state_map";
	s->maps[1].map = &obj->maps.pad_state_map;

	s->maps[2].name = "rand_byte_map";
	s->maps[2].map = &obj->maps.rand_byte_map;

	s->maps[3].name = "rand_byte_holder_map_eg";
	s->maps[3].map = &obj->maps.rand_byte_holder_map_eg;

	s->maps[4].name = "rand_byte_holder_map_ig";
	s->maps[4].map = &obj->maps.rand_byte_holder_map_ig;

	s->maps[5].name = "tc_bpf.rodata";
	s->maps[5].map = &obj->maps.rodata;

	/* programs */
	s->prog_cnt = 2;
	s->prog_skel_sz = sizeof(*s->progs);
	s->progs = (struct bpf_prog_skeleton *)calloc(s->prog_cnt, s->prog_skel_sz);
	if (!s->progs) {
		err = -ENOMEM;
		goto err;
	}

	s->progs[0].name = "tc_egress";
	s->progs[0].prog = &obj->progs.tc_egress;
	s->progs[0].link = &obj->links.tc_egress;

	s->progs[1].name = "tc_ingress";
	s->progs[1].prog = &obj->progs.tc_ingress;
	s->progs[1].link = &obj->links.tc_ingress;

	s->data = tc_bpf__elf_bytes(&s->data_sz);

	obj->skeleton = s;
	return 0;
err:
	bpf_object__destroy_skeleton(s);
	return err;
}

static inline const void *tc_bpf__elf_bytes(size_t *sz)
{
	static const char data[] __attribute__((__aligned__(8))) = "\
\x7f\x45\x4c\x46\x02\x01\x01\0\0\0\0\0\0\0\0\0\x01\0\xf7\0\x01\0\0\0\0\0\0\0\0\
\0\0\0\0\0\0\0\0\0\0\0\x40\x2c\x01\0\0\0\0\0\0\0\0\0\x40\0\0\0\0\0\x40\0\x0a\0\
\x01\0\0\x2e\x73\x74\x72\x74\x61\x62\0\x2e\x73\x79\x6d\x74\x61\x62\0\x74\x63\0\
\x2e\x72\x6f\x64\x61\x74\x61\0\x2e\x6d\x61\x70\x73\0\x6c\x69\x63\x65\x6e\x73\
\x65\0\x74\x63\x5f\x65\x67\x72\x65\x73\x73\x2e\x62\x70\x66\x2e\x63\0\x4c\x42\
\x42\x30\x5f\x32\0\x74\x63\x5f\x65\x67\x72\x65\x73\x73\x2e\x5f\x5f\x5f\x5f\x66\
\x6d\x74\0\x4c\x42\x42\x30\x5f\x31\x34\x39\0\x4c\x42\x42\x30\x5f\x34\0\x74\x63\
\x5f\x65\x67\x72\x65\x73\x73\x2e\x5f\x5f\x5f\x5f\x66\x6d\x74\x2e\x31\0\x4c\x42\
\x42\x30\x5f\x31\x34\x37\0\x4c\x42\x42\x30\x5f\x31\x34\x38\0\x4c\x42\x42\x30\
\x5f\x39\0\x74\x63\x5f\x65\x67\x72\x65\x73\x73\x2e\x5f\x5f\x5f\x5f\x66\x6d\x74\
\x2e\x32\0\x4c\x42\x42\x30\x5f\x31\x31\0\x74\x63\x5f\x65\x67\x72\x65\x73\x73\
\x2e\x5f\x5f\x5f\x5f\x66\x6d\x74\x2e\x33\0\x4c\x42\x42\x30\x5f\x31\x33\0\x74\
\x63\x5f\x65\x67\x72\x65\x73\x73\x2e\x5f\x5f\x5f\x5f\x66\x6d\x74\x2e\x34\0\x4c\
\x42\x42\x30\x5f\x31\x35\0\x74\x63\x5f\x65\x67\x72\x65\x73\x73\x2e\x5f\x5f\x5f\
\x5f\x66\x6d\x74\x2e\x35\0\x4c\x42\x42\x30\x5f\x31\x37\0\x74\x63\x5f\x65\x67\
\x72\x65\x73\x73\x2e\x5f\x5f\x5f\x5f\x66\x6d\x74\x2e\x36\0\x4c\x42\x42\x30\x5f\
\x32\x34\0\x4c\x42\x42\x30\x5f\x32\x36\0\x74\x63\x5f\x65\x67\x72\x65\x73\x73\
\x2e\x5f\x5f\x5f\x5f\x66\x6d\x74\x2e\x37\0\x4c\x42\x42\x30\x5f\x32\x38\0\x74\
\x63\x5f\x65\x67\x72\x65\x73\x73\x2e\x5f\x5f\x5f\x5f\x66\x6d\x74\x2e\x38\0\x4c\
\x42\x42\x30\x5f\x33\x31\0\x4c\x42\x42\x30\x5f\x33\x34\0\x4c\x42\x42\x30\x5f\
\x33\x38\0\x4c\x42\x42\x30\x5f\x34\x31\0\x4c\x42\x42\x30\x5f\x31\x34\x32\0\x4c\
\x42\x42\x30\x5f\x34\x34\0\x74\x63\x5f\x65\x67\x72\x65\x73\x73\x2e\x5f\x5f\x5f\
\x5f\x66\x6d\x74\x2e\x39\0\x4c\x42\x42\x30\x5f\x34\x37\0\x74\x63\x5f\x65\x67\
\x72\x65\x73\x73\x2e\x5f\x5f\x5f\x5f\x66\x6d\x74\x2e\x31\x30\0\x4c\x42\x42\x30\
\x5f\x35\x30\0\x74\x63\x5f\x65\x67\x72\x65\x73\x73\x2e\x5f\x5f\x5f\x5f\x66\x6d\
\x74\x2e\x31\x31\0\x4c\x42\x42\x30\x5f\x35\x33\0\x74\x63\x5f\x65\x67\x72\x65\
\x73\x73\x2e\x5f\x5f\x5f\x5f\x66\x6d\x74\x2e\x31\x32\0\x4c\x42\x42\x30\x5f\x35\
\x35\0\x74\x63\x5f\x65\x67\x72\x65\x73\x73\x2e\x5f\x5f\x5f\x5f\x66\x6d\x74\x2e\
\x31\x33\0\x4c\x42\x42\x30\x5f\x35\x37\0\x74\x63\x5f\x65\x67\x72\x65\x73\x73\
\x2e\x5f\x5f\x5f\x5f\x66\x6d\x74\x2e\x31\x35\0\x4c\x42\x42\x30\x5f\x35\x39\0\
\x4c\x42\x42\x30\x5f\x36\x32\0\x74\x63\x5f\x65\x67\x72\x65\x73\x73\x2e\x5f\x5f\
\x5f\x5f\x66\x6d\x74\x2e\x31\x36\0\x4c\x42\x42\x30\x5f\x36\x34\0\x74\x63\x5f\
\x65\x67\x72\x65\x73\x73\x2e\x5f\x5f\x5f\x5f\x66\x6d\x74\x2e\x31\x37\0\x4c\x42\
\x42\x30\x5f\x36\x36\0\x74\x63\x5f\x65\x67\x72\x65\x73\x73\x2e\x5f\x5f\x5f\x5f\
\x66\x6d\x74\x2e\x31\x38\0\x4c\x42\x42\x30\x5f\x36\x38\0\x74\x63\x5f\x65\x67\
\x72\x65\x73\x73\x2e\x5f\x5f\x5f\x5f\x66\x6d\x74\x2e\x31\x39\0\x4c\x42\x42\x30\
\x5f\x37\x30\0\x74\x63\x5f\x65\x67\x72\x65\x73\x73\x2e\x5f\x5f\x5f\x5f\x66\x6d\
\x74\x2e\x32\x30\0\x4c\x42\x42\x30\x5f\x37\x32\0\x74\x63\x5f\x65\x67\x72\x65\
\x73\x73\x2e\x5f\x5f\x5f\x5f\x66\x6d\x74\x2e\x32\x31\0\x4c\x42\x42\x30\x5f\x37\
\x34\0\x74\x63\x5f\x65\x67\x72\x65\x73\x73\x2e\x5f\x5f\x5f\x5f\x66\x6d\x74\x2e\
\x32\x32\0\x4c\x42\x42\x30\x5f\x37\x36\0\x74\x63\x5f\x65\x67\x72\x65\x73\x73\
\x2e\x5f\x5f\x5f\x5f\x66\x6d\x74\x2e\x32\x33\0\x4c\x42\x42\x30\x5f\x37\x38\0\
\x4c\x42\x42\x30\x5f\x31\x31\x30\0\x4c\x42\x42\x30\x5f\x38\x33\0\x74\x63\x5f\
\x65\x67\x72\x65\x73\x73\x2e\x5f\x5f\x5f\x5f\x66\x6d\x74\x2e\x32\x34\0\x4c\x42\
\x42\x30\x5f\x31\x31\x32\0\x74\x63\x5f\x65\x67\x72\x65\x73\x73\x2e\x5f\x5f\x5f\
\x5f\x66\x6d\x74\x2e\x32\x36\0\x4c\x42\x42\x30\x5f\x31\x31\x34\0\x4c\x42\x42\
\x30\x5f\x31\x31\x36\0\x4c\x42\x42\x30\x5f\x31\x33\x35\0\x4c\x42\x42\x30\x5f\
\x31\x31\x38\0\x4c\x42\x42\x30\x5f\x31\x32\x30\0\x4c\x42\x42\x30\x5f\x31\x32\
\x32\0\x4c\x42\x42\x30\x5f\x31\x32\x34\0\x4c\x42\x42\x30\x5f\x31\x32\x36\0\x4c\
\x42\x42\x30\x5f\x31\x32\x38\0\x4c\x42\x42\x30\x5f\x31\x33\x30\0\x4c\x42\x42\
\x30\x5f\x31\x33\x36\0\x4c\x42\x42\x30\x5f\x31\x33\x34\0\x74\x63\x5f\x65\x67\
\x72\x65\x73\x73\x2e\x5f\x5f\x5f\x5f\x66\x6d\x74\x2e\x32\x37\0\x4c\x42\x42\x30\
\x5f\x31\x30\x38\0\x4c\x42\x42\x30\x5f\x38\x36\0\x4c\x42\x42\x30\x5f\x38\x38\0\
\x4c\x42\x42\x30\x5f\x31\x30\x37\0\x4c\x42\x42\x30\x5f\x39\x30\0\x4c\x42\x42\
\x30\x5f\x39\x32\0\x4c\x42\x42\x30\x5f\x39\x34\0\x4c\x42\x42\x30\x5f\x39\x36\0\
\x4c\x42\x42\x30\x5f\x39\x38\0\x4c\x42\x42\x30\x5f\x31\x30\x30\0\x4c\x42\x42\
\x30\x5f\x31\x30\x32\0\x4c\x42\x42\x30\x5f\x31\x30\x36\0\x4c\x42\x42\x30\x5f\
\x31\x33\x38\0\x74\x63\x5f\x65\x67\x72\x65\x73\x73\x2e\x5f\x5f\x5f\x5f\x66\x6d\
\x74\x2e\x32\x38\0\x4c\x42\x42\x30\x5f\x31\x34\x30\0\x74\x63\x5f\x65\x67\x72\
\x65\x73\x73\x2e\x5f\x5f\x5f\x5f\x66\x6d\x74\x2e\x32\x39\0\x74\x63\x5f\x65\x67\
\x72\x65\x73\x73\x2e\x5f\x5f\x5f\x5f\x66\x6d\x74\x2e\x32\x35\0\x74\x63\x5f\x65\
\x67\x72\x65\x73\x73\x2e\x5f\x5f\x5f\x5f\x66\x6d\x74\x2e\x33\x30\0\x4c\x42\x42\
\x30\x5f\x31\x34\x34\0\x74\x63\x5f\x65\x67\x72\x65\x73\x73\x2e\x5f\x5f\x5f\x5f\
\x66\x6d\x74\x2e\x33\x31\0\x74\x63\x5f\x65\x67\x72\x65\x73\x73\x2e\x5f\x5f\x5f\
\x5f\x66\x6d\x74\x2e\x33\x32\0\x74\x63\x5f\x65\x67\x72\x65\x73\x73\0\x73\x74\
\x61\x74\x65\x5f\x6d\x61\x70\0\x70\x61\x64\x5f\x73\x74\x61\x74\x65\x5f\x6d\x61\
\x70\0\x72\x61\x6e\x64\x5f\x62\x79\x74\x65\x5f\x6d\x61\x70\0\x72\x61\x6e\x64\
\x5f\x62\x79\x74\x65\x5f\x68\x6f\x6c\x64\x65\x72\x5f\x6d\x61\x70\x5f\x65\x67\0\
\x5f\x5f\x6c\x69\x63\x65\x6e\x73\x65\0\x2e\x72\x65\x6c\x74\x63\0\x74\x63\x5f\
\x69\x6e\x67\x72\x65\x73\x73\x2e\x62\x70\x66\x2e\x63\0\x74\x63\x5f\x69\x6e\x67\
\x72\x65\x73\x73\x2e\x5f\x5f\x5f\x5f\x66\x6d\x74\0\x4c\x42\x42\x30\x5f\x37\0\
\x4c\x42\x42\x30\x5f\x38\0\x74\x63\x5f\x69\x6e\x67\x72\x65\x73\x73\x2e\x5f\x5f\
\x5f\x5f\x66\x6d\x74\x2e\x31\0\x4c\x42\x42\x30\x5f\x35\0\x4c\x42\x42\x30\x5f\
\x36\0\x74\x63\x5f\x69\x6e\x67\x72\x65\x73\x73\x2e\x5f\x5f\x5f\x5f\x66\x6d\x74\
\x2e\x32\0\x74\x63\x5f\x69\x6e\x67\x72\x65\x73\x73\x2e\x5f\x5f\x5f\x5f\x66\x6d\
\x74\x2e\x33\0\x74\x63\x5f\x69\x6e\x67\x72\x65\x73\x73\x2e\x5f\x5f\x5f\x5f\x66\
\x6d\x74\x2e\x34\0\x4c\x42\x42\x30\x5f\x31\x39\0\x74\x63\x5f\x69\x6e\x67\x72\
\x65\x73\x73\x2e\x5f\x5f\x5f\x5f\x66\x6d\x74\x2e\x35\0\x4c\x42\x42\x30\x5f\x32\
\x31\0\x74\x63\x5f\x69\x6e\x67\x72\x65\x73\x73\x2e\x5f\x5f\x5f\x5f\x66\x6d\x74\
\x2e\x36\0\x4c\x42\x42\x30\x5f\x32\x37\0\x74\x63\x5f\x69\x6e\x67\x72\x65\x73\
\x73\x2e\x5f\x5f\x5f\x5f\x66\x6d\x74\x2e\x37\0\x4c\x42\x42\x30\x5f\x33\x30\0\
\x4c\x42\x42\x30\x5f\x33\x33\0\x4c\x42\x42\x30\x5f\x33\x37\0\x4c\x42\x42\x30\
\x5f\x33\x39\0\x74\x63\x5f\x69\x6e\x67\x72\x65\x73\x73\x2e\x5f\x5f\x5f\x5f\x66\
\x6d\x74\x2e\x38\0\x74\x63\x5f\x69\x6e\x67\x72\x65\x73\x73\x2e\x5f\x5f\x5f\x5f\
\x66\x6d\x74\x2e\x39\0\x4c\x42\x42\x30\x5f\x34\x36\0\x74\x63\x5f\x69\x6e\x67\
\x72\x65\x73\x73\x2e\x5f\x5f\x5f\x5f\x66\x6d\x74\x2e\x31\x30\0\x4c\x42\x42\x30\
\x5f\x35\x31\0\x74\x63\x5f\x69\x6e\x67\x72\x65\x73\x73\x2e\x5f\x5f\x5f\x5f\x66\
\x6d\x74\x2e\x31\x31\0\x74\x63\x5f\x69\x6e\x67\x72\x65\x73\x73\x2e\x5f\x5f\x5f\
\x5f\x66\x6d\x74\x2e\x31\x32\0\x74\x63\x5f\x69\x6e\x67\x72\x65\x73\x73\x2e\x5f\
\x5f\x5f\x5f\x66\x6d\x74\x2e\x31\x33\0\x74\x63\x5f\x69\x6e\x67\x72\x65\x73\x73\
\x2e\x5f\x5f\x5f\x5f\x66\x6d\x74\x2e\x31\x34\0\x74\x63\x5f\x69\x6e\x67\x72\x65\
\x73\x73\x2e\x5f\x5f\x5f\x5f\x66\x6d\x74\x2e\x31\x35\0\x4c\x42\x42\x30\x5f\x36\
\x31\0\x74\x63\x5f\x69\x6e\x67\x72\x65\x73\x73\x2e\x5f\x5f\x5f\x5f\x66\x6d\x74\
\x2e\x31\x36\0\x4c\x42\x42\x30\x5f\x38\x37\0\x4c\x42\x42\x30\x5f\x38\x30\0\x4c\
\x42\x42\x30\x5f\x38\x32\0\x4c\x42\x42\x30\x5f\x31\x31\x33\0\x74\x63\x5f\x69\
\x6e\x67\x72\x65\x73\x73\x2e\x5f\x5f\x5f\x5f\x66\x6d\x74\x2e\x31\x39\0\x4c\x42\
\x42\x30\x5f\x31\x31\x37\0\x4c\x42\x42\x30\x5f\x39\x31\0\x4c\x42\x42\x30\x5f\
\x39\x33\0\x4c\x42\x42\x30\x5f\x39\x35\0\x4c\x42\x42\x30\x5f\x39\x37\0\x4c\x42\
\x42\x30\x5f\x39\x39\0\x4c\x42\x42\x30\x5f\x31\x30\x31\0\x4c\x42\x42\x30\x5f\
\x31\x30\x33\0\x4c\x42\x42\x30\x5f\x31\x30\x35\0\x4c\x42\x42\x30\x5f\x31\x31\
\x31\0\x4c\x42\x42\x30\x5f\x31\x31\x35\0\x74\x63\x5f\x69\x6e\x67\x72\x65\x73\
\x73\x2e\x5f\x5f\x5f\x5f\x66\x6d\x74\x2e\x32\x30\0\x74\x63\x5f\x69\x6e\x67\x72\
\x65\x73\x73\x2e\x5f\x5f\x5f\x5f\x66\x6d\x74\x2e\x32\x31\0\x74\x63\x5f\x69\x6e\
\x67\x72\x65\x73\x73\x2e\x5f\x5f\x5f\x5f\x66\x6d\x74\x2e\x31\x38\0\x74\x63\x5f\
\x69\x6e\x67\x72\x65\x73\x73\x2e\x5f\x5f\x5f\x5f\x66\x6d\x74\x2e\x32\x32\0\x74\
\x63\x5f\x69\x6e\x67\x72\x65\x73\x73\x2e\x5f\x5f\x5f\x5f\x66\x6d\x74\x2e\x32\
\x33\0\x74\x63\x5f\x69\x6e\x67\x72\x65\x73\x73\x2e\x5f\x5f\x5f\x5f\x66\x6d\x74\
\x2e\x32\x34\0\x74\x63\x5f\x69\x6e\x67\x72\x65\x73\x73\0\x72\x61\x6e\x64\x5f\
\x62\x79\x74\x65\x5f\x68\x6f\x6c\x64\x65\x72\x5f\x6d\x61\x70\x5f\x69\x67\0\x2e\
\x42\x54\x46\0\x2e\x42\x54\x46\x2e\x65\x78\x74\0\0\0\0\0\0\0\0\0\0\0\0\0\0\0\0\
\0\0\0\0\0\0\0\0\0\0\x2a\0\0\0\x04\0\xf1\xff\0\0\0\0\0\0\0\0\0\0\0\0\0\0\0\0\0\
\0\0\0\x03\0\x03\0\0\0\0\0\0\0\0\0\0\0\0\0\0\0\0\0\x3a\0\0\0\0\0\x03\0\x50\0\0\
\0\0\0\0\0\0\0\0\0\0\0\0\0\x41\0\0\0\x01\0\x04\0\0\0\0\0\0\0\0\0\x2b\0\0\0\0\0\
\0\0\x53\0\0\0\0\0\x03\0\xa0\0\0\0\0\0\0\0\0\0\0\0\0\0\0\0\x5c\0\0\0\0\0\x03\0\
\xb0\0\0\0\0\0\0\0\0\0\0\0\0\0\0\0\x63\0\0\0\x01\0\x04\0\x2b\0\0\0\0\0\0\0\x11\
\0\0\0\0\0\0\0\x77\0\0\0\0\0\x03\0\x90\0\0\0\0\0\0\0\0\0\0\0\0\0\0\0\x80\0\0\0\
\0\0\x03\0\x98\0\0\0\0\0\0\0\0\0\0\0\0\0\0\0\x89\0\0\0\0\0\x03\0\x38\x01\0\0\0\
\0\0\0\0\0\0\0\0\0\0\0\x90\0\0\0\x01\0\x04\0\x3c\0\0\0\0\0\0\0\x19\0\0\0\0\0\0\
\0\xa4\0\0\0\0\0\x03\0\x88\x01\0\0\0\0\0\0\0\0\0\0\0\0\0\0\xac\0\0\0\x01\0\x04\
\0\x55\0\0\0\0\0\0\0\x14\0\0\0\0\0\0\0\xc0\0\0\0\0\0\x03\0\xc0\x01\0\0\0\0\0\0\
\0\0\0\0\0\0\0\0\xc8\0\0\0\x01\0\x04\0\x69\0\0\0\0\0\0\0\x13\0\0\0\0\0\0\0\xdc\
\0\0\0\0\0\x03\0\xf8\x01\0\0\0\0\0\0\0\0\0\0\0\0\0\0\xe4\0\0\0\x01\0\x04\0\x7c\
\0\0\0\0\0\0\0\x1a\0\0\0\0\0\0\0\xf8\0\0\0\0\0\x03\0\x48\x02\0\0\0\0\0\0\0\0\0\
\0\0\0\0\0\0\x01\0\0\x01\0\x04\0\x96\0\0\0\0\0\0\0\x18\0\0\0\0\0\0\0\x14\x01\0\
\0\0\0\x03\0\x50\x03\0\0\0\0\0\0\0\0\0\0\0\0\0\0\x1c\x01\0\0\0\0\x03\0\xb8\x03\
\0\0\0\0\0\0\0\0\0\0\0\0\0\0\x24\x01\0\0\x01\0\x04\0\xae\0\0\0\0\0\0\0\x2b\0\0\
\0\0\0\0\0\x38\x01\0\0\0\0\x03\0\x10\x04\0\0\0\0\0\0\0\0\0\0\0\0\0\0\x40\x01\0\
\0\x01\0\x04\0\xd9\0\0\0\0\0\0\0\x16\0\0\0\0\0\0\0\x54\x01\0\0\0\0\x03\0\x70\
\x04\0\0\0\0\0\0\0\0\0\0\0\0\0\0\x5c\x01\0\0\0\0\x03\0\xd0\x04\0\0\0\0\0\0\0\0\
\0\0\0\0\0\0\x64\x01\0\0\0\0\x03\0\x58\x05\0\0\0\0\0\0\0\0\0\0\0\0\0\0\x6c\x01\
\0\0\0\0\x03\0\x40\x1a\0\0\0\0\0\0\0\0\0\0\0\0\0\0\x74\x01\0\0\0\0\x03\0\x90\
\x33\0\0\0\0\0\0\0\0\0\0\0\0\0\0\x7d\x01\0\0\0\0\x03\0\xd0\x1a\0\0\0\0\0\0\0\0\
\0\0\0\0\0\0\x85\x01\0\0\x01\0\x04\0\xef\0\0\0\0\0\0\0\x29\0\0\0\0\0\0\0\x99\
\x01\0\0\0\0\x03\0\x18\x1b\0\0\0\0\0\0\0\0\0\0\0\0\0\0\xa1\x01\0\0\x01\0\x04\0\
\x18\x01\0\0\0\0\0\0\x15\0\0\0\0\0\0\0\xb6\x01\0\0\0\0\x03\0\x68\x1b\0\0\0\0\0\
\0\0\0\0\0\0\0\0\0\xbe\x01\0\0\x01\0\x04\0\x2d\x01\0\0\0\0\0\0\x18\0\0\0\0\0\0\
\0\xd3\x01\0\0\0\0\x03\0\xa0\x1b\0\0\0\0\0\0\0\0\0\0\0\0\0\0\xdb\x01\0\0\x01\0\
\x04\0\x45\x01\0\0\0\0\0\0\x17\0\0\0\0\0\0\0\xf0\x01\0\0\0\0\x03\0\xe8\x1b\0\0\
\0\0\0\0\0\0\0\0\0\0\0\0\xf8\x01\0\0\x01\0\x04\0\x5c\x01\0\0\0\0\0\0\x17\0\0\0\
\0\0\0\0\x0d\x02\0\0\0\0\x03\0\x80\x1c\0\0\0\0\0\0\0\0\0\0\0\0\0\0\x15\x02\0\0\
\x01\0\x04\0\x73\x01\0\0\0\0\0\0\x10\0\0\0\0\0\0\0\x2a\x02\0\0\0\0\x03\0\xa8\
\x1c\0\0\0\0\0\0\0\0\0\0\0\0\0\0\x32\x02\0\0\0\0\x03\0\x18\x1d\0\0\0\0\0\0\0\0\
\0\0\0\0\0\0\x3a\x02\0\0\x01\0\x04\0\x83\x01\0\0\0\0\0\0\x1c\0\0\0\0\0\0\0\x4f\
\x02\0\0\0\0\x03\0\x30\x27\0\0\0\0\0\0\0\0\0\0\0\0\0\0\x57\x02\0\0\x01\0\x04\0\
\x9f\x01\0\0\0\0\0\0\x19\0\0\0\0\0\0\0\x6c\x02\0\0\0\0\x03\0\x90\x27\0\0\0\0\0\
\0\0\0\0\0\0\0\0\0\x74\x02\0\0\x01\0\x04\0\xb8\x01\0\0\0\0\0\0\x1e\0\0\0\0\0\0\
\0\x89\x02\0\0\0\0\x03\0\xd8\x27\0\0\0\0\0\0\0\0\0\0\0\0\0\0\x91\x02\0\0\x01\0\
\x04\0\xd6\x01\0\0\0\0\0\0\x15\0\0\0\0\0\0\0\xa6\x02\0\0\0\0\x03\0\x28\x28\0\0\
\0\0\0\0\0\0\0\0\0\0\0\0\xae\x02\0\0\x01\0\x04\0\xeb\x01\0\0\0\0\0\0\x18\0\0\0\
\0\0\0\0\xc3\x02\0\0\0\0\x03\0\x60\x28\0\0\0\0\0\0\0\0\0\0\0\0\0\0\xcb\x02\0\0\
\x01\0\x04\0\x03\x02\0\0\0\0\0\0\x17\0\0\0\0\0\0\0\xe0\x02\0\0\0\0\x03\0\xa8\
\x28\0\0\0\0\0\0\0\0\0\0\0\0\0\0\xe8\x02\0\0\x01\0\x04\0\x1a\x02\0\0\0\0\0\0\
\x17\0\0\0\0\0\0\0\xfd\x02\0\0\0\0\x03\0\x10\x29\0\0\0\0\0\0\0\0\0\0\0\0\0\0\
\x05\x03\0\0\x01\0\x04\0\x31\x02\0\0\0\0\0\0\x10\0\0\0\0\0\0\0\x1a\x03\0\0\0\0\
\x03\0\x40\x29\0\0\0\0\0\0\0\0\0\0\0\0\0\0\x22\x03\0\0\0\0\x03\0\0\x2a\0\0\0\0\
\0\0\0\0\0\0\0\0\0\0\x2b\x03\0\0\0\0\x03\0\xc8\x2d\0\0\0\0\0\0\0\0\0\0\0\0\0\0\
\x33\x03\0\0\x01\0\x04\0\x41\x02\0\0\0\0\0\0\x1e\0\0\0\0\0\0\0\x48\x03\0\0\0\0\
\x03\0\x50\x2a\0\0\0\0\0\0\0\0\0\0\0\0\0\0\x51\x03\0\0\x01\0\x04\0\x73\x02\0\0\
\0\0\0\0\x1e\0\0\0\0\0\0\0\x66\x03\0\0\0\0\x03\0\x98\x2a\0\0\0\0\0\0\0\0\0\0\0\
\0\0\0\x6f\x03\0\0\0\0\x03\0\0\x2b\0\0\0\0\0\0\0\0\0\0\0\0\0\0\x78\x03\0\0\0\0\
\x03\0\xa8\x2d\0\0\0\0\0\0\0\0\0\0\0\0\0\0\x81\x03\0\0\0\0\x03\0\x40\x2b\0\0\0\
\0\0\0\0\0\0\0\0\0\0\0\x8a\x03\0\0\0\0\x03\0\x50\x2b\0\0\0\0\0\0\0\0\0\0\0\0\0\
\0\x93\x03\0\0\0\0\x03\0\x78\x2b\0\0\0\0\0\0\0\0\0\0\0\0\0\0\x9c\x03\0\0\0\0\
\x03\0\xf0\x2b\0\0\0\0\0\0\0\0\0\0\0\0\0\0\xa5\x03\0\0\0\0\x03\0\x38\x2c\0\0\0\
\0\0\0\0\0\0\0\0\0\0\0\xae\x03\0\0\0\0\x03\0\x48\x2c\0\0\0\0\0\0\0\0\0\0\0\0\0\
\0\xb7\x03\0\0\0\0\x03\0\xa0\x2c\0\0\0\0\0\0\0\0\0\0\0\0\0\0\xc0\x03\0\0\0\0\
\x03\0\x28\x32\0\0\0\0\0\0\0\0\0\0\0\0\0\0\xc9\x03\0\0\0\0\x03\0\x60\x2d\0\0\0\
\0\0\0\0\0\0\0\0\0\0\0\xd2\x03\0\0\x01\0\x04\0\x91\x02\0\0\0\0\0\0\x14\0\0\0\0\
\0\0\0\xe7\x03\0\0\0\0\x03\0\xf0\x32\0\0\0\0\0\0\0\0\0\0\0\0\0\0\xf0\x03\0\0\0\
\0\x03\0\xb0\x2e\0\0\0\0\0\0\0\0\0\0\0\0\0\0\xf8\x03\0\0\0\0\x03\0\x48\x2f\0\0\
\0\0\0\0\0\0\0\0\0\0\0\0\0\x04\0\0\0\0\x03\0\x10\x32\0\0\0\0\0\0\0\0\0\0\0\0\0\
\0\x09\x04\0\0\0\0\x03\0\x90\x2f\0\0\0\0\0\0\0\0\0\0\0\0\0\0\x11\x04\0\0\0\0\
\x03\0\xa0\x2f\0\0\0\0\0\0\0\0\0\0\0\0\0\0\x19\x04\0\0\0\0\x03\0\xb8\x2f\0\0\0\
\0\0\0\0\0\0\0\0\0\0\0\x21\x04\0\0\0\0\x03\0\x20\x30\0\0\0\0\0\0\0\0\0\0\0\0\0\
\0\x29\x04\0\0\0\0\x03\0\x68\x30\0\0\0\0\0\0\0\0\0\0\0\0\0\0\x31\x04\0\0\0\0\
\x03\0\x78\x30\0\0\0\0\0\0\0\0\0\0\0\0\0\0\x3a\x04\0\0\0\0\x03\0\xe0\x30\0\0\0\
\0\0\0\0\0\0\0\0\0\0\0\x43\x04\0\0\0\0\x03\0\xd0\x31\0\0\0\0\0\0\0\0\0\0\0\0\0\
\0\x4c\x04\0\0\0\0\x03\0\x80\x32\0\0\0\0\0\0\0\0\0\0\0\0\0\0\x55\x04\0\0\x01\0\
\x04\0\xa5\x02\0\0\0\0\0\0\x31\0\0\0\0\0\0\0\x6a\x04\0\0\0\0\x03\0\x10\x33\0\0\
\0\0\0\0\0\0\0\0\0\0\0\0\x73\x04\0\0\x01\0\x04\0\xd6\x02\0\0\0\0\0\0\x36\0\0\0\
\0\0\0\0\x88\x04\0\0\x01\0\x04\0\x5f\x02\0\0\0\0\0\0\x14\0\0\0\0\0\0\0\x9d\x04\
\0\0\x01\0\x04\0\x0c\x03\0\0\0\0\0\0\x35\0\0\0\0\0\0\0\xb2\x04\0\0\0\0\x03\0\
\xf8\x33\0\0\0\0\0\0\0\0\0\0\0\0\0\0\xbb\x04\0\0\x01\0\x04\0\x41\x03\0\0\0\0\0\
\0\x37\0\0\0\0\0\0\0\xd0\x04\0\0\x01\0\x04\0\x78\x03\0\0\0\0\0\0\x3b\0\0\0\0\0\
\0\0\0\0\0\0\x03\0\x04\0\0\0\0\0\0\0\0\0\0\0\0\0\0\0\0\0\xe5\x04\0\0\x12\0\x03\
\0\0\0\0\0\0\0\0\0\x80\x34\0\0\0\0\0\0\xef\x04\0\0\x11\0\x05\0\0\0\0\0\0\0\0\0\
\x20\0\0\0\0\0\0\0\xf9\x04\0\0\x11\0\x05\0\x20\0\0\0\0\0\0\0\x20\0\0\0\0\0\0\0\
\x07\x05\0\0\x11\0\x05\0\x40\0\0\0\0\0\0\0\x20\0\0\0\0\0\0\0\x15\x05\0\0\x11\0\
\x05\0\x60\0\0\0\0\0\0\0\x20\0\0\0\0\0\0\0\x2d\x05\0\0\x11\0\x06\0\0\0\0\0\0\0\
\0\0\x04\0\0\0\0\0\0\0\x3e\x05\0\0\x04\0\xf1\xff\0\0\0\0\0\0\0\0\0\0\0\0\0\0\0\
\0\x3a\0\0\0\0\0\x03\0\xd0\x34\0\0\0\0\0\0\0\0\0\0\0\0\0\0\x4f\x05\0\0\x01\0\
\x04\0\xb3\x03\0\0\0\0\0\0\x2b\0\0\0\0\0\0\0\x62\x05\0\0\0\0\x03\0\x20\x35\0\0\
\0\0\0\0\0\0\0\0\0\0\0\0\x69\x05\0\0\0\0\x03\0\x30\x35\0\0\0\0\0\0\0\0\0\0\0\0\
\0\0\x70\x05\0\0\x01\0\x04\0\xde\x03\0\0\0\0\0\0\x11\0\0\0\0\0\0\0\x5c\0\0\0\0\
\0\x03\0\x08\x35\0\0\0\0\0\0\0\0\0\0\0\0\0\0\x85\x05\0\0\0\0\x03\0\x10\x35\0\0\
\0\0\0\0\0\0\0\0\0\0\0\0\x8c\x05\0\0\0\0\x03\0\x18\x35\0\0\0\0\0\0\0\0\0\0\0\0\
\0\0\xc0\0\0\0\0\0\x03\0\xb8\x35\0\0\0\0\0\0\0\0\0\0\0\0\0\0\x93\x05\0\0\x01\0\
\x04\0\xef\x03\0\0\0\0\0\0\x19\0\0\0\0\0\0\0\xdc\0\0\0\0\0\x03\0\x08\x36\0\0\0\
\0\0\0\0\0\0\0\0\0\0\0\xa8\x05\0\0\x01\0\x04\0\x08\x04\0\0\0\0\0\0\x14\0\0\0\0\
\0\0\0\xf8\0\0\0\0\0\x03\0\x40\x36\0\0\0\0\0\0\0\0\0\0\0\0\0\0\xbd\x05\0\0\x01\
\0\x04\0\x1c\x04\0\0\0\0\0\0\x13\0\0\0\0\0\0\0\xd2\x05\0\0\0\0\x03\0\x78\x36\0\
\0\0\0\0\0\0\0\0\0\0\0\0\0\xda\x05\0\0\x01\0\x04\0\x2f\x04\0\0\0\0\0\0\x1a\0\0\
\0\0\0\0\0\xef\x05\0\0\0\0\x03\0\xc8\x36\0\0\0\0\0\0\0\0\0\0\0\0\0\0\xf7\x05\0\
\0\x01\0\x04\0\x49\x04\0\0\0\0\0\0\x18\0\0\0\0\0\0\0\x0c\x06\0\0\0\0\x03\0\x50\
\x37\0\0\0\0\0\0\0\0\0\0\0\0\0\0\x14\x06\0\0\x01\0\x04\0\x61\x04\0\0\0\0\0\0\
\x16\0\0\0\0\0\0\0\x29\x06\0\0\0\0\x03\0\x98\x37\0\0\0\0\0\0\0\0\0\0\0\0\0\0\
\x31\x06\0\0\0\0\x03\0\xe0\x37\0\0\0\0\0\0\0\0\0\0\0\0\0\0\x39\x06\0\0\0\0\x03\
\0\x18\x4b\0\0\0\0\0\0\0\0\0\0\0\0\0\0\x41\x06\0\0\0\0\x03\0\x50\x4b\0\0\0\0\0\
\0\0\0\0\0\0\0\0\0\x49\x06\0\0\x01\0\x04\0\x77\x04\0\0\0\0\0\0\x1e\0\0\0\0\0\0\
\0\x6c\x01\0\0\0\0\x03\0\xb0\x4b\0\0\0\0\0\0\0\0\0\0\0\0\0\0\x5e\x06\0\0\x01\0\
\x04\0\x95\x04\0\0\0\0\0\0\x1d\0\0\0\0\0\0\0\x8a\x03\0\0\0\0\x03\0\x70\x61\0\0\
\0\0\0\0\0\0\0\0\0\0\0\0\x7d\x01\0\0\0\0\x03\0\x30\x55\0\0\0\0\0\0\0\0\0\0\0\0\
\0\0\x73\x06\0\0\0\0\x03\0\xa8\x55\0\0\0\0\0\0\0\0\0\0\0\0\0\0\x7b\x06\0\0\x01\
\0\x04\0\xb2\x04\0\0\0\0\0\0\x11\0\0\0\0\0\0\0\x91\x06\0\0\0\0\x03\0\x38\x56\0\
\0\0\0\0\0\0\0\0\0\0\0\0\0\x99\x06\0\0\x01\0\x04\0\xc3\x04\0\0\0\0\0\0\x1c\0\0\
\0\0\0\0\0\xd3\x01\0\0\0\0\x03\0\x80\x56\0\0\0\0\0\0\0\0\0\0\0\0\0\0\xaf\x06\0\
\0\x01\0\x04\0\xdf\x04\0\0\0\0\0\0\x29\0\0\0\0\0\0\0\xf0\x01\0\0\0\0\x03\0\xc8\
\x56\0\0\0\0\0\0\0\0\0\0\0\0\0\0\xc5\x06\0\0\x01\0\x04\0\x08\x05\0\0\0\0\0\0\
\x15\0\0\0\0\0\0\0\x0d\x02\0\0\0\0\x03\0\x18\x57\0\0\0\0\0\0\0\0\0\0\0\0\0\0\
\xdb\x06\0\0\x01\0\x04\0\x1d\x05\0\0\0\0\0\0\x18\0\0\0\0\0\0\0\x2a\x02\0\0\0\0\
\x03\0\x50\x57\0\0\0\0\0\0\0\0\0\0\0\0\0\0\xf1\x06\0\0\x01\0\x04\0\x35\x05\0\0\
\0\0\0\0\x17\0\0\0\0\0\0\0\x07\x07\0\0\0\0\x03\0\x98\x57\0\0\0\0\0\0\0\0\0\0\0\
\0\0\0\x0f\x07\0\0\x01\0\x04\0\x4c\x05\0\0\0\0\0\0\x17\0\0\0\0\0\0\0\x4f\x02\0\
\0\0\0\x03\0\x50\x58\0\0\0\0\0\0\0\0\0\0\0\0\0\0\xf8\x03\0\0\0\0\x03\0\xb8\x5b\
\0\0\0\0\0\0\0\0\0\0\0\0\0\0\x6c\x02\0\0\0\0\x03\0\x98\x58\0\0\0\0\0\0\0\0\0\0\
\0\0\0\0\x89\x02\0\0\0\0\x03\0\0\x59\0\0\0\0\0\0\0\0\0\0\0\0\0\0\x25\x07\0\0\0\
\0\x03\0\x98\x5b\0\0\0\0\0\0\0\0\0\0\0\0\0\0\xa6\x02\0\0\0\0\x03\0\x30\x59\0\0\
\0\0\0\0\0\0\0\0\0\0\0\0\xc3\x02\0\0\0\0\x03\0\x40\x59\0\0\0\0\0\0\0\0\0\0\0\0\
\0\0\xe0\x02\0\0\0\0\x03\0\x68\x59\0\0\0\0\0\0\0\0\0\0\0\0\0\0\xfd\x02\0\0\0\0\
\x03\0\xe0\x59\0\0\0\0\0\0\0\0\0\0\0\0\0\0\x1a\x03\0\0\0\0\x03\0\x18\x5a\0\0\0\
\0\0\0\0\0\0\0\0\0\0\0\x2d\x07\0\0\0\0\x03\0\x28\x5a\0\0\0\0\0\0\0\0\0\0\0\0\0\
\0\x35\x07\0\0\0\0\x03\0\x90\x5a\0\0\0\0\0\0\0\0\0\0\0\0\0\0\x3d\x07\0\0\0\0\
\x03\0\x20\x60\0\0\0\0\0\0\0\0\0\0\0\0\0\0\xf0\x03\0\0\0\0\x03\0\x50\x5b\0\0\0\
\0\0\0\0\0\0\0\0\0\0\0\x46\x07\0\0\x01\0\x04\0\x77\x05\0\0\0\0\0\0\x14\0\0\0\0\
\0\0\0\x5c\x07\0\0\0\0\x03\0\xe0\x60\0\0\0\0\0\0\0\0\0\0\0\0\0\0\x65\x07\0\0\0\
\0\x03\0\xa8\x5c\0\0\0\0\0\0\0\0\0\0\0\0\0\0\x6d\x07\0\0\0\0\x03\0\x40\x5d\0\0\
\0\0\0\0\0\0\0\0\0\0\0\0\x48\x03\0\0\0\0\x03\0\x08\x60\0\0\0\0\0\0\0\0\0\0\0\0\
\0\0\x75\x07\0\0\0\0\x03\0\x88\x5d\0\0\0\0\0\0\0\0\0\0\0\0\0\0\x7d\x07\0\0\0\0\
\x03\0\x98\x5d\0\0\0\0\0\0\0\0\0\0\0\0\0\0\x85\x07\0\0\0\0\x03\0\xb0\x5d\0\0\0\
\0\0\0\0\0\0\0\0\0\0\0\x8d\x07\0\0\0\0\x03\0\x18\x5e\0\0\0\0\0\0\0\0\0\0\0\0\0\
\0\x96\x07\0\0\0\0\x03\0\x60\x5e\0\0\0\0\0\0\0\0\0\0\0\0\0\0\x9f\x07\0\0\0\0\
\x03\0\x70\x5e\0\0\0\0\0\0\0\0\0\0\0\0\0\0\0\x04\0\0\0\0\x03\0\xd8\x5e\0\0\0\0\
\0\0\0\0\0\0\0\0\0\0\xa8\x07\0\0\0\0\x03\0\xc8\x5f\0\0\0\0\0\0\0\0\0\0\0\0\0\0\
\xb1\x07\0\0\0\0\x03\0\x78\x60\0\0\0\0\0\0\0\0\0\0\0\0\0\0\xba\x07\0\0\x01\0\
\x04\0\x8b\x05\0\0\0\0\0\0\x31\0\0\0\0\0\0\0\x81\x03\0\0\0\0\x03\0\0\x61\0\0\0\
\0\0\0\0\0\0\0\0\0\0\0\xd0\x07\0\0\x01\0\x04\0\xbc\x05\0\0\0\0\0\0\x36\0\0\0\0\
\0\0\0\xe6\x07\0\0\x01\0\x04\0\x63\x05\0\0\0\0\0\0\x14\0\0\0\0\0\0\0\xfc\x07\0\
\0\x01\0\x04\0\xf2\x05\0\0\0\0\0\0\x35\0\0\0\0\0\0\0\x93\x03\0\0\0\0\x03\0\xd8\
\x61\0\0\0\0\0\0\0\0\0\0\0\0\0\0\x12\x08\0\0\x01\0\x04\0\x27\x06\0\0\0\0\0\0\
\x37\0\0\0\0\0\0\0\x28\x08\0\0\x01\0\x04\0\x5e\x06\0\0\0\0\0\0\x3b\0\0\0\0\0\0\
\0\x3e\x08\0\0\x12\0\x03\0\x80\x34\0\0\0\0\0\0\xe0\x2d\0\0\0\0\0\0\x49\x08\0\0\
\x11\0\x05\0\x80\0\0\0\0\0\0\0\x20\0\0\0\0\0\0\0\xbf\x16\0\0\0\0\0\0\xb7\x08\0\
\0\0\0\0\0\xb7\x02\0\0\0\0\0\0\x85\0\0\0\x27\0\0\0\x15\0\x05\0\0\0\0\0\x18\x01\
\0\0\0\0\0\0\0\0\0\0\0\0\0\0\xb7\x02\0\0\x2b\0\0\0\x85\0\0\0\x06\0\0\0\x05\0\
\x0a\0\0\0\0\0\x61\x61\x50\0\0\0\0\0\x61\x67\x4c\0\0\0\0\0\xbf\x72\0\0\0\0\0\0\
\x07\x02\0\0\x14\0\0\0\x3d\x21\x07\0\0\0\0\0\x18\x01\0\0\x2b\0\0\0\0\0\0\0\0\0\
\0\0\xb7\x02\0\0\x11\0\0\0\x85\0\0\0\x06\0\0\0\xb7\x08\0\0\x02\0\0\0\xbf\x80\0\
\0\0\0\0\0\x95\0\0\0\0\0\0\0\xb7\x02\0\0\x09\0\0\0\xbf\x73\0\0\0\0\0\0\x0f\x23\
\0\0\0\0\0\0\x07\x03\0\0\x01\0\0\0\x2d\x13\xf9\xff\0\0\0\0\x71\x72\0\0\0\0\0\0\
\x57\x02\0\0\xf0\0\0\0\x55\x02\xf6\xff\x40\0\0\0\x71\x72\x09\0\0\0\0\0\x55\x02\
\xf4\xff\x06\0\0\0\x71\x72\0\0\0\0\0\0\x57\x02\0\0\x0f\0\0\0\x25\x02\x04\0\x04\
\0\0\0\x18\x01\0\0\x3c\0\0\0\0\0\0\0\0\0\0\0\xb7\x02\0\0\x19\0\0\0\x05\0\xeb\
\xff\0\0\0\0\x71\x73\0\0\0\0\0\0\x67\x03\0\0\x02\0\0\0\x57\x03\0\0\x3c\0\0\0\
\xbf\x74\0\0\0\0\0\0\x0f\x34\0\0\0\0\0\0\x3d\x41\x04\0\0\0\0\0\x18\x01\0\0\x55\
\0\0\0\0\0\0\0\0\0\0\0\xb7\x02\0\0\x14\0\0\0\x05\0\xe1\xff\0\0\0\0\xbf\x42\0\0\
\0\0\0\0\x07\x02\0\0\x14\0\0\0\x3d\x21\x04\0\0\0\0\0\x18\x01\0\0\x69\0\0\0\0\0\
\0\0\0\0\0\0\xb7\x02\0\0\x13\0\0\0\x05\0\xda\xff\0\0\0\0\x69\x42\x0c\0\0\0\0\0\
\x57\x02\0\0\xf0\0\0\0\x25\x02\x04\0\x4f\0\0\0\x18\x01\0\0\x7c\0\0\0\0\0\0\0\0\
\0\0\0\xb7\x02\0\0\x1a\0\0\0\x05\0\xd3\xff\0\0\0\0\x69\x49\x0c\0\0\0\0\0\x77\
\x09\0\0\x02\0\0\0\x57\x09\0\0\x3c\0\0\0\xbf\x42\0\0\0\0\0\0\x0f\x92\0\0\0\0\0\
\0\x3d\x21\x04\0\0\0\0\0\x18\x01\0\0\x96\0\0\0\0\0\0\0\0\0\0\0\xb7\x02\0\0\x18\
\0\0\0\x05\0\xc9\xff\0\0\0\0\x69\x41\x02\0\0\0\0\0\x15\x01\xc9\xff\0\x16\0\0\
\x69\x41\0\0\0\0\0\0\x15\x01\xc7\xff\0\x16\0\0\x69\x41\x02\0\0\0\0\0\x15\x01\
\xc5\xff\x0d\x3d\0\0\x69\x41\0\0\0\0\0\0\x15\x01\xc3\xff\x0d\x3d\0\0\x7b\x4a\
\xc0\xff\0\0\0\0\x7b\x3a\xb8\xff\0\0\0\0\xb7\x08\0\0\0\0\0\0\x63\x8a\xf8\xff\0\
\0\0\0\xbf\xa2\0\0\0\0\0\0\x07\x02\0\0\xf8\xff\xff\xff\x18\x01\0\0\0\0\0\0\0\0\
\0\0\0\0\0\0\x85\0\0\0\x01\0\0\0\x7b\x0a\xd0\xff\0\0\0\0\x15\0\xb8\xff\0\0\0\0\
\xb7\x01\0\0\x07\0\0\0\x63\x16\x20\0\0\0\0\0\x85\0\0\0\xd0\0\0\0\x7b\x0a\xc8\
\xff\0\0\0\0\x79\xa1\xd0\xff\0\0\0\0\x85\0\0\0\x5d\0\0\0\x79\xa3\xc8\xff\0\0\0\
\0\x07\x03\0\0\x80\x1a\x06\0\x79\xa1\xd0\xff\0\0\0\0\x79\x11\x08\0\0\0\0\0\x07\
\x01\0\0\x80\x84\x1e\0\xbf\x32\0\0\0\0\0\0\x2d\x13\x01\0\0\0\0\0\xbf\x12\0\0\0\
\0\0\0\x79\xa1\xd0\xff\0\0\0\0\x7b\x2a\xc8\xff\0\0\0\0\x7b\x21\x08\0\0\0\0\0\
\x85\0\0\0\x5e\0\0\0\xbf\x61\0\0\0\0\0\0\x79\xa2\xc8\xff\0\0\0\0\xb7\x03\0\0\
\x01\0\0\0\x85\0\0\0\xc0\0\0\0\x65\0\x04\0\xff\xff\xff\xff\x18\x01\0\0\xae\0\0\
\0\0\0\0\0\0\0\0\0\xb7\x02\0\0\x2b\0\0\0\x85\0\0\0\x06\0\0\0\x79\xa1\xb8\xff\0\
\0\0\0\x0f\x19\0\0\0\0\0\0\x69\x71\x02\0\0\0\0\0\x7b\x1a\xc8\xff\0\0\0\0\xdc\
\x01\0\0\x10\0\0\0\x7b\x1a\xd0\xff\0\0\0\0\x3d\x91\x04\0\0\0\0\0\x18\x01\0\0\
\xd9\0\0\0\0\0\0\0\0\0\0\0\xb7\x02\0\0\x16\0\0\0\x05\0\x90\xff\0\0\0\0\x79\xa1\
\xc0\xff\0\0\0\0\x69\x11\x0c\0\0\0\0\0\x57\x01\0\0\0\x02\0\0\x15\x01\x08\0\0\0\
\0\0\x79\xa1\xc0\xff\0\0\0\0\x69\x11\x0c\0\0\0\0\0\x57\x01\0\0\0\x10\0\0\x55\
\x01\x04\0\0\0\0\0\x79\xa1\xc0\xff\0\0\0\0\x69\x11\x0c\0\0\0\0\0\x57\x01\0\0\0\
\x04\0\0\x15\x01\x86\xff\0\0\0\0\x79\xa1\xc0\xff\0\0\0\0\x69\x11\x0c\0\0\0\0\0\
\x57\x01\0\0\0\x02\0\0\x15\x01\x08\0\0\0\0\0\x79\xa1\xc0\xff\0\0\0\0\x69\x11\
\x0c\0\0\0\0\0\x57\x01\0\0\0\x10\0\0\x15\x01\x04\0\0\0\0\0\x79\xa1\xc0\xff\0\0\
\0\0\x69\x11\x0c\0\0\0\0\0\x57\x01\0\0\0\x04\0\0\x15\x01\x7a\xff\0\0\0\0\x79\
\xa1\xc0\xff\0\0\0\0\x69\x11\x0c\0\0\0\0\0\x57\x01\0\0\0\x04\0\0\x55\x01\x76\
\xff\0\0\0\0\x79\xa1\xc0\xff\0\0\0\0\x69\x11\x0c\0\0\0\0\0\x57\x01\0\0\0\x01\0\
\0\x55\x01\x72\xff\0\0\0\0\xb7\x02\0\0\x8c\x05\0\0\xb7\x01\0\0\x8c\x05\0\0\x79\
\xa3\xd0\xff\0\0\0\0\x1f\x31\0\0\0\0\0\0\x7b\x1a\xb0\xff\0\0\0\0\xb7\x01\0\0\0\
\0\0\0\x2d\x32\x02\0\0\0\0\0\xb7\x02\0\0\0\0\0\0\x7b\x2a\xb0\xff\0\0\0\0\x63\
\x1a\xf4\xff\0\0\0\0\xbf\xa2\0\0\0\0\0\0\x07\x02\0\0\xf4\xff\xff\xff\x18\x01\0\
\0\0\0\0\0\0\0\0\0\0\0\0\0\x85\0\0\0\x01\0\0\0\xb7\x08\0\0\x02\0\0\0\x7b\x0a\
\xa8\xff\0\0\0\0\x15\0\x60\xff\0\0\0\0\x79\xa1\xa8\xff\0\0\0\0\x79\xa2\xb0\xff\
\0\0\0\0\x63\x21\0\0\0\0\0\0\x79\xa1\xc0\xff\0\0\0\0\x61\x14\x04\0\0\0\0\0\xbf\
\x42\0\0\0\0\0\0\xdc\x02\0\0\x20\0\0\0\xb7\x03\0\0\x74\x13\0\0\x1f\x23\0\0\0\0\
\0\0\x07\x02\0\0\x8c\xec\xff\xff\x7b\x4a\xa0\xff\0\0\0\0\xdc\x04\0\0\x10\0\0\0\
\x07\x04\0\0\x08\xde\xff\xff\xaf\x24\0\0\0\0\0\0\xbf\x25\0\0\0\0\0\0\x57\x05\0\
\0\x0f\0\0\0\xbf\x41\0\0\0\0\0\0\x6f\x51\0\0\0\0\0\0\x57\x04\0\0\xff\xff\0\0\
\x57\x03\0\0\x0f\0\0\0\x7f\x34\0\0\0\0\0\0\x4f\x41\0\0\0\0\0\0\xb7\x03\0\0\x13\
\xc8\xff\xff\x1f\x13\0\0\0\0\0\0\x07\x01\0\0\xed\x37\0\0\xbf\x14\0\0\0\0\0\0\
\xaf\x24\0\0\0\0\0\0\xbf\x15\0\0\0\0\0\0\x57\x05\0\0\x0f\0\0\0\xbf\x42\0\0\0\0\
\0\0\x6f\x52\0\0\0\0\0\0\x57\x03\0\0\x0f\0\0\0\x57\x04\0\0\xff\xff\0\0\x7f\x34\
\0\0\0\0\0\0\x4f\x42\0\0\0\0\0\0\xb7\x03\0\0\xdc\x90\xff\xff\x1f\x23\0\0\0\0\0\
\0\x07\x02\0\0\x24\x6f\0\0\xbf\x24\0\0\0\0\0\0\xaf\x14\0\0\0\0\0\0\xbf\x25\0\0\
\0\0\0\0\x57\x05\0\0\x0f\0\0\0\xbf\x41\0\0\0\0\0\0\x6f\x51\0\0\0\0\0\0\x57\x03\
\0\0\x0f\0\0\0\x57\x04\0\0\xff\xff\0\0\x7f\x34\0\0\0\0\0\0\x4f\x41\0\0\0\0\0\0\
\xb7\x03\0\0\x59\xcc\xff\xff\x1f\x13\0\0\0\0\0\0\x07\x01\0\0\xa7\x33\0\0\xbf\
\x14\0\0\0\0\0\0\xaf\x24\0\0\0\0\0\0\xbf\x15\0\0\0\0\0\0\x57\x05\0\0\x0f\0\0\0\
\xbf\x42\0\0\0\0\0\0\x6f\x52\0\0\0\0\0\0\x57\x03\0\0\x0f\0\0\0\x57\x04\0\0\xff\
\xff\0\0\x7f\x34\0\0\0\0\0\0\x4f\x42\0\0\0\0\0\0\xb7\x03\0\0\x99\x1f\0\0\x1f\
\x23\0\0\0\0\0\0\x07\x02\0\0\x67\xe0\xff\xff\xbf\x24\0\0\0\0\0\0\xaf\x14\0\0\0\
\0\0\0\xbf\x25\0\0\0\0\0\0\x57\x05\0\0\x0f\0\0\0\xbf\x41\0\0\0\0\0\0\x6f\x51\0\
\0\0\0\0\0\x57\x03\0\0\x0f\0\0\0\x57\x04\0\0\xff\xff\0\0\x7f\x34\0\0\0\0\0\0\
\x4f\x41\0\0\0\0\0\0\xb7\x03\0\0\x74\xc8\xff\xff\x1f\x13\0\0\0\0\0\0\x07\x01\0\
\0\x8c\x37\0\0\xbf\x14\0\0\0\0\0\0\xaf\x24\0\0\0\0\0\0\xbf\x15\0\0\0\0\0\0\x57\
\x05\0\0\x0f\0\0\0\xbf\x42\0\0\0\0\0\0\x6f\x52\0\0\0\0\0\0\x57\x03\0\0\x0f\0\0\
\0\x57\x04\0\0\xff\xff\0\0\x7f\x34\0\0\0\0\0\0\x4f\x42\0\0\0\0\0\0\xb7\x03\0\0\
\x4d\x59\0\0\x1f\x23\0\0\0\0\0\0\x07\x02\0\0\xb3\xa6\xff\xff\xbf\x24\0\0\0\0\0\
\0\xaf\x14\0\0\0\0\0\0\xbf\x25\0\0\0\0\0\0\x57\x05\0\0\x0f\0\0\0\xbf\x41\0\0\0\
\0\0\0\x6f\x51\0\0\0\0\0\0\x57\x03\0\0\x0f\0\0\0\x57\x04\0\0\xff\xff\0\0\x7f\
\x34\0\0\0\0\0\0\x4f\x41\0\0\0\0\0\0\xb7\x03\0\0\x95\x92\xff\xff\x1f\x13\0\0\0\
\0\0\0\x07\x01\0\0\x6b\x6d\0\0\xbf\x14\0\0\0\0\0\0\xaf\x24\0\0\0\0\0\0\xbf\x15\
\0\0\0\0\0\0\x57\x05\0\0\x0f\0\0\0\xbf\x42\0\0\0\0\0\0\x6f\x52\0\0\0\0\0\0\x57\
\x03\0\0\x0f\0\0\0\x57\x04\0\0\xff\xff\0\0\x7f\x34\0\0\0\0\0\0\x4f\x42\0\0\0\0\
\0\0\xb7\x03\0\0\xa2\x02\0\0\x1f\x23\0\0\0\0\0\0\x07\x02\0\0\x5e\xfd\xff\xff\
\xbf\x24\0\0\0\0\0\0\xaf\x14\0\0\0\0\0\0\xbf\x25\0\0\0\0\0\0\x57\x05\0\0\x0f\0\
\0\0\xbf\x41\0\0\0\0\0\0\x6f\x51\0\0\0\0\0\0\x57\x03\0\0\x0f\0\0\0\x57\x04\0\0\
\xff\xff\0\0\x7f\x34\0\0\0\0\0\0\x4f\x41\0\0\0\0\0\0\xb7\x03\0\0\x92\xe7\xff\
\xff\x1f\x13\0\0\0\0\0\0\x07\x01\0\0\x6e\x18\0\0\xbf\x14\0\0\0\0\0\0\xaf\x24\0\
\0\0\0\0\0\xbf\x15\0\0\0\0\0\0\x57\x05\0\0\x0f\0\0\0\xbf\x42\0\0\0\0\0\0\x6f\
\x52\0\0\0\0\0\0\x57\x03\0\0\x0f\0\0\0\x57\x04\0\0\xff\xff\0\0\x7f\x34\0\0\0\0\
\0\0\x4f\x42\0\0\0\0\0\0\xb7\x03\0\0\x6c\x4b\0\0\x1f\x23\0\0\0\0\0\0\x07\x02\0\
\0\x94\xb4\xff\xff\xbf\x24\0\0\0\0\0\0\xaf\x14\0\0\0\0\0\0\xbf\x25\0\0\0\0\0\0\
\x57\x05\0\0\x0f\0\0\0\xbf\x41\0\0\0\0\0\0\x6f\x51\0\0\0\0\0\0\x57\x03\0\0\x0f\
\0\0\0\x57\x04\0\0\xff\xff\0\0\x7f\x34\0\0\0\0\0\0\x4f\x41\0\0\0\0\0\0\xb7\x03\
\0\0\xad\xb4\xff\xff\x1f\x13\0\0\0\0\0\0\x07\x01\0\0\x53\x4b\0\0\xbf\x14\0\0\0\
\0\0\0\xaf\x24\0\0\0\0\0\0\xbf\x15\0\0\0\0\0\0\x57\x05\0\0\x0f\0\0\0\xbf\x42\0\
\0\0\0\0\0\x6f\x52\0\0\0\0\0\0\x57\x03\0\0\x0f\0\0\0\x57\x04\0\0\xff\xff\0\0\
\x7f\x34\0\0\0\0\0\0\x4f\x42\0\0\0\0\0\0\xb7\x03\0\0\xb0\xfa\xff\xff\x1f\x23\0\
\0\0\0\0\0\x07\x02\0\0\x50\x05\0\0\xbf\x24\0\0\0\0\0\0\xaf\x14\0\0\0\0\0\0\xbf\
\x25\0\0\0\0\0\0\x57\x05\0\0\x0f\0\0\0\xbf\x41\0\0\0\0\0\0\x6f\x51\0\0\0\0\0\0\
\x57\x03\0\0\x0f\0\0\0\x57\x04\0\0\xff\xff\0\0\x7f\x34\0\0\0\0\0\0\x4f\x41\0\0\
\0\0\0\0\xb7\x03\0\0\x41\x10\0\0\x1f\x13\0\0\0\0\0\0\x07\x01\0\0\xbf\xef\xff\
\xff\xbf\x14\0\0\0\0\0\0\xaf\x24\0\0\0\0\0\0\xbf\x15\0\0\0\0\0\0\x57\x05\0\0\
\x0f\0\0\0\xbf\x42\0\0\0\0\0\0\x6f\x52\0\0\0\0\0\0\x57\x03\0\0\x0f\0\0\0\x57\
\x04\0\0\xff\xff\0\0\x7f\x34\0\0\0\0\0\0\x4f\x42\0\0\0\0\0\0\xb7\x03\0\0\xa6\
\x67\0\0\x1f\x23\0\0\0\0\0\0\x07\x02\0\0\x5a\x98\xff\xff\xbf\x24\0\0\0\0\0\0\
\xaf\x14\0\0\0\0\0\0\xbf\x25\0\0\0\0\0\0\x57\x05\0\0\x0f\0\0\0\xbf\x41\0\0\0\0\
\0\0\x6f\x51\0\0\0\0\0\0\x57\x03\0\0\x0f\0\0\0\x57\x04\0\0\xff\xff\0\0\x7f\x34\
\0\0\0\0\0\0\x4f\x41\0\0\0\0\0\0\xb7\x03\0\0\xb6\x9d\xff\xff\x1f\x13\0\0\0\0\0\
\0\x07\x01\0\0\x4a\x62\0\0\xbf\x14\0\0\0\0\0\0\xaf\x24\0\0\0\0\0\0\xbf\x15\0\0\
\0\0\0\0\x57\x05\0\0\x0f\0\0\0\xbf\x42\0\0\0\0\0\0\x6f\x52\0\0\0\0\0\0\x57\x03\
\0\0\x0f\0\0\0\x57\x04\0\0\xff\xff\0\0\x7f\x34\0\0\0\0\0\0\x4f\x42\0\0\0\0\0\0\
\xb7\x03\0\0\xd2\x03\0\0\x1f\x23\0\0\0\0\0\0\x07\x02\0\0\x2e\xfc\xff\xff\xbf\
\x24\0\0\0\0\0\0\xaf\x14\0\0\0\0\0\0\xbf\x25\0\0\0\0\0\0\x57\x05\0\0\x0f\0\0\0\
\xbf\x41\0\0\0\0\0\0\x6f\x51\0\0\0\0\0\0\x57\x03\0\0\x0f\0\0\0\x57\x04\0\0\xff\
\xff\0\0\x7f\x34\0\0\0\0\0\0\x4f\x41\0\0\0\0\0\0\xb7\x03\0\0\x97\x5e\0\0\x1f\
\x13\0\0\0\0\0\0\x07\x01\0\0\x69\xa1\xff\xff\xbf\x15\0\0\0\0\0\0\xaf\x25\0\0\0\
\0\0\0\xbf\x10\0\0\0\0\0\0\x57\0\0\0\x0f\0\0\0\xbf\x52\0\0\0\0\0\0\x6f\x02\0\0\
\0\0\0\0\x57\x03\0\0\x0f\0\0\0\x57\x05\0\0\xff\xff\0\0\x7f\x35\0\0\0\0\0\0\x4f\
\x52\0\0\0\0\0\0\xb7\x03\0\0\xb4\xe7\xff\xff\x1f\x23\0\0\0\0\0\0\x07\x02\0\0\
\x4c\x18\0\0\xbf\x20\0\0\0\0\0\0\xaf\x10\0\0\0\0\0\0\xbf\x27\0\0\0\0\0\0\x57\
\x07\0\0\x0f\0\0\0\xbf\x01\0\0\0\0\0\0\x6f\x71\0\0\0\0\0\0\x57\x03\0\0\x0f\0\0\
\0\x57\0\0\0\xff\xff\0\0\x7f\x30\0\0\0\0\0\0\x4f\x01\0\0\0\0\0\0\xb7\x03\0\0\
\x6d\x1e\0\0\x1f\x13\0\0\0\0\0\0\x07\x01\0\0\x93\xe1\xff\xff\xbf\x17\0\0\0\0\0\
\0\xaf\x27\0\0\0\0\0\0\xbf\x18\0\0\0\0\0\0\x57\x08\0\0\x0f\0\0\0\xbf\x72\0\0\0\
\0\0\0\x6f\x82\0\0\0\0\0\0\x57\x03\0\0\x0f\0\0\0\x57\x07\0\0\xff\xff\0\0\x7f\
\x37\0\0\0\0\0\0\x4f\x72\0\0\0\0\0\0\xb7\x07\0\0\x15\x62\0\0\x1f\x27\0\0\0\0\0\
\0\x07\x02\0\0\xeb\x9d\xff\xff\xbf\x29\0\0\0\0\0\0\xaf\x19\0\0\0\0\0\0\xbf\x21\
\0\0\0\0\0\0\x57\x01\0\0\x0f\0\0\0\xbf\x94\0\0\0\0\0\0\x6f\x14\0\0\0\0\0\0\x57\
\x07\0\0\x0f\0\0\0\x57\x09\0\0\xff\xff\0\0\x7f\x79\0\0\0\0\0\0\x4f\x94\0\0\0\0\
\0\0\xb7\x01\0\0\x7b\x49\0\0\xb7\x09\0\0\x7b\x49\0\0\x1f\x49\0\0\0\0\0\0\x07\
\x04\0\0\x85\xb6\xff\xff\xbf\x43\0\0\0\0\0\0\xaf\x23\0\0\0\0\0\0\xbf\x42\0\0\0\
\0\0\0\x57\x02\0\0\x0f\0\0\0\xbf\x37\0\0\0\0\0\0\x6f\x27\0\0\0\0\0\0\x57\x09\0\
\0\x0f\0\0\0\x57\x03\0\0\xff\xff\0\0\x7f\x93\0\0\0\0\0\0\x4f\x37\0\0\0\0\0\0\
\xb7\x02\0\0\xf5\xd8\xff\xff\xb7\x03\0\0\xf5\xd8\xff\xff\x1f\x73\0\0\0\0\0\0\
\x07\x07\0\0\x0b\x27\0\0\xbf\x75\0\0\0\0\0\0\xaf\x45\0\0\0\0\0\0\xbf\x74\0\0\0\
\0\0\0\x57\x04\0\0\x0f\0\0\0\xbf\x59\0\0\0\0\0\0\x6f\x49\0\0\0\0\0\0\x57\x03\0\
\0\x0f\0\0\0\x57\x05\0\0\xff\xff\0\0\x7f\x35\0\0\0\0\0\0\x4f\x59\0\0\0\0\0\0\
\xb7\x03\0\0\x81\xd9\xff\xff\xb7\x04\0\0\x81\xd9\xff\xff\x1f\x94\0\0\0\0\0\0\
\x07\x09\0\0\x7f\x26\0\0\xbf\x90\0\0\0\0\0\0\xaf\x70\0\0\0\0\0\0\xbf\x97\0\0\0\
\0\0\0\x57\x07\0\0\x0f\0\0\0\xbf\x05\0\0\0\0\0\0\x6f\x75\0\0\0\0\0\0\x57\x04\0\
\0\x0f\0\0\0\x57\0\0\0\xff\xff\0\0\x7f\x40\0\0\0\0\0\0\x4f\x05\0\0\0\0\0\0\x07\
\x05\0\0\x4d\x57\0\0\x57\x05\0\0\xff\xff\0\0\x67\x09\0\0\x10\0\0\0\x4f\x59\0\0\
\0\0\0\0\x79\xa4\xc0\xff\0\0\0\0\x69\x45\x0c\0\0\0\0\0\xdc\x09\0\0\x20\0\0\0\
\x7b\x9a\x98\xff\0\0\0\0\x63\x94\x04\0\0\0\0\0\x61\x49\x08\0\0\0\0\0\x7b\x9a\
\x88\xff\0\0\0\0\xdc\x09\0\0\x20\0\0\0\x57\x05\0\0\0\x10\0\0\x7b\x5a\x90\xff\0\
\0\0\0\x15\x05\x41\x01\0\0\0\0\xbf\x90\0\0\0\0\0\0\xb7\x05\0\0\x74\x13\0\0\x1f\
\x05\0\0\0\0\0\0\x57\x05\0\0\x0f\0\0\0\xbf\x07\0\0\0\0\0\0\x07\x07\0\0\x8c\xec\
\xff\xff\x77\0\0\0\x10\0\0\0\x07\0\0\0\x08\xde\xff\xff\xaf\x70\0\0\0\0\0\0\xbf\
\x04\0\0\0\0\0\0\x57\x04\0\0\xff\xff\0\0\x7f\x54\0\0\0\0\0\0\xbf\x75\0\0\0\0\0\
\0\x57\x05\0\0\x0f\0\0\0\x6f\x50\0\0\0\0\0\0\x4f\x40\0\0\0\0\0\0\xb7\x09\0\0\
\x13\xc8\xff\xff\x1f\x09\0\0\0\0\0\0\x07\0\0\0\xed\x37\0\0\xbf\x04\0\0\0\0\0\0\
\xaf\x74\0\0\0\0\0\0\xbf\x05\0\0\0\0\0\0\x57\x05\0\0\x0f\0\0\0\xbf\x47\0\0\0\0\
\0\0\x6f\x57\0\0\0\0\0\0\x57\x09\0\0\x0f\0\0\0\x57\x04\0\0\xff\xff\0\0\x7f\x94\
\0\0\0\0\0\0\x4f\x47\0\0\0\0\0\0\xb7\x08\0\0\xdc\x90\xff\xff\x1f\x78\0\0\0\0\0\
\0\x07\x07\0\0\x24\x6f\0\0\xbf\x74\0\0\0\0\0\0\xaf\x04\0\0\0\0\0\0\xbf\x75\0\0\
\0\0\0\0\x57\x05\0\0\x0f\0\0\0\xbf\x49\0\0\0\0\0\0\x6f\x59\0\0\0\0\0\0\x57\x08\
\0\0\x0f\0\0\0\x57\x04\0\0\xff\xff\0\0\x7f\x84\0\0\0\0\0\0\x4f\x49\0\0\0\0\0\0\
\xb7\0\0\0\x59\xcc\xff\xff\x1f\x90\0\0\0\0\0\0\x07\x09\0\0\xa7\x33\0\0\xbf\x94\
\0\0\0\0\0\0\xaf\x74\0\0\0\0\0\0\xbf\x95\0\0\0\0\0\0\x57\x05\0\0\x0f\0\0\0\xbf\
\x47\0\0\0\0\0\0\x6f\x57\0\0\0\0\0\0\x57\0\0\0\x0f\0\0\0\x57\x04\0\0\xff\xff\0\
\0\x7f\x04\0\0\0\0\0\0\x4f\x47\0\0\0\0\0\0\xb7\0\0\0\x99\x1f\0\0\x1f\x70\0\0\0\
\0\0\0\x07\x07\0\0\x67\xe0\xff\xff\xbf\x74\0\0\0\0\0\0\xaf\x94\0\0\0\0\0\0\xbf\
\x75\0\0\0\0\0\0\x57\x05\0\0\x0f\0\0\0\xbf\x49\0\0\0\0\0\0\x6f\x59\0\0\0\0\0\0\
\x57\0\0\0\x0f\0\0\0\x57\x04\0\0\xff\xff\0\0\x7f\x04\0\0\0\0\0\0\x4f\x49\0\0\0\
\0\0\0\xb7\0\0\0\x74\xc8\xff\xff\x1f\x90\0\0\0\0\0\0\x07\x09\0\0\x8c\x37\0\0\
\xbf\x94\0\0\0\0\0\0\xaf\x74\0\0\0\0\0\0\xbf\x95\0\0\0\0\0\0\x57\x05\0\0\x0f\0\
\0\0\xbf\x47\0\0\0\0\0\0\x6f\x57\0\0\0\0\0\0\x57\0\0\0\x0f\0\0\0\x57\x04\0\0\
\xff\xff\0\0\x7f\x04\0\0\0\0\0\0\x4f\x47\0\0\0\0\0\0\xb7\0\0\0\x4d\x59\0\0\x1f\
\x70\0\0\0\0\0\0\x07\x07\0\0\xb3\xa6\xff\xff\xbf\x74\0\0\0\0\0\0\xaf\x94\0\0\0\
\0\0\0\xbf\x75\0\0\0\0\0\0\x57\x05\0\0\x0f\0\0\0\xbf\x49\0\0\0\0\0\0\x6f\x59\0\
\0\0\0\0\0\x57\0\0\0\x0f\0\0\0\x57\x04\0\0\xff\xff\0\0\x7f\x04\0\0\0\0\0\0\x4f\
\x49\0\0\0\0\0\0\xb7\0\0\0\x95\x92\xff\xff\x1f\x90\0\0\0\0\0\0\x07\x09\0\0\x6b\
\x6d\0\0\xbf\x94\0\0\0\0\0\0\xaf\x74\0\0\0\0\0\0\xbf\x95\0\0\0\0\0\0\x57\x05\0\
\0\x0f\0\0\0\xbf\x47\0\0\0\0\0\0\x6f\x57\0\0\0\0\0\0\x57\0\0\0\x0f\0\0\0\x57\
\x04\0\0\xff\xff\0\0\x7f\x04\0\0\0\0\0\0\x4f\x47\0\0\0\0\0\0\xb7\0\0\0\xa2\x02\
\0\0\x1f\x70\0\0\0\0\0\0\x07\x07\0\0\x5e\xfd\xff\xff\xbf\x74\0\0\0\0\0\0\xaf\
\x94\0\0\0\0\0\0\xbf\x75\0\0\0\0\0\0\x57\x05\0\0\x0f\0\0\0\xbf\x49\0\0\0\0\0\0\
\x6f\x59\0\0\0\0\0\0\x57\0\0\0\x0f\0\0\0\x57\x04\0\0\xff\xff\0\0\x7f\x04\0\0\0\
\0\0\0\x4f\x49\0\0\0\0\0\0\xb7\0\0\0\x92\xe7\xff\xff\x1f\x90\0\0\0\0\0\0\x07\
\x09\0\0\x6e\x18\0\0\xbf\x94\0\0\0\0\0\0\xaf\x74\0\0\0\0\0\0\xbf\x95\0\0\0\0\0\
\0\x57\x05\0\0\x0f\0\0\0\xbf\x47\0\0\0\0\0\0\x6f\x57\0\0\0\0\0\0\x57\0\0\0\x0f\
\0\0\0\x57\x04\0\0\xff\xff\0\0\x7f\x04\0\0\0\0\0\0\x4f\x47\0\0\0\0\0\0\xb7\0\0\
\0\x6c\x4b\0\0\x1f\x70\0\0\0\0\0\0\x07\x07\0\0\x94\xb4\xff\xff\xbf\x74\0\0\0\0\
\0\0\xaf\x94\0\0\0\0\0\0\xbf\x75\0\0\0\0\0\0\x57\x05\0\0\x0f\0\0\0\xbf\x49\0\0\
\0\0\0\0\x6f\x59\0\0\0\0\0\0\x57\0\0\0\x0f\0\0\0\x57\x04\0\0\xff\xff\0\0\x7f\
\x04\0\0\0\0\0\0\x4f\x49\0\0\0\0\0\0\xb7\0\0\0\xad\xb4\xff\xff\x1f\x90\0\0\0\0\
\0\0\x07\x09\0\0\x53\x4b\0\0\xbf\x94\0\0\0\0\0\0\xaf\x74\0\0\0\0\0\0\xbf\x95\0\
\0\0\0\0\0\x57\x05\0\0\x0f\0\0\0\xbf\x47\0\0\0\0\0\0\x6f\x57\0\0\0\0\0\0\x57\0\
\0\0\x0f\0\0\0\x57\x04\0\0\xff\xff\0\0\x7f\x04\0\0\0\0\0\0\x4f\x47\0\0\0\0\0\0\
\xb7\0\0\0\xb0\xfa\xff\xff\x1f\x70\0\0\0\0\0\0\x07\x07\0\0\x50\x05\0\0\xbf\x74\
\0\0\0\0\0\0\xaf\x94\0\0\0\0\0\0\xbf\x75\0\0\0\0\0\0\x57\x05\0\0\x0f\0\0\0\xbf\
\x49\0\0\0\0\0\0\x6f\x59\0\0\0\0\0\0\x57\0\0\0\x0f\0\0\0\x57\x04\0\0\xff\xff\0\
\0\x7f\x04\0\0\0\0\0\0\x4f\x49\0\0\0\0\0\0\xb7\0\0\0\x41\x10\0\0\x1f\x90\0\0\0\
\0\0\0\x07\x09\0\0\xbf\xef\xff\xff\xbf\x94\0\0\0\0\0\0\xaf\x74\0\0\0\0\0\0\xbf\
\x95\0\0\0\0\0\0\x57\x05\0\0\x0f\0\0\0\xbf\x47\0\0\0\0\0\0\x6f\x57\0\0\0\0\0\0\
\x57\0\0\0\x0f\0\0\0\x57\x04\0\0\xff\xff\0\0\x7f\x04\0\0\0\0\0\0\x4f\x47\0\0\0\
\0\0\0\xb7\0\0\0\xa6\x67\0\0\x1f\x70\0\0\0\0\0\0\x07\x07\0\0\x5a\x98\xff\xff\
\xbf\x74\0\0\0\0\0\0\xaf\x94\0\0\0\0\0\0\xbf\x75\0\0\0\0\0\0\x57\x05\0\0\x0f\0\
\0\0\xbf\x49\0\0\0\0\0\0\x6f\x59\0\0\0\0\0\0\x57\0\0\0\x0f\0\0\0\x57\x04\0\0\
\xff\xff\0\0\x7f\x04\0\0\0\0\0\0\x4f\x49\0\0\0\0\0\0\xb7\0\0\0\xb6\x9d\xff\xff\
\x1f\x90\0\0\0\0\0\0\x07\x09\0\0\x4a\x62\0\0\xbf\x94\0\0\0\0\0\0\xaf\x74\0\0\0\
\0\0\0\xbf\x95\0\0\0\0\0\0\x57\x05\0\0\x0f\0\0\0\xbf\x47\0\0\0\0\0\0\x6f\x57\0\
\0\0\0\0\0\x57\0\0\0\x0f\0\0\0\x57\x04\0\0\xff\xff\0\0\x7f\x04\0\0\0\0\0\0\x4f\
\x47\0\0\0\0\0\0\xb7\0\0\0\xd2\x03\0\0\x1f\x70\0\0\0\0\0\0\x07\x07\0\0\x2e\xfc\
\xff\xff\xbf\x74\0\0\0\0\0\0\xaf\x94\0\0\0\0\0\0\xbf\x75\0\0\0\0\0\0\x57\x05\0\
\0\x0f\0\0\0\xbf\x49\0\0\0\0\0\0\x6f\x59\0\0\0\0\0\0\x57\0\0\0\x0f\0\0\0\x57\
\x04\0\0\xff\xff\0\0\x7f\x04\0\0\0\0\0\0\x4f\x49\0\0\0\0\0\0\xb7\0\0\0\x97\x5e\
\0\0\x1f\x90\0\0\0\0\0\0\x07\x09\0\0\x69\xa1\xff\xff\xbf\x94\0\0\0\0\0\0\xaf\
\x74\0\0\0\0\0\0\xbf\x95\0\0\0\0\0\0\x57\x05\0\0\x0f\0\0\0\xbf\x47\0\0\0\0\0\0\
\x6f\x57\0\0\0\0\0\0\x57\0\0\0\x0f\0\0\0\x57\x04\0\0\xff\xff\0\0\x7f\x04\0\0\0\
\0\0\0\x4f\x47\0\0\0\0\0\0\xb7\0\0\0\xb4\xe7\xff\xff\x1f\x70\0\0\0\0\0\0\x07\
\x07\0\0\x4c\x18\0\0\xbf\x75\0\0\0\0\0\0\xaf\x95\0\0\0\0\0\0\xbf\x79\0\0\0\0\0\
\0\x57\x09\0\0\x0f\0\0\0\xbf\x54\0\0\0\0\0\0\x6f\x94\0\0\0\0\0\0\x57\0\0\0\x0f\
\0\0\0\x57\x05\0\0\xff\xff\0\0\x7f\x05\0\0\0\0\0\0\x4f\x54\0\0\0\0\0\0\xb7\0\0\
\0\x6d\x1e\0\0\x1f\x40\0\0\0\0\0\0\x07\x04\0\0\x93\xe1\xff\xff\xbf\x49\0\0\0\0\
\0\0\xaf\x79\0\0\0\0\0\0\xbf\x47\0\0\0\0\0\0\x57\x07\0\0\x0f\0\0\0\xbf\x95\0\0\
\0\0\0\0\x6f\x75\0\0\0\0\0\0\x57\0\0\0\x0f\0\0\0\x57\x09\0\0\xff\xff\0\0\x7f\
\x09\0\0\0\0\0\0\x4f\x95\0\0\0\0\0\0\xb7\x08\0\0\x15\x62\0\0\x1f\x58\0\0\0\0\0\
\0\x07\x05\0\0\xeb\x9d\xff\xff\xbf\x50\0\0\0\0\0\0\xaf\x40\0\0\0\0\0\0\xbf\x57\
\0\0\0\0\0\0\x57\x07\0\0\x0f\0\0\0\xbf\x04\0\0\0\0\0\0\x6f\x74\0\0\0\0\0\0\x57\
\x08\0\0\x0f\0\0\0\x57\0\0\0\xff\xff\0\0\x7f\x80\0\0\0\0\0\0\x4f\x04\0\0\0\0\0\
\0\x1f\x41\0\0\0\0\0\0\x07\x04\0\0\x85\xb6\xff\xff\xbf\x40\0\0\0\0\0\0\xaf\x50\
\0\0\0\0\0\0\xbf\x47\0\0\0\0\0\0\x57\x07\0\0\x0f\0\0\0\xbf\x05\0\0\0\0\0\0\x6f\
\x75\0\0\0\0\0\0\x57\x01\0\0\x0f\0\0\0\x57\0\0\0\xff\xff\0\0\x7f\x10\0\0\0\0\0\
\0\x4f\x05\0\0\0\0\0\0\x1f\x52\0\0\0\0\0\0\x07\x05\0\0\x0b\x27\0\0\xbf\x51\0\0\
\0\0\0\0\xaf\x41\0\0\0\0\0\0\xbf\x54\0\0\0\0\0\0\x57\x04\0\0\x0f\0\0\0\xbf\x10\
\0\0\0\0\0\0\x6f\x40\0\0\0\0\0\0\x57\x02\0\0\x0f\0\0\0\x57\x01\0\0\xff\xff\0\0\
\x7f\x21\0\0\0\0\0\0\x4f\x10\0\0\0\0\0\0\x1f\x03\0\0\0\0\0\0\x07\0\0\0\x7f\x26\
\0\0\xbf\x01\0\0\0\0\0\0\xaf\x51\0\0\0\0\0\0\xbf\x02\0\0\0\0\0\0\x57\x02\0\0\
\x0f\0\0\0\xbf\x14\0\0\0\0\0\0\x6f\x24\0\0\0\0\0\0\x57\x03\0\0\x0f\0\0\0\x57\
\x01\0\0\xff\xff\0\0\x7f\x31\0\0\0\0\0\0\x4f\x14\0\0\0\0\0\0\x07\x04\0\0\x4d\
\x57\0\0\x57\x04\0\0\xff\xff\0\0\x67\0\0\0\x10\0\0\0\x4f\x40\0\0\0\0\0\0\xbf\
\x09\0\0\0\0\0\0\xbf\x01\0\0\0\0\0\0\xdc\x01\0\0\x20\0\0\0\x79\xa2\xc0\xff\0\0\
\0\0\x63\x12\x08\0\0\0\0\0\x61\x61\0\0\0\0\0\0\x7b\x1a\xc0\xff\0\0\0\0\x79\xa1\
\xb0\xff\0\0\0\0\x67\x01\0\0\x20\0\0\0\x77\x01\0\0\x20\0\0\0\xb7\x02\0\0\x04\0\
\0\0\x2d\x12\x23\x03\0\0\0\0\x79\xa2\xc0\xff\0\0\0\0\x79\xa1\xb0\xff\0\0\0\0\
\x0f\x12\0\0\0\0\0\0\xbf\x61\0\0\0\0\0\0\xb7\x03\0\0\0\0\0\0\x85\0\0\0\x26\0\0\
\0\x15\0\x04\0\0\0\0\0\x18\x01\0\0\xef\0\0\0\0\0\0\0\0\0\0\0\xb7\x02\0\0\x29\0\
\0\0\x05\0\xb8\xfc\0\0\0\0\x61\x62\x50\0\0\0\0\0\x61\x61\x4c\0\0\0\0\0\xbf\x13\
\0\0\0\0\0\0\x07\x03\0\0\x14\0\0\0\x3d\x32\x04\0\0\0\0\0\x18\x01\0\0\x18\x01\0\
\0\0\0\0\0\0\0\0\0\xb7\x02\0\0\x15\0\0\0\x05\0\xaf\xfc\0\0\0\0\x71\x14\0\0\0\0\
\0\0\x67\x04\0\0\x02\0\0\0\x57\x04\0\0\x3c\0\0\0\xbf\x13\0\0\0\0\0\0\x0f\x43\0\
\0\0\0\0\0\x3d\x32\x04\0\0\0\0\0\x18\x01\0\0\x2d\x01\0\0\0\0\0\0\0\0\0\0\xb7\
\x02\0\0\x18\0\0\0\x05\0\xa5\xfc\0\0\0\0\xbf\x34\0\0\0\0\0\0\x07\x04\0\0\x14\0\
\0\0\x3d\x42\x04\0\0\0\0\0\x18\x01\0\0\x45\x01\0\0\0\0\0\0\0\0\0\0\xb7\x02\0\0\
\x17\0\0\0\x05\0\x9e\xfc\0\0\0\0\x69\x34\x0c\0\0\0\0\0\x77\x04\0\0\x02\0\0\0\
\x57\x04\0\0\x3c\0\0\0\x0f\x43\0\0\0\0\0\0\x3d\x32\x04\0\0\0\0\0\x18\x01\0\0\
\x5c\x01\0\0\0\0\0\0\0\0\0\0\xb7\x02\0\0\x17\0\0\0\x05\0\x95\xfc\0\0\0\0\x79\
\xa2\xd0\xff\0\0\0\0\x79\xa3\xb0\xff\0\0\0\0\x0f\x32\0\0\0\0\0\0\x7b\x2a\xb0\
\xff\0\0\0\0\xdc\x02\0\0\x10\0\0\0\xbf\x28\0\0\0\0\0\0\x6b\x21\x02\0\0\0\0\0\
\xb7\x01\0\0\0\0\0\0\x63\x1a\xf0\xff\0\0\0\0\xbf\xa2\0\0\0\0\0\0\x07\x02\0\0\
\xf0\xff\xff\xff\x18\x01\0\0\0\0\0\0\0\0\0\0\0\0\0\0\x85\0\0\0\x01\0\0\0\x55\0\
\x04\0\0\0\0\0\x18\x01\0\0\x73\x01\0\0\0\0\0\0\0\0\0\0\xb7\x02\0\0\x10\0\0\0\
\x05\0\x82\xfc\0\0\0\0\x79\xa1\xa8\xff\0\0\0\0\x61\x17\0\0\0\0\0\0\xb7\x01\0\0\
\x8c\x05\0\0\x2d\x71\x01\0\0\0\0\0\xb7\x07\0\0\x8c\x05\0\0\xb7\x01\0\0\x05\0\0\
\0\x2d\x71\x0c\0\0\0\0\0\xbf\x74\0\0\0\0\0\0\x07\x04\0\0\xfc\xff\xff\xff\xbf\
\x61\0\0\0\0\0\0\x79\xa2\xc0\xff\0\0\0\0\xbf\x03\0\0\0\0\0\0\xb7\x05\0\0\0\0\0\
\0\x85\0\0\0\x09\0\0\0\x15\0\x04\0\0\0\0\0\x18\x01\0\0\x83\x01\0\0\0\0\0\0\0\0\
\0\0\xb7\x02\0\0\x1c\0\0\0\x05\0\x6f\xfc\0\0\0\0\xb7\x02\0\0\x74\x13\0\0\x1f\
\x72\0\0\0\0\0\0\x07\x07\0\0\x8c\xec\xff\xff\xbf\x73\0\0\0\0\0\0\x57\x03\0\0\
\x0f\0\0\0\xbf\x74\0\0\0\0\0\0\xa7\x04\0\0\x62\x83\xff\xff\xbf\x41\0\0\0\0\0\0\
\x6f\x31\0\0\0\0\0\0\x57\x02\0\0\x0f\0\0\0\x57\x04\0\0\xff\xff\0\0\x7f\x24\0\0\
\0\0\0\0\x4f\x41\0\0\0\0\0\0\xb7\x03\0\0\x13\xc8\xff\xff\x1f\x13\0\0\0\0\0\0\
\x07\x01\0\0\xed\x37\0\0\xbf\x14\0\0\0\0\0\0\xaf\x74\0\0\0\0\0\0\xbf\x15\0\0\0\
\0\0\0\x57\x05\0\0\x0f\0\0\0\xbf\x42\0\0\0\0\0\0\x6f\x52\0\0\0\0\0\0\x57\x03\0\
\0\x0f\0\0\0\x57\x04\0\0\xff\xff\0\0\x7f\x34\0\0\0\0\0\0\x4f\x42\0\0\0\0\0\0\
\xb7\x03\0\0\xdc\x90\xff\xff\x1f\x23\0\0\0\0\0\0\x07\x02\0\0\x24\x6f\0\0\xbf\
\x24\0\0\0\0\0\0\xaf\x14\0\0\0\0\0\0\xbf\x25\0\0\0\0\0\0\x57\x05\0\0\x0f\0\0\0\
\xbf\x41\0\0\0\0\0\0\x6f\x51\0\0\0\0\0\0\x57\x03\0\0\x0f\0\0\0\x57\x04\0\0\xff\
\xff\0\0\x7f\x34\0\0\0\0\0\0\x4f\x41\0\0\0\0\0\0\xb7\x03\0\0\x59\xcc\xff\xff\
\x1f\x13\0\0\0\0\0\0\x07\x01\0\0\xa7\x33\0\0\xbf\x14\0\0\0\0\0\0\xaf\x24\0\0\0\
\0\0\0\xbf\x15\0\0\0\0\0\0\x57\x05\0\0\x0f\0\0\0\xbf\x42\0\0\0\0\0\0\x6f\x52\0\
\0\0\0\0\0\x57\x03\0\0\x0f\0\0\0\x57\x04\0\0\xff\xff\0\0\x7f\x34\0\0\0\0\0\0\
\x4f\x42\0\0\0\0\0\0\xb7\x03\0\0\x99\x1f\0\0\x1f\x23\0\0\0\0\0\0\x07\x02\0\0\
\x67\xe0\xff\xff\xbf\x24\0\0\0\0\0\0\xaf\x14\0\0\0\0\0\0\xbf\x25\0\0\0\0\0\0\
\x57\x05\0\0\x0f\0\0\0\xbf\x41\0\0\0\0\0\0\x6f\x51\0\0\0\0\0\0\x57\x03\0\0\x0f\
\0\0\0\x57\x04\0\0\xff\xff\0\0\x7f\x34\0\0\0\0\0\0\x4f\x41\0\0\0\0\0\0\xb7\x03\
\0\0\x74\xc8\xff\xff\x1f\x13\0\0\0\0\0\0\x07\x01\0\0\x8c\x37\0\0\xbf\x14\0\0\0\
\0\0\0\xaf\x24\0\0\0\0\0\0\xbf\x15\0\0\0\0\0\0\x57\x05\0\0\x0f\0\0\0\xbf\x42\0\
\0\0\0\0\0\x6f\x52\0\0\0\0\0\0\x57\x03\0\0\x0f\0\0\0\x57\x04\0\0\xff\xff\0\0\
\x7f\x34\0\0\0\0\0\0\x4f\x42\0\0\0\0\0\0\xb7\x03\0\0\x4d\x59\0\0\x1f\x23\0\0\0\
\0\0\0\x07\x02\0\0\xb3\xa6\xff\xff\xbf\x24\0\0\0\0\0\0\xaf\x14\0\0\0\0\0\0\xbf\
\x25\0\0\0\0\0\0\x57\x05\0\0\x0f\0\0\0\xbf\x41\0\0\0\0\0\0\x6f\x51\0\0\0\0\0\0\
\x57\x03\0\0\x0f\0\0\0\x57\x04\0\0\xff\xff\0\0\x7f\x34\0\0\0\0\0\0\x4f\x41\0\0\
\0\0\0\0\xb7\x03\0\0\x95\x92\xff\xff\x1f\x13\0\0\0\0\0\0\x07\x01\0\0\x6b\x6d\0\
\0\xbf\x14\0\0\0\0\0\0\xaf\x24\0\0\0\0\0\0\xbf\x15\0\0\0\0\0\0\x57\x05\0\0\x0f\
\0\0\0\xbf\x42\0\0\0\0\0\0\x6f\x52\0\0\0\0\0\0\x57\x03\0\0\x0f\0\0\0\x57\x04\0\
\0\xff\xff\0\0\x7f\x34\0\0\0\0\0\0\x4f\x42\0\0\0\0\0\0\xb7\x03\0\0\xa2\x02\0\0\
\x1f\x23\0\0\0\0\0\0\x07\x02\0\0\x5e\xfd\xff\xff\xbf\x24\0\0\0\0\0\0\xaf\x14\0\
\0\0\0\0\0\xbf\x25\0\0\0\0\0\0\x57\x05\0\0\x0f\0\0\0\xbf\x41\0\0\0\0\0\0\x6f\
\x51\0\0\0\0\0\0\x57\x03\0\0\x0f\0\0\0\x57\x04\0\0\xff\xff\0\0\x7f\x34\0\0\0\0\
\0\0\x4f\x41\0\0\0\0\0\0\xb7\x03\0\0\x92\xe7\xff\xff\x1f\x13\0\0\0\0\0\0\x07\
\x01\0\0\x6e\x18\0\0\xbf\x14\0\0\0\0\0\0\xaf\x24\0\0\0\0\0\0\xbf\x15\0\0\0\0\0\
\0\x57\x05\0\0\x0f\0\0\0\xbf\x42\0\0\0\0\0\0\x6f\x52\0\0\0\0\0\0\x57\x03\0\0\
\x0f\0\0\0\x57\x04\0\0\xff\xff\0\0\x7f\x34\0\0\0\0\0\0\x4f\x42\0\0\0\0\0\0\xb7\
\x03\0\0\x6c\x4b\0\0\x1f\x23\0\0\0\0\0\0\x07\x02\0\0\x94\xb4\xff\xff\xbf\x24\0\
\0\0\0\0\0\xaf\x14\0\0\0\0\0\0\xbf\x25\0\0\0\0\0\0\x57\x05\0\0\x0f\0\0\0\xbf\
\x41\0\0\0\0\0\0\x6f\x51\0\0\0\0\0\0\x57\x03\0\0\x0f\0\0\0\x57\x04\0\0\xff\xff\
\0\0\x7f\x34\0\0\0\0\0\0\x4f\x41\0\0\0\0\0\0\xb7\x03\0\0\xad\xb4\xff\xff\x1f\
\x13\0\0\0\0\0\0\x07\x01\0\0\x53\x4b\0\0\xbf\x14\0\0\0\0\0\0\xaf\x24\0\0\0\0\0\
\0\xbf\x15\0\0\0\0\0\0\x57\x05\0\0\x0f\0\0\0\xbf\x42\0\0\0\0\0\0\x6f\x52\0\0\0\
\0\0\0\x57\x03\0\0\x0f\0\0\0\x57\x04\0\0\xff\xff\0\0\x7f\x34\0\0\0\0\0\0\x4f\
\x42\0\0\0\0\0\0\xb7\x03\0\0\xb0\xfa\xff\xff\x1f\x23\0\0\0\0\0\0\x07\x02\0\0\
\x50\x05\0\0\xbf\x24\0\0\0\0\0\0\xaf\x14\0\0\0\0\0\0\xbf\x25\0\0\0\0\0\0\x57\
\x05\0\0\x0f\0\0\0\xbf\x41\0\0\0\0\0\0\x6f\x51\0\0\0\0\0\0\x57\x03\0\0\x0f\0\0\
\0\x57\x04\0\0\xff\xff\0\0\x7f\x34\0\0\0\0\0\0\x4f\x41\0\0\0\0\0\0\xb7\x03\0\0\
\x41\x10\0\0\x1f\x13\0\0\0\0\0\0\x07\x01\0\0\xbf\xef\xff\xff\xbf\x14\0\0\0\0\0\
\0\xaf\x24\0\0\0\0\0\0\xbf\x15\0\0\0\0\0\0\x57\x05\0\0\x0f\0\0\0\xbf\x42\0\0\0\
\0\0\0\x6f\x52\0\0\0\0\0\0\x57\x03\0\0\x0f\0\0\0\x57\x04\0\0\xff\xff\0\0\x7f\
\x34\0\0\0\0\0\0\x4f\x42\0\0\0\0\0\0\xb7\x03\0\0\xa6\x67\0\0\x1f\x23\0\0\0\0\0\
\0\x07\x02\0\0\x5a\x98\xff\xff\xbf\x24\0\0\0\0\0\0\xaf\x14\0\0\0\0\0\0\xbf\x25\
\0\0\0\0\0\0\x57\x05\0\0\x0f\0\0\0\xbf\x41\0\0\0\0\0\0\x6f\x51\0\0\0\0\0\0\x57\
\x03\0\0\x0f\0\0\0\x57\x04\0\0\xff\xff\0\0\x7f\x34\0\0\0\0\0\0\x4f\x41\0\0\0\0\
\0\0\xb7\x03\0\0\xb6\x9d\xff\xff\x1f\x13\0\0\0\0\0\0\x07\x01\0\0\x4a\x62\0\0\
\xbf\x14\0\0\0\0\0\0\xaf\x24\0\0\0\0\0\0\xbf\x15\0\0\0\0\0\0\x57\x05\0\0\x0f\0\
\0\0\xbf\x42\0\0\0\0\0\0\x6f\x52\0\0\0\0\0\0\x57\x03\0\0\x0f\0\0\0\x57\x04\0\0\
\xff\xff\0\0\x7f\x34\0\0\0\0\0\0\x4f\x42\0\0\0\0\0\0\xb7\x03\0\0\xd2\x03\0\0\
\x1f\x23\0\0\0\0\0\0\x07\x02\0\0\x2e\xfc\xff\xff\xbf\x24\0\0\0\0\0\0\xaf\x14\0\
\0\0\0\0\0\xbf\x25\0\0\0\0\0\0\x57\x05\0\0\x0f\0\0\0\xbf\x41\0\0\0\0\0\0\x6f\
\x51\0\0\0\0\0\0\x57\x03\0\0\x0f\0\0\0\x57\x04\0\0\xff\xff\0\0\x7f\x34\0\0\0\0\
\0\0\x4f\x41\0\0\0\0\0\0\xb7\x03\0\0\x97\x5e\0\0\x1f\x13\0\0\0\0\0\0\x07\x01\0\
\0\x69\xa1\xff\xff\xbf\x14\0\0\0\0\0\0\xaf\x24\0\0\0\0\0\0\xbf\x15\0\0\0\0\0\0\
\x57\x05\0\0\x0f\0\0\0\xbf\x42\0\0\0\0\0\0\x6f\x52\0\0\0\0\0\0\x57\x03\0\0\x0f\
\0\0\0\x57\x04\0\0\xff\xff\0\0\x7f\x34\0\0\0\0\0\0\x4f\x42\0\0\0\0\0\0\xb7\x03\
\0\0\xb4\xe7\xff\xff\x1f\x23\0\0\0\0\0\0\x07\x02\0\0\x4c\x18\0\0\xbf\x24\0\0\0\
\0\0\0\xaf\x14\0\0\0\0\0\0\xbf\x25\0\0\0\0\0\0\x57\x05\0\0\x0f\0\0\0\xbf\x41\0\
\0\0\0\0\0\x6f\x51\0\0\0\0\0\0\x57\x03\0\0\x0f\0\0\0\x57\x04\0\0\xff\xff\0\0\
\x7f\x34\0\0\0\0\0\0\x4f\x41\0\0\0\0\0\0\xb7\x03\0\0\x6d\x1e\0\0\x1f\x13\0\0\0\
\0\0\0\x07\x01\0\0\x93\xe1\xff\xff\xbf\x14\0\0\0\0\0\0\xaf\x24\0\0\0\0\0\0\xbf\
\x15\0\0\0\0\0\0\x57\x05\0\0\x0f\0\0\0\xbf\x42\0\0\0\0\0\0\x6f\x52\0\0\0\0\0\0\
\x57\x03\0\0\x0f\0\0\0\x57\x04\0\0\xff\xff\0\0\x7f\x34\0\0\0\0\0\0\x4f\x42\0\0\
\0\0\0\0\xb7\x04\0\0\x15\x62\0\0\x1f\x24\0\0\0\0\0\0\x07\x02\0\0\xeb\x9d\xff\
\xff\xbf\x25\0\0\0\0\0\0\xaf\x15\0\0\0\0\0\0\xbf\x21\0\0\0\0\0\0\x57\x01\0\0\
\x0f\0\0\0\xbf\x53\0\0\0\0\0\0\x6f\x13\0\0\0\0\0\0\x57\x04\0\0\x0f\0\0\0\x57\
\x05\0\0\xff\xff\0\0\x7f\x45\0\0\0\0\0\0\x4f\x53\0\0\0\0\0\0\xb7\x04\0\0\x7b\
\x49\0\0\x1f\x34\0\0\0\0\0\0\x07\x03\0\0\x85\xb6\xff\xff\xbf\x35\0\0\0\0\0\0\
\xaf\x25\0\0\0\0\0\0\xbf\x32\0\0\0\0\0\0\x57\x02\0\0\x0f\0\0\0\xbf\x51\0\0\0\0\
\0\0\x6f\x21\0\0\0\0\0\0\x57\x04\0\0\x0f\0\0\0\x57\x05\0\0\xff\xff\0\0\x7f\x45\
\0\0\0\0\0\0\x4f\x51\0\0\0\0\0\0\xb7\x04\0\0\xf5\xd8\xff\xff\x1f\x14\0\0\0\0\0\
\0\x07\x01\0\0\x0b\x27\0\0\xbf\x15\0\0\0\0\0\0\xaf\x35\0\0\0\0\0\0\xbf\x13\0\0\
\0\0\0\0\x57\x03\0\0\x0f\0\0\0\xbf\x52\0\0\0\0\0\0\x6f\x32\0\0\0\0\0\0\x57\x04\
\0\0\x0f\0\0\0\x57\x05\0\0\xff\xff\0\0\x7f\x45\0\0\0\0\0\0\x4f\x52\0\0\0\0\0\0\
\xb7\x03\0\0\x81\xd9\xff\xff\x1f\x23\0\0\0\0\0\0\x07\x02\0\0\x7f\x26\0\0\xbf\
\x24\0\0\0\0\0\0\xdc\x04\0\0\x10\0\0\0\x6b\x4a\xe8\xff\0\0\0\0\xbf\x24\0\0\0\0\
\0\0\xaf\x14\0\0\0\0\0\0\x57\x02\0\0\x0f\0\0\0\xbf\x41\0\0\0\0\0\0\x6f\x21\0\0\
\0\0\0\0\x57\x03\0\0\x0f\0\0\0\x57\x04\0\0\xff\xff\0\0\x7f\x34\0\0\0\0\0\0\x4f\
\x41\0\0\0\0\0\0\x07\x01\0\0\x4d\x57\0\0\xdc\x01\0\0\x10\0\0\0\x6b\x1a\xea\xff\
\0\0\0\0\x61\x62\0\0\0\0\0\0\x25\x02\x04\0\x03\0\0\0\x18\x01\0\0\x9f\x01\0\0\0\
\0\0\0\0\0\0\0\xb7\x02\0\0\x19\0\0\0\x05\0\x2c\xfb\0\0\0\0\x07\x02\0\0\xfc\xff\
\xff\xff\xbf\xa3\0\0\0\0\0\0\x07\x03\0\0\xe8\xff\xff\xff\xbf\x61\0\0\0\0\0\0\
\xb7\x04\0\0\x04\0\0\0\xb7\x05\0\0\0\0\0\0\x85\0\0\0\x09\0\0\0\x15\0\x04\0\0\0\
\0\0\x18\x01\0\0\xb8\x01\0\0\0\0\0\0\0\0\0\0\xb7\x02\0\0\x1e\0\0\0\x05\0\x20\
\xfb\0\0\0\0\x61\x61\x50\0\0\0\0\0\x61\x62\x4c\0\0\0\0\0\xbf\x23\0\0\0\0\0\0\
\x07\x03\0\0\x14\0\0\0\x3d\x31\x04\0\0\0\0\0\x18\x01\0\0\xd6\x01\0\0\0\0\0\0\0\
\0\0\0\xb7\x02\0\0\x15\0\0\0\x05\0\x17\xfb\0\0\0\0\x71\x23\0\0\0\0\0\0\x67\x03\
\0\0\x02\0\0\0\x57\x03\0\0\x3c\0\0\0\x7b\x3a\xb8\xff\0\0\0\0\x0f\x32\0\0\0\0\0\
\0\x3d\x21\x04\0\0\0\0\0\x18\x01\0\0\xeb\x01\0\0\0\0\0\0\0\0\0\0\xb7\x02\0\0\
\x18\0\0\0\x05\0\x0d\xfb\0\0\0\0\xbf\x23\0\0\0\0\0\0\x07\x03\0\0\x14\0\0\0\x3d\
\x31\x04\0\0\0\0\0\x18\x01\0\0\x03\x02\0\0\0\0\0\0\0\0\0\0\xb7\x02\0\0\x17\0\0\
\0\x05\0\x06\xfb\0\0\0\0\x69\x23\x0c\0\0\0\0\0\x77\x03\0\0\x02\0\0\0\x57\x03\0\
\0\x3c\0\0\0\x0f\x32\0\0\0\0\0\0\x3d\x21\x04\0\0\0\0\0\x18\x01\0\0\x1a\x02\0\0\
\0\0\0\0\0\0\0\0\xb7\x02\0\0\x17\0\0\0\x05\0\xfd\xfa\0\0\0\0\xb7\x01\0\0\0\0\0\
\0\x63\x1a\xe4\xff\0\0\0\0\xbf\xa2\0\0\0\0\0\0\x07\x02\0\0\xe4\xff\xff\xff\x18\
\x01\0\0\0\0\0\0\0\0\0\0\0\0\0\0\x85\0\0\0\x01\0\0\0\x7b\x0a\x80\xff\0\0\0\0\
\x55\0\x04\0\0\0\0\0\x18\x01\0\0\x31\x02\0\0\0\0\0\0\0\0\0\0\xb7\x02\0\0\x10\0\
\0\0\x05\0\xf0\xfa\0\0\0\0\x79\xa1\xa8\xff\0\0\0\0\x61\x12\0\0\0\0\0\0\xb7\x01\
\0\0\x8c\x05\0\0\xbf\x27\0\0\0\0\0\0\x2d\x21\x01\0\0\0\0\0\xb7\x07\0\0\x8c\x05\
\0\0\x15\x07\xea\xfa\0\0\0\0\x79\xa1\xd0\xff\0\0\0\0\x57\x01\0\0\x01\0\0\0\x15\
\x01\x14\0\0\0\0\0\xb7\x01\0\0\0\0\0\0\x73\x1a\xe3\xff\0\0\0\0\x79\xa2\xc0\xff\
\0\0\0\0\x07\x02\0\0\xff\xff\xff\xff\xbf\xa3\0\0\0\0\0\0\x07\x03\0\0\xe3\xff\
\xff\xff\xbf\x61\0\0\0\0\0\0\xb7\x04\0\0\x01\0\0\0\x85\0\0\0\x1a\0\0\0\x55\0\
\xdd\xfa\0\0\0\0\xbf\x61\0\0\0\0\0\0\x79\xa2\xc0\xff\0\0\0\0\x79\xa3\x80\xff\0\
\0\0\0\xbf\x74\0\0\0\0\0\0\x85\0\0\0\x1a\0\0\0\x15\0\x7d\0\0\0\0\0\x18\x01\0\0\
\x41\x02\0\0\0\0\0\0\0\0\0\0\xb7\x02\0\0\x1e\0\0\0\x05\0\xd2\xfa\0\0\0\0\xbf\
\x61\0\0\0\0\0\0\x79\xa2\xc0\xff\0\0\0\0\x79\xa3\x80\xff\0\0\0\0\xbf\x74\0\0\0\
\0\0\0\x85\0\0\0\x1a\0\0\0\x15\0\x04\0\0\0\0\0\x18\x01\0\0\x73\x02\0\0\0\0\0\0\
\0\0\0\0\xb7\x02\0\0\x1e\0\0\0\x05\0\xc8\xfa\0\0\0\0\xbf\x71\0\0\0\0\0\0\xbf\
\x12\0\0\0\0\0\0\x57\x02\0\0\xfc\x07\0\0\x7b\x2a\x78\xff\0\0\0\0\x67\x01\0\0\
\x20\0\0\0\x77\x01\0\0\x20\0\0\0\xb7\x04\0\0\xf4\x01\0\0\x25\x01\x01\0\xf4\x01\
\0\0\x79\xa4\x78\xff\0\0\0\0\xb7\x01\0\0\0\0\0\0\x7b\x1a\xa8\xff\0\0\0\0\xb7\
\x01\0\0\0\0\0\0\x7b\x1a\xc0\xff\0\0\0\0\x15\x04\x08\0\0\0\0\0\xb7\x01\0\0\0\0\
\0\0\xb7\x02\0\0\0\0\0\0\x79\xa3\x80\xff\0\0\0\0\xb7\x05\0\0\0\0\0\0\x85\0\0\0\
\x1c\0\0\0\x7b\x0a\xc0\xff\0\0\0\0\xb7\x01\0\0\0\0\0\0\x6d\x01\x55\0\0\0\0\0\
\xbf\x73\0\0\0\0\0\0\x67\x03\0\0\x20\0\0\0\x77\x03\0\0\x20\0\0\0\xbf\x31\0\0\0\
\0\0\0\x07\x01\0\0\x0c\xfe\xff\xff\xb7\x02\0\0\x01\0\0\0\x2d\x31\x01\0\0\0\0\0\
\xb7\x02\0\0\0\0\0\0\x55\x02\x01\0\0\0\0\0\x7b\x1a\xa8\xff\0\0\0\0\xb7\x01\0\0\
\xf4\x01\0\0\x79\xa2\xa8\xff\0\0\0\0\x2d\x21\x02\0\0\0\0\0\xb7\x01\0\0\xf4\x01\
\0\0\x7b\x1a\xa8\xff\0\0\0\0\x18\x01\0\0\xfc\xff\xff\xff\0\0\0\0\0\0\0\0\x79\
\xa2\xa8\xff\0\0\0\0\x5f\x12\0\0\0\0\0\0\xbf\x24\0\0\0\0\0\0\x15\x02\x09\0\0\0\
\0\0\x79\xa3\x80\xff\0\0\0\0\x07\x03\0\0\xf4\x01\0\0\xb7\x01\0\0\0\0\0\0\xb7\
\x02\0\0\0\0\0\0\x79\xa5\xc0\xff\0\0\0\0\x85\0\0\0\x1c\0\0\0\x7b\x0a\xc0\xff\0\
\0\0\0\xb7\x01\0\0\0\0\0\0\x6d\x01\x37\0\0\0\0\0\xbf\x73\0\0\0\0\0\0\x67\x03\0\
\0\x20\0\0\0\x77\x03\0\0\x20\0\0\0\xbf\x31\0\0\0\0\0\0\x07\x01\0\0\x18\xfc\xff\
\xff\xb7\x04\0\0\0\0\0\0\xb7\x02\0\0\x01\0\0\0\x2d\x31\x01\0\0\0\0\0\xb7\x02\0\
\0\0\0\0\0\x55\x02\x01\0\0\0\0\0\xbf\x14\0\0\0\0\0\0\x57\x04\0\0\xfc\x07\0\0\
\x15\x04\x09\0\0\0\0\0\x79\xa3\x80\xff\0\0\0\0\x07\x03\0\0\xe8\x03\0\0\xb7\x01\
\0\0\0\0\0\0\xb7\x02\0\0\0\0\0\0\x79\xa5\xc0\xff\0\0\0\0\x85\0\0\0\x1c\0\0\0\
\x7b\x0a\xc0\xff\0\0\0\0\xb7\x01\0\0\0\0\0\0\x6d\x01\x21\0\0\0\0\0\x57\x07\0\0\
\x03\0\0\0\xbf\x73\0\0\0\0\0\0\x15\x07\xae\0\0\0\0\0\xb7\x01\0\0\0\0\0\0\x63\
\x1a\xfc\xff\0\0\0\0\x79\xa1\x80\xff\0\0\0\0\x79\xa2\x78\xff\0\0\0\0\x0f\x21\0\
\0\0\0\0\0\x71\x11\0\0\0\0\0\0\x73\x1a\xfc\xff\0\0\0\0\x15\x03\x0d\0\x01\0\0\0\
\x79\xa1\x78\xff\0\0\0\0\x47\x01\0\0\x01\0\0\0\x79\xa2\x80\xff\0\0\0\0\x0f\x12\
\0\0\0\0\0\0\x71\x21\0\0\0\0\0\0\x73\x1a\xfd\xff\0\0\0\0\x55\x03\x06\0\x03\0\0\
\0\x79\xa2\x78\xff\0\0\0\0\x47\x02\0\0\x02\0\0\0\x79\xa1\x80\xff\0\0\0\0\x0f\
\x21\0\0\0\0\0\0\x71\x11\0\0\0\0\0\0\x73\x1a\xfe\xff\0\0\0\0\xbf\xa3\0\0\0\0\0\
\0\x07\x03\0\0\xfc\xff\xff\xff\xb7\x01\0\0\0\0\0\0\xb7\x02\0\0\0\0\0\0\xb7\x04\
\0\0\x04\0\0\0\x79\xa5\xc0\xff\0\0\0\0\x85\0\0\0\x1c\0\0\0\x7b\x0a\xc0\xff\0\0\
\0\0\x65\0\x90\0\xff\xff\xff\xff\x18\x01\0\0\x91\x02\0\0\0\0\0\0\0\0\0\0\xb7\
\x02\0\0\x14\0\0\0\x05\0\x59\xfa\0\0\0\0\x79\xa1\x80\xff\0\0\0\0\x71\x11\0\0\0\
\0\0\0\x71\xa2\xe3\xff\0\0\0\0\x63\x2a\xdc\xff\0\0\0\0\x67\x02\0\0\x18\0\0\0\
\x67\x01\0\0\x10\0\0\0\x4f\x12\0\0\0\0\0\0\xdc\x02\0\0\x20\0\0\0\x63\x2a\xd8\
\xff\0\0\0\0\xbf\xa1\0\0\0\0\0\0\x07\x01\0\0\xdc\xff\xff\xff\xbf\xa3\0\0\0\0\0\
\0\x07\x03\0\0\xd8\xff\xff\xff\xb7\x02\0\0\x04\0\0\0\xb7\x04\0\0\x04\0\0\0\xb7\
\x05\0\0\0\0\0\0\x85\0\0\0\x1c\0\0\0\xb7\x01\0\0\0\0\0\0\x6d\x01\x92\0\0\0\0\0\
\x07\x07\0\0\xff\xff\xff\xff\xbf\x71\0\0\0\0\0\0\x67\x01\0\0\x20\0\0\0\x77\x01\
\0\0\x20\0\0\0\x7b\x7a\xa8\xff\0\0\0\0\x57\x07\0\0\xfc\xff\xff\xff\x7b\x7a\x78\
\xff\0\0\0\0\xb7\x04\0\0\xf4\x01\0\0\x25\x01\x01\0\xf4\x01\0\0\x79\xa4\x78\xff\
\0\0\0\0\x79\xa7\x80\xff\0\0\0\0\x07\x07\0\0\x01\0\0\0\xbf\x01\0\0\0\0\0\0\x67\
\x01\0\0\x20\0\0\0\x77\x01\0\0\x20\0\0\0\x7b\x1a\xc0\xff\0\0\0\0\x18\x01\0\0\
\xfc\xff\xff\xff\0\0\0\0\0\0\0\0\xbf\x42\0\0\0\0\0\0\x5f\x12\0\0\0\0\0\0\x15\
\x02\x08\0\0\0\0\0\xb7\x01\0\0\0\0\0\0\xb7\x02\0\0\0\0\0\0\xbf\x73\0\0\0\0\0\0\
\xbf\x05\0\0\0\0\0\0\x85\0\0\0\x1c\0\0\0\x7b\x0a\xc0\xff\0\0\0\0\xb7\x01\0\0\0\
\0\0\0\x6d\x01\x59\0\0\0\0\0\x79\xa3\xa8\xff\0\0\0\0\x67\x03\0\0\x20\0\0\0\x77\
\x03\0\0\x20\0\0\0\xbf\x31\0\0\0\0\0\0\x07\x01\0\0\x0c\xfe\xff\xff\xb7\x04\0\0\
\0\0\0\0\xb7\x02\0\0\x01\0\0\0\x2d\x31\x01\0\0\0\0\0\xb7\x02\0\0\0\0\0\0\x55\
\x02\x01\0\0\0\0\0\xbf\x14\0\0\0\0\0\0\xb7\x01\0\0\xf4\x01\0\0\x2d\x41\x01\0\0\
\0\0\0\xb7\x04\0\0\xf4\x01\0\0\x18\x01\0\0\xfc\xff\xff\xff\0\0\0\0\0\0\0\0\x5f\
\x14\0\0\0\0\0\0\x15\x04\x09\0\0\0\0\0\x79\xa3\x80\xff\0\0\0\0\x07\x03\0\0\xf5\
\x01\0\0\xb7\x01\0\0\0\0\0\0\xb7\x02\0\0\0\0\0\0\x79\xa5\xc0\xff\0\0\0\0\x85\0\
\0\0\x1c\0\0\0\x7b\x0a\xc0\xff\0\0\0\0\xb7\x01\0\0\0\0\0\0\x6d\x01\x3e\0\0\0\0\
\0\x79\xa3\xa8\xff\0\0\0\0\x67\x03\0\0\x20\0\0\0\x77\x03\0\0\x20\0\0\0\xbf\x31\
\0\0\0\0\0\0\x07\x01\0\0\x18\xfc\xff\xff\xb7\x04\0\0\0\0\0\0\xb7\x02\0\0\x01\0\
\0\0\x2d\x31\x01\0\0\0\0\0\xb7\x02\0\0\0\0\0\0\x55\x02\x01\0\0\0\0\0\xbf\x14\0\
\0\0\0\0\0\x18\x01\0\0\xfc\xff\xff\xff\0\0\0\0\0\0\0\0\x5f\x14\0\0\0\0\0\0\x15\
\x04\x09\0\0\0\0\0\x79\xa3\x80\xff\0\0\0\0\x07\x03\0\0\xe9\x03\0\0\xb7\x01\0\0\
\0\0\0\0\xb7\x02\0\0\0\0\0\0\x79\xa5\xc0\xff\0\0\0\0\x85\0\0\0\x1c\0\0\0\x7b\
\x0a\xc0\xff\0\0\0\0\xb7\x01\0\0\0\0\0\0\x6d\x01\x26\0\0\0\0\0\x79\xa1\xa8\xff\
\0\0\0\0\x57\x01\0\0\x03\0\0\0\xbf\x13\0\0\0\0\0\0\x15\x01\x22\0\0\0\0\0\xb7\
\x01\0\0\0\0\0\0\x63\x1a\xfc\xff\0\0\0\0\x79\xa1\x78\xff\0\0\0\0\x67\x01\0\0\
\x20\0\0\0\x77\x01\0\0\x20\0\0\0\xbf\x72\0\0\0\0\0\0\x0f\x12\0\0\0\0\0\0\x71\
\x21\0\0\0\0\0\0\x73\x1a\xfc\xff\0\0\0\0\x15\x03\x10\0\x01\0\0\0\x79\xa1\x78\
\xff\0\0\0\0\x47\x01\0\0\x01\0\0\0\x67\x01\0\0\x20\0\0\0\x77\x01\0\0\x20\0\0\0\
\xbf\x72\0\0\0\0\0\0\x0f\x12\0\0\0\0\0\0\x71\x21\0\0\0\0\0\0\x73\x1a\xfd\xff\0\
\0\0\0\x55\x03\x07\0\x03\0\0\0\x79\xa1\x78\xff\0\0\0\0\x47\x01\0\0\x02\0\0\0\
\x67\x01\0\0\x20\0\0\0\x77\x01\0\0\x20\0\0\0\x0f\x17\0\0\0\0\0\0\x71\x71\0\0\0\
\0\0\0\x73\x1a\xfe\xff\0\0\0\0\xbf\xa3\0\0\0\0\0\0\x07\x03\0\0\xfc\xff\xff\xff\
\xb7\x01\0\0\0\0\0\0\xb7\x02\0\0\0\0\0\0\xb7\x04\0\0\x04\0\0\0\x79\xa5\xc0\xff\
\0\0\0\0\x85\0\0\0\x1c\0\0\0\x7b\x0a\xc0\xff\0\0\0\0\x79\xa1\xc0\xff\0\0\0\0\
\x65\x01\x01\0\xff\xff\xff\xff\x05\0\x70\xff\0\0\0\0\xbf\x61\0\0\0\0\0\0\xb7\
\x02\0\0\x0a\0\0\0\x79\xa3\xc8\xff\0\0\0\0\xbf\x84\0\0\0\0\0\0\xb7\x05\0\0\x02\
\0\0\0\x85\0\0\0\x0a\0\0\0\x15\0\x04\0\0\0\0\0\x18\x01\0\0\xa5\x02\0\0\0\0\0\0\
\0\0\0\0\xb7\x02\0\0\x31\0\0\0\x05\0\xc2\xf9\0\0\0\0\xb7\x07\0\0\x10\0\0\0\x79\
\xa1\xb8\xff\0\0\0\0\x0f\x17\0\0\0\0\0\0\xbf\x61\0\0\0\0\0\0\xbf\x72\0\0\0\0\0\
\0\xb7\x03\0\0\0\0\0\0\x79\xa4\xc0\xff\0\0\0\0\xb7\x05\0\0\0\0\0\0\x85\0\0\0\
\x0b\0\0\0\x15\0\x08\0\0\0\0\0\x18\x01\0\0\xd6\x02\0\0\0\0\0\0\0\0\0\0\xb7\x02\
\0\0\x36\0\0\0\x05\0\xb4\xf9\0\0\0\0\x18\x01\0\0\x5f\x02\0\0\0\0\0\0\0\0\0\0\
\xb7\x02\0\0\x14\0\0\0\x05\0\xb0\xf9\0\0\0\0\x79\xa1\xb8\xff\0\0\0\0\x79\xa4\
\xb0\xff\0\0\0\0\x1f\x14\0\0\0\0\0\0\x79\xa3\xd0\xff\0\0\0\0\x1f\x13\0\0\0\0\0\
\0\xdc\x03\0\0\x10\0\0\0\xdc\x04\0\0\x10\0\0\0\xbf\x61\0\0\0\0\0\0\xbf\x72\0\0\
\0\0\0\0\xb7\x05\0\0\x12\0\0\0\x85\0\0\0\x0b\0\0\0\x15\0\x04\0\0\0\0\0\x18\x01\
\0\0\x0c\x03\0\0\0\0\0\0\0\0\0\0\xb7\x02\0\0\x35\0\0\0\x05\0\xa0\xf9\0\0\0\0\
\xb7\x01\0\0\x10\0\0\0\x79\xa2\xb8\xff\0\0\0\0\x0f\x12\0\0\0\0\0\0\xbf\x61\0\0\
\0\0\0\0\x79\xa3\xa0\xff\0\0\0\0\x79\xa4\x98\xff\0\0\0\0\xb7\x05\0\0\x04\0\0\0\
\x85\0\0\0\x0b\0\0\0\x15\0\x04\0\0\0\0\0\x18\x01\0\0\x41\x03\0\0\0\0\0\0\0\0\0\
\0\xb7\x02\0\0\x37\0\0\0\x05\0\x93\xf9\0\0\0\0\xb7\x08\0\0\0\0\0\0\x79\xa1\x90\
\xff\0\0\0\0\x15\x01\x92\xf9\0\0\0\0\xb7\x01\0\0\x10\0\0\0\x79\xa2\xb8\xff\0\0\
\0\0\x0f\x12\0\0\0\0\0\0\xdc\x09\0\0\x20\0\0\0\xbf\x61\0\0\0\0\0\0\x79\xa3\x88\
\xff\0\0\0\0\xbf\x94\0\0\0\0\0\0\xb7\x05\0\0\x04\0\0\0\x85\0\0\0\x0b\0\0\0\x15\
\0\x88\xf9\0\0\0\0\x18\x01\0\0\x78\x03\0\0\0\0\0\0\0\0\0\0\xb7\x02\0\0\x3b\0\0\
\0\x05\0\x82\xf9\0\0\0\0\xbf\x16\0\0\0\0\0\0\xb7\x09\0\0\0\0\0\0\xb7\x02\0\0\0\
\0\0\0\x85\0\0\0\x27\0\0\0\x15\0\x05\0\0\0\0\0\x18\x01\0\0\xb3\x03\0\0\0\0\0\0\
\0\0\0\0\xb7\x02\0\0\x2b\0\0\0\x85\0\0\0\x06\0\0\0\x05\0\x0a\0\0\0\0\0\x61\x63\
\x50\0\0\0\0\0\x61\x62\x4c\0\0\0\0\0\xbf\x21\0\0\0\0\0\0\x07\x01\0\0\x14\0\0\0\
\x3d\x13\x07\0\0\0\0\0\x18\x01\0\0\xde\x03\0\0\0\0\0\0\0\0\0\0\xb7\x02\0\0\x11\
\0\0\0\x85\0\0\0\x06\0\0\0\xb7\x09\0\0\x02\0\0\0\xbf\x90\0\0\0\0\0\0\x95\0\0\0\
\0\0\0\0\xb7\x01\0\0\x09\0\0\0\xbf\x24\0\0\0\0\0\0\x0f\x14\0\0\0\0\0\0\x07\x04\
\0\0\x01\0\0\0\x2d\x34\xf9\xff\0\0\0\0\x71\x21\0\0\0\0\0\0\x57\x01\0\0\xf0\0\0\
\0\x55\x01\xf6\xff\x40\0\0\0\x71\x21\x09\0\0\0\0\0\x55\x01\xf4\xff\x06\0\0\0\
\x71\x21\0\0\0\0\0\0\x57\x01\0\0\x0f\0\0\0\x25\x01\x04\0\x04\0\0\0\x18\x01\0\0\
\xef\x03\0\0\0\0\0\0\0\0\0\0\xb7\x02\0\0\x19\0\0\0\x05\0\xeb\xff\0\0\0\0\x71\
\x27\0\0\0\0\0\0\x67\x07\0\0\x02\0\0\0\x57\x07\0\0\x3c\0\0\0\xbf\x21\0\0\0\0\0\
\0\x0f\x71\0\0\0\0\0\0\x3d\x13\x04\0\0\0\0\0\x18\x01\0\0\x08\x04\0\0\0\0\0\0\0\
\0\0\0\xb7\x02\0\0\x14\0\0\0\x05\0\xe1\xff\0\0\0\0\xbf\x14\0\0\0\0\0\0\x07\x04\
\0\0\x14\0\0\0\x3d\x43\x04\0\0\0\0\0\x18\x01\0\0\x1c\x04\0\0\0\0\0\0\0\0\0\0\
\xb7\x02\0\0\x13\0\0\0\x05\0\xda\xff\0\0\0\0\x69\x14\x0c\0\0\0\0\0\x57\x04\0\0\
\xf0\0\0\0\x25\x04\x04\0\x4f\0\0\0\x18\x01\0\0\x2f\x04\0\0\0\0\0\0\0\0\0\0\xb7\
\x02\0\0\x1a\0\0\0\x05\0\xd3\xff\0\0\0\0\x69\x14\x0c\0\0\0\0\0\x77\x04\0\0\x02\
\0\0\0\x57\x04\0\0\x3c\0\0\0\xbf\x15\0\0\0\0\0\0\x0f\x45\0\0\0\0\0\0\x3d\x53\
\x04\0\0\0\0\0\x18\x01\0\0\x49\x04\0\0\0\0\0\0\0\0\0\0\xb7\x02\0\0\x18\0\0\0\
\x05\0\xc9\xff\0\0\0\0\x69\x13\x02\0\0\0\0\0\x15\x03\xc9\xff\0\x16\0\0\x69\x13\
\0\0\0\0\0\0\x15\x03\xc7\xff\0\x16\0\0\x69\x13\x02\0\0\0\0\0\x15\x03\xc5\xff\
\x0d\x3d\0\0\x69\x13\0\0\0\0\0\0\x15\x03\xc3\xff\x0d\x3d\0\0\x0f\x74\0\0\0\0\0\
\0\x69\x28\x02\0\0\0\0\0\x7b\x8a\xd8\xff\0\0\0\0\xdc\x08\0\0\x10\0\0\0\x3d\x48\
\x04\0\0\0\0\0\x18\x01\0\0\x61\x04\0\0\0\0\0\0\0\0\0\0\xb7\x02\0\0\x16\0\0\0\
\x05\0\xb8\xff\0\0\0\0\x69\x12\x0c\0\0\0\0\0\x57\x02\0\0\0\x02\0\0\x15\x02\x06\
\0\0\0\0\0\x69\x12\x0c\0\0\0\0\0\x57\x02\0\0\0\x10\0\0\x55\x02\x03\0\0\0\0\0\
\x69\x12\x0c\0\0\0\0\0\x57\x02\0\0\0\x04\0\0\x15\x02\xb1\xff\0\0\0\0\x69\x12\
\x0c\0\0\0\0\0\x57\x02\0\0\0\x02\0\0\x15\x02\x06\0\0\0\0\0\x69\x12\x0c\0\0\0\0\
\0\x57\x02\0\0\0\x10\0\0\x15\x02\x03\0\0\0\0\0\x69\x12\x0c\0\0\0\0\0\x57\x02\0\
\0\0\x04\0\0\x15\x02\xa8\xff\0\0\0\0\x69\x12\x0c\0\0\0\0\0\x57\x02\0\0\0\x04\0\
\0\x55\x02\xa5\xff\0\0\0\0\x69\x12\x0c\0\0\0\0\0\x57\x02\0\0\0\x01\0\0\x55\x02\
\xa2\xff\0\0\0\0\x61\x14\x04\0\0\0\0\0\xbf\x42\0\0\0\0\0\0\xdc\x02\0\0\x20\0\0\
\0\x07\x02\0\0\xb3\xa8\xff\xff\x7b\x4a\xc0\xff\0\0\0\0\xdc\x04\0\0\x10\0\0\0\
\xbf\x43\0\0\0\0\0\0\x87\x03\0\0\0\0\0\0\x57\x03\0\0\x0f\0\0\0\xbf\x25\0\0\0\0\
\0\0\x6f\x35\0\0\0\0\0\0\x57\x02\0\0\xff\xff\0\0\xbf\x43\0\0\0\0\0\0\x57\x03\0\
\0\x0f\0\0\0\x7f\x32\0\0\0\0\0\0\x4f\x52\0\0\0\0\0\0\xaf\x42\0\0\0\0\0\0\x07\
\x04\0\0\x81\xd9\xff\xff\xbf\x25\0\0\0\0\0\0\x57\x05\0\0\x0f\0\0\0\xbf\x43\0\0\
\0\0\0\0\x57\x03\0\0\xff\xff\0\0\x7f\x53\0\0\0\0\0\0\xbf\x25\0\0\0\0\0\0\x87\
\x05\0\0\0\0\0\0\x57\x05\0\0\x0f\0\0\0\x6f\x54\0\0\0\0\0\0\x4f\x43\0\0\0\0\0\0\
\xaf\x23\0\0\0\0\0\0\x07\x02\0\0\xf5\xd8\xff\xff\xbf\x35\0\0\0\0\0\0\x57\x05\0\
\0\x0f\0\0\0\xbf\x24\0\0\0\0\0\0\x57\x04\0\0\xff\xff\0\0\x7f\x54\0\0\0\0\0\0\
\xbf\x35\0\0\0\0\0\0\x87\x05\0\0\0\0\0\0\x57\x05\0\0\x0f\0\0\0\x6f\x52\0\0\0\0\
\0\0\x4f\x24\0\0\0\0\0\0\xaf\x34\0\0\0\0\0\0\x07\x03\0\0\x7b\x49\0\0\xbf\x45\0\
\0\0\0\0\0\x57\x05\0\0\x0f\0\0\0\xbf\x32\0\0\0\0\0\0\x57\x02\0\0\xff\xff\0\0\
\x7f\x52\0\0\0\0\0\0\xbf\x45\0\0\0\0\0\0\x87\x05\0\0\0\0\0\0\x57\x05\0\0\x0f\0\
\0\0\x6f\x53\0\0\0\0\0\0\x4f\x32\0\0\0\0\0\0\xaf\x42\0\0\0\0\0\0\x07\x04\0\0\
\x15\x62\0\0\xbf\x25\0\0\0\0\0\0\x57\x05\0\0\x0f\0\0\0\xbf\x43\0\0\0\0\0\0\x57\
\x03\0\0\xff\xff\0\0\x7f\x53\0\0\0\0\0\0\xbf\x25\0\0\0\0\0\0\x87\x05\0\0\0\0\0\
\0\x57\x05\0\0\x0f\0\0\0\x6f\x54\0\0\0\0\0\0\x4f\x43\0\0\0\0\0\0\xaf\x23\0\0\0\
\0\0\0\x07\x02\0\0\x6d\x1e\0\0\xbf\x35\0\0\0\0\0\0\x57\x05\0\0\x0f\0\0\0\xbf\
\x24\0\0\0\0\0\0\x57\x04\0\0\xff\xff\0\0\x7f\x54\0\0\0\0\0\0\xbf\x35\0\0\0\0\0\
\0\x87\x05\0\0\0\0\0\0\x57\x05\0\0\x0f\0\0\0\x6f\x52\0\0\0\0\0\0\x4f\x24\0\0\0\
\0\0\0\xaf\x34\0\0\0\0\0\0\x07\x03\0\0\xb4\xe7\xff\xff\xbf\x45\0\0\0\0\0\0\x57\
\x05\0\0\x0f\0\0\0\xbf\x32\0\0\0\0\0\0\x57\x02\0\0\xff\xff\0\0\x7f\x52\0\0\0\0\
\0\0\xbf\x45\0\0\0\0\0\0\x87\x05\0\0\0\0\0\0\x57\x05\0\0\x0f\0\0\0\x6f\x53\0\0\
\0\0\0\0\x4f\x32\0\0\0\0\0\0\xaf\x42\0\0\0\0\0\0\x07\x04\0\0\x97\x5e\0\0\xbf\
\x25\0\0\0\0\0\0\x57\x05\0\0\x0f\0\0\0\xbf\x43\0\0\0\0\0\0\x57\x03\0\0\xff\xff\
\0\0\x7f\x53\0\0\0\0\0\0\xbf\x25\0\0\0\0\0\0\x87\x05\0\0\0\0\0\0\x57\x05\0\0\
\x0f\0\0\0\x6f\x54\0\0\0\0\0\0\x4f\x43\0\0\0\0\0\0\xaf\x23\0\0\0\0\0\0\x07\x02\
\0\0\xd2\x03\0\0\xbf\x35\0\0\0\0\0\0\x57\x05\0\0\x0f\0\0\0\xbf\x24\0\0\0\0\0\0\
\x57\x04\0\0\xff\xff\0\0\x7f\x54\0\0\0\0\0\0\xbf\x35\0\0\0\0\0\0\x87\x05\0\0\0\
\0\0\0\x57\x05\0\0\x0f\0\0\0\x6f\x52\0\0\0\0\0\0\x4f\x24\0\0\0\0\0\0\xaf\x34\0\
\0\0\0\0\0\x07\x03\0\0\xb6\x9d\xff\xff\xbf\x45\0\0\0\0\0\0\x57\x05\0\0\x0f\0\0\
\0\xbf\x32\0\0\0\0\0\0\x57\x02\0\0\xff\xff\0\0\x7f\x52\0\0\0\0\0\0\xbf\x45\0\0\
\0\0\0\0\x87\x05\0\0\0\0\0\0\x57\x05\0\0\x0f\0\0\0\x6f\x53\0\0\0\0\0\0\x4f\x32\
\0\0\0\0\0\0\xaf\x42\0\0\0\0\0\0\x07\x04\0\0\xa6\x67\0\0\xbf\x25\0\0\0\0\0\0\
\x57\x05\0\0\x0f\0\0\0\xbf\x43\0\0\0\0\0\0\x57\x03\0\0\xff\xff\0\0\x7f\x53\0\0\
\0\0\0\0\xbf\x25\0\0\0\0\0\0\x87\x05\0\0\0\0\0\0\x57\x05\0\0\x0f\0\0\0\x6f\x54\
\0\0\0\0\0\0\x4f\x43\0\0\0\0\0\0\xaf\x23\0\0\0\0\0\0\x07\x02\0\0\x41\x10\0\0\
\xbf\x35\0\0\0\0\0\0\x57\x05\0\0\x0f\0\0\0\xbf\x24\0\0\0\0\0\0\x57\x04\0\0\xff\
\xff\0\0\x7f\x54\0\0\0\0\0\0\xbf\x35\0\0\0\0\0\0\x87\x05\0\0\0\0\0\0\x57\x05\0\
\0\x0f\0\0\0\x6f\x52\0\0\0\0\0\0\x4f\x24\0\0\0\0\0\0\xaf\x34\0\0\0\0\0\0\x07\
\x03\0\0\xb0\xfa\xff\xff\xbf\x45\0\0\0\0\0\0\x57\x05\0\0\x0f\0\0\0\xbf\x32\0\0\
\0\0\0\0\x57\x02\0\0\xff\xff\0\0\x7f\x52\0\0\0\0\0\0\xbf\x45\0\0\0\0\0\0\x87\
\x05\0\0\0\0\0\0\x57\x05\0\0\x0f\0\0\0\x6f\x53\0\0\0\0\0\0\x4f\x32\0\0\0\0\0\0\
\xaf\x42\0\0\0\0\0\0\x07\x04\0\0\xad\xb4\xff\xff\xbf\x25\0\0\0\0\0\0\x57\x05\0\
\0\x0f\0\0\0\xbf\x43\0\0\0\0\0\0\x57\x03\0\0\xff\xff\0\0\x7f\x53\0\0\0\0\0\0\
\xbf\x25\0\0\0\0\0\0\x87\x05\0\0\0\0\0\0\x57\x05\0\0\x0f\0\0\0\x6f\x54\0\0\0\0\
\0\0\x4f\x43\0\0\0\0\0\0\xaf\x23\0\0\0\0\0\0\x07\x02\0\0\x6c\x4b\0\0\xbf\x35\0\
\0\0\0\0\0\x57\x05\0\0\x0f\0\0\0\xbf\x24\0\0\0\0\0\0\x57\x04\0\0\xff\xff\0\0\
\x7f\x54\0\0\0\0\0\0\xbf\x35\0\0\0\0\0\0\x87\x05\0\0\0\0\0\0\x57\x05\0\0\x0f\0\
\0\0\x6f\x52\0\0\0\0\0\0\x4f\x24\0\0\0\0\0\0\xaf\x34\0\0\0\0\0\0\x07\x03\0\0\
\x92\xe7\xff\xff\xbf\x45\0\0\0\0\0\0\x57\x05\0\0\x0f\0\0\0\xbf\x32\0\0\0\0\0\0\
\x57\x02\0\0\xff\xff\0\0\x7f\x52\0\0\0\0\0\0\xbf\x45\0\0\0\0\0\0\x87\x05\0\0\0\
\0\0\0\x57\x05\0\0\x0f\0\0\0\x6f\x53\0\0\0\0\0\0\x4f\x32\0\0\0\0\0\0\xaf\x42\0\
\0\0\0\0\0\x07\x04\0\0\xa2\x02\0\0\xbf\x25\0\0\0\0\0\0\x57\x05\0\0\x0f\0\0\0\
\xbf\x43\0\0\0\0\0\0\x57\x03\0\0\xff\xff\0\0\x7f\x53\0\0\0\0\0\0\xbf\x25\0\0\0\
\0\0\0\x87\x05\0\0\0\0\0\0\x57\x05\0\0\x0f\0\0\0\x6f\x54\0\0\0\0\0\0\x4f\x43\0\
\0\0\0\0\0\xaf\x23\0\0\0\0\0\0\x07\x02\0\0\x95\x92\xff\xff\xbf\x35\0\0\0\0\0\0\
\x57\x05\0\0\x0f\0\0\0\xbf\x24\0\0\0\0\0\0\x57\x04\0\0\xff\xff\0\0\x7f\x54\0\0\
\0\0\0\0\xbf\x35\0\0\0\0\0\0\x87\x05\0\0\0\0\0\0\x57\x05\0\0\x0f\0\0\0\x6f\x52\
\0\0\0\0\0\0\x4f\x24\0\0\0\0\0\0\xaf\x34\0\0\0\0\0\0\x07\x03\0\0\x4d\x59\0\0\
\xbf\x45\0\0\0\0\0\0\x57\x05\0\0\x0f\0\0\0\xbf\x32\0\0\0\0\0\0\x57\x02\0\0\xff\
\xff\0\0\x7f\x52\0\0\0\0\0\0\xbf\x45\0\0\0\0\0\0\x87\x05\0\0\0\0\0\0\x57\x05\0\
\0\x0f\0\0\0\x6f\x53\0\0\0\0\0\0\x4f\x32\0\0\0\0\0\0\xaf\x42\0\0\0\0\0\0\x07\
\x04\0\0\x74\xc8\xff\xff\xbf\x25\0\0\0\0\0\0\x57\x05\0\0\x0f\0\0\0\xbf\x43\0\0\
\0\0\0\0\x57\x03\0\0\xff\xff\0\0\x7f\x53\0\0\0\0\0\0\xbf\x25\0\0\0\0\0\0\x87\
\x05\0\0\0\0\0\0\x57\x05\0\0\x0f\0\0\0\x6f\x54\0\0\0\0\0\0\x4f\x43\0\0\0\0\0\0\
\xaf\x23\0\0\0\0\0\0\x07\x02\0\0\x99\x1f\0\0\xbf\x35\0\0\0\0\0\0\x57\x05\0\0\
\x0f\0\0\0\xbf\x24\0\0\0\0\0\0\x57\x04\0\0\xff\xff\0\0\x7f\x54\0\0\0\0\0\0\xbf\
\x35\0\0\0\0\0\0\x87\x05\0\0\0\0\0\0\x57\x05\0\0\x0f\0\0\0\x6f\x52\0\0\0\0\0\0\
\x4f\x24\0\0\0\0\0\0\xaf\x34\0\0\0\0\0\0\x07\x03\0\0\x59\xcc\xff\xff\xbf\x45\0\
\0\0\0\0\0\x57\x05\0\0\x0f\0\0\0\xbf\x32\0\0\0\0\0\0\x57\x02\0\0\xff\xff\0\0\
\x7f\x52\0\0\0\0\0\0\xbf\x45\0\0\0\0\0\0\x87\x05\0\0\0\0\0\0\x57\x05\0\0\x0f\0\
\0\0\x6f\x53\0\0\0\0\0\0\x4f\x32\0\0\0\0\0\0\xaf\x42\0\0\0\0\0\0\x07\x04\0\0\
\xdc\x90\xff\xff\xbf\x25\0\0\0\0\0\0\x57\x05\0\0\x0f\0\0\0\xbf\x43\0\0\0\0\0\0\
\x57\x03\0\0\xff\xff\0\0\x7f\x53\0\0\0\0\0\0\xbf\x25\0\0\0\0\0\0\x87\x05\0\0\0\
\0\0\0\x57\x05\0\0\x0f\0\0\0\x6f\x54\0\0\0\0\0\0\x4f\x43\0\0\0\0\0\0\xaf\x23\0\
\0\0\0\0\0\x07\x02\0\0\x13\xc8\xff\xff\xbf\x34\0\0\0\0\0\0\x57\x04\0\0\x0f\0\0\
\0\xbf\x25\0\0\0\0\0\0\x57\x05\0\0\xff\xff\0\0\x7f\x45\0\0\0\0\0\0\xbf\x34\0\0\
\0\0\0\0\x87\x04\0\0\0\0\0\0\x57\x04\0\0\x0f\0\0\0\x6f\x42\0\0\0\0\0\0\x4f\x25\
\0\0\0\0\0\0\xaf\x35\0\0\0\0\0\0\x67\x05\0\0\x10\0\0\0\x07\x03\0\0\x74\x13\0\0\
\x57\x03\0\0\xff\xff\0\0\x4f\x35\0\0\0\0\0\0\x69\x13\x0c\0\0\0\0\0\x07\x05\0\0\
\0\0\xf8\x21\xdc\x05\0\0\x20\0\0\0\x7b\x5a\xb8\xff\0\0\0\0\x63\x51\x04\0\0\0\0\
\0\x61\x12\x08\0\0\0\0\0\x7b\x2a\xa8\xff\0\0\0\0\xdc\x02\0\0\x20\0\0\0\x7b\x2a\
\xd0\xff\0\0\0\0\x57\x03\0\0\0\x10\0\0\x7b\x3a\xb0\xff\0\0\0\0\x15\x03\x2c\x01\
\0\0\0\0\x79\xa5\xd0\xff\0\0\0\0\xbf\x53\0\0\0\0\0\0\x07\x03\0\0\xb3\xa8\xff\
\xff\x77\x05\0\0\x10\0\0\0\xbf\x54\0\0\0\0\0\0\x57\x04\0\0\x0f\0\0\0\xbf\x32\0\
\0\0\0\0\0\x57\x02\0\0\xff\xff\0\0\x7f\x42\0\0\0\0\0\0\xbf\x54\0\0\0\0\0\0\x87\
\x04\0\0\0\0\0\0\x57\x04\0\0\x0f\0\0\0\x6f\x43\0\0\0\0\0\0\x4f\x32\0\0\0\0\0\0\
\xaf\x52\0\0\0\0\0\0\x07\x05\0\0\x81\xd9\xff\xff\xbf\x24\0\0\0\0\0\0\x57\x04\0\
\0\x0f\0\0\0\xbf\x53\0\0\0\0\0\0\x57\x03\0\0\xff\xff\0\0\x7f\x43\0\0\0\0\0\0\
\xbf\x24\0\0\0\0\0\0\x87\x04\0\0\0\0\0\0\x57\x04\0\0\x0f\0\0\0\x6f\x45\0\0\0\0\
\0\0\x4f\x53\0\0\0\0\0\0\xaf\x23\0\0\0\0\0\0\x07\x02\0\0\xf5\xd8\xff\xff\xbf\
\x35\0\0\0\0\0\0\x57\x05\0\0\x0f\0\0\0\xbf\x24\0\0\0\0\0\0\x57\x04\0\0\xff\xff\
\0\0\x7f\x54\0\0\0\0\0\0\xbf\x35\0\0\0\0\0\0\x87\x05\0\0\0\0\0\0\x57\x05\0\0\
\x0f\0\0\0\x6f\x52\0\0\0\0\0\0\x4f\x24\0\0\0\0\0\0\xaf\x34\0\0\0\0\0\0\x07\x03\
\0\0\x7b\x49\0\0\xbf\x45\0\0\0\0\0\0\x57\x05\0\0\x0f\0\0\0\xbf\x32\0\0\0\0\0\0\
\x57\x02\0\0\xff\xff\0\0\x7f\x52\0\0\0\0\0\0\xbf\x45\0\0\0\0\0\0\x87\x05\0\0\0\
\0\0\0\x57\x05\0\0\x0f\0\0\0\x6f\x53\0\0\0\0\0\0\x4f\x32\0\0\0\0\0\0\xaf\x42\0\
\0\0\0\0\0\x07\x04\0\0\x15\x62\0\0\xbf\x25\0\0\0\0\0\0\x57\x05\0\0\x0f\0\0\0\
\xbf\x43\0\0\0\0\0\0\x57\x03\0\0\xff\xff\0\0\x7f\x53\0\0\0\0\0\0\xbf\x25\0\0\0\
\0\0\0\x87\x05\0\0\0\0\0\0\x57\x05\0\0\x0f\0\0\0\x6f\x54\0\0\0\0\0\0\x4f\x43\0\
\0\0\0\0\0\xaf\x23\0\0\0\0\0\0\x07\x02\0\0\x6d\x1e\0\0\xbf\x35\0\0\0\0\0\0\x57\
\x05\0\0\x0f\0\0\0\xbf\x24\0\0\0\0\0\0\x57\x04\0\0\xff\xff\0\0\x7f\x54\0\0\0\0\
\0\0\xbf\x35\0\0\0\0\0\0\x87\x05\0\0\0\0\0\0\x57\x05\0\0\x0f\0\0\0\x6f\x52\0\0\
\0\0\0\0\x4f\x24\0\0\0\0\0\0\xaf\x34\0\0\0\0\0\0\x07\x03\0\0\xb4\xe7\xff\xff\
\xbf\x45\0\0\0\0\0\0\x57\x05\0\0\x0f\0\0\0\xbf\x32\0\0\0\0\0\0\x57\x02\0\0\xff\
\xff\0\0\x7f\x52\0\0\0\0\0\0\xbf\x45\0\0\0\0\0\0\x87\x05\0\0\0\0\0\0\x57\x05\0\
\0\x0f\0\0\0\x6f\x53\0\0\0\0\0\0\x4f\x32\0\0\0\0\0\0\xaf\x42\0\0\0\0\0\0\x07\
\x04\0\0\x97\x5e\0\0\xbf\x25\0\0\0\0\0\0\x57\x05\0\0\x0f\0\0\0\xbf\x43\0\0\0\0\
\0\0\x57\x03\0\0\xff\xff\0\0\x7f\x53\0\0\0\0\0\0\xbf\x25\0\0\0\0\0\0\x87\x05\0\
\0\0\0\0\0\x57\x05\0\0\x0f\0\0\0\x6f\x54\0\0\0\0\0\0\x4f\x43\0\0\0\0\0\0\xaf\
\x23\0\0\0\0\0\0\x07\x02\0\0\xd2\x03\0\0\xbf\x35\0\0\0\0\0\0\x57\x05\0\0\x0f\0\
\0\0\xbf\x24\0\0\0\0\0\0\x57\x04\0\0\xff\xff\0\0\x7f\x54\0\0\0\0\0\0\xbf\x35\0\
\0\0\0\0\0\x87\x05\0\0\0\0\0\0\x57\x05\0\0\x0f\0\0\0\x6f\x52\0\0\0\0\0\0\x4f\
\x24\0\0\0\0\0\0\xaf\x34\0\0\0\0\0\0\x07\x03\0\0\xb6\x9d\xff\xff\xbf\x45\0\0\0\
\0\0\0\x57\x05\0\0\x0f\0\0\0\xbf\x32\0\0\0\0\0\0\x57\x02\0\0\xff\xff\0\0\x7f\
\x52\0\0\0\0\0\0\xbf\x45\0\0\0\0\0\0\x87\x05\0\0\0\0\0\0\x57\x05\0\0\x0f\0\0\0\
\x6f\x53\0\0\0\0\0\0\x4f\x32\0\0\0\0\0\0\xaf\x42\0\0\0\0\0\0\x07\x04\0\0\xa6\
\x67\0\0\xbf\x25\0\0\0\0\0\0\x57\x05\0\0\x0f\0\0\0\xbf\x43\0\0\0\0\0\0\x57\x03\
\0\0\xff\xff\0\0\x7f\x53\0\0\0\0\0\0\xbf\x25\0\0\0\0\0\0\x87\x05\0\0\0\0\0\0\
\x57\x05\0\0\x0f\0\0\0\x6f\x54\0\0\0\0\0\0\x4f\x43\0\0\0\0\0\0\xaf\x23\0\0\0\0\
\0\0\x07\x02\0\0\x41\x10\0\0\xbf\x35\0\0\0\0\0\0\x57\x05\0\0\x0f\0\0\0\xbf\x24\
\0\0\0\0\0\0\x57\x04\0\0\xff\xff\0\0\x7f\x54\0\0\0\0\0\0\xbf\x35\0\0\0\0\0\0\
\x87\x05\0\0\0\0\0\0\x57\x05\0\0\x0f\0\0\0\x6f\x52\0\0\0\0\0\0\x4f\x24\0\0\0\0\
\0\0\xaf\x34\0\0\0\0\0\0\x07\x03\0\0\xb0\xfa\xff\xff\xbf\x45\0\0\0\0\0\0\x57\
\x05\0\0\x0f\0\0\0\xbf\x32\0\0\0\0\0\0\x57\x02\0\0\xff\xff\0\0\x7f\x52\0\0\0\0\
\0\0\xbf\x45\0\0\0\0\0\0\x87\x05\0\0\0\0\0\0\x57\x05\0\0\x0f\0\0\0\x6f\x53\0\0\
\0\0\0\0\x4f\x32\0\0\0\0\0\0\xaf\x42\0\0\0\0\0\0\x07\x04\0\0\xad\xb4\xff\xff\
\xbf\x25\0\0\0\0\0\0\x57\x05\0\0\x0f\0\0\0\xbf\x43\0\0\0\0\0\0\x57\x03\0\0\xff\
\xff\0\0\x7f\x53\0\0\0\0\0\0\xbf\x25\0\0\0\0\0\0\x87\x05\0\0\0\0\0\0\x57\x05\0\
\0\x0f\0\0\0\x6f\x54\0\0\0\0\0\0\x4f\x43\0\0\0\0\0\0\xaf\x23\0\0\0\0\0\0\x07\
\x02\0\0\x6c\x4b\0\0\xbf\x35\0\0\0\0\0\0\x57\x05\0\0\x0f\0\0\0\xbf\x24\0\0\0\0\
\0\0\x57\x04\0\0\xff\xff\0\0\x7f\x54\0\0\0\0\0\0\xbf\x35\0\0\0\0\0\0\x87\x05\0\
\0\0\0\0\0\x57\x05\0\0\x0f\0\0\0\x6f\x52\0\0\0\0\0\0\x4f\x24\0\0\0\0\0\0\xaf\
\x34\0\0\0\0\0\0\x07\x03\0\0\x92\xe7\xff\xff\xbf\x45\0\0\0\0\0\0\x57\x05\0\0\
\x0f\0\0\0\xbf\x32\0\0\0\0\0\0\x57\x02\0\0\xff\xff\0\0\x7f\x52\0\0\0\0\0\0\xbf\
\x45\0\0\0\0\0\0\x87\x05\0\0\0\0\0\0\x57\x05\0\0\x0f\0\0\0\x6f\x53\0\0\0\0\0\0\
\x4f\x32\0\0\0\0\0\0\xaf\x42\0\0\0\0\0\0\x07\x04\0\0\xa2\x02\0\0\xbf\x25\0\0\0\
\0\0\0\x57\x05\0\0\x0f\0\0\0\xbf\x43\0\0\0\0\0\0\x57\x03\0\0\xff\xff\0\0\x7f\
\x53\0\0\0\0\0\0\xbf\x25\0\0\0\0\0\0\x87\x05\0\0\0\0\0\0\x57\x05\0\0\x0f\0\0\0\
\x6f\x54\0\0\0\0\0\0\x4f\x43\0\0\0\0\0\0\xaf\x23\0\0\0\0\0\0\x07\x02\0\0\x95\
\x92\xff\xff\xbf\x35\0\0\0\0\0\0\x57\x05\0\0\x0f\0\0\0\xbf\x24\0\0\0\0\0\0\x57\
\x04\0\0\xff\xff\0\0\x7f\x54\0\0\0\0\0\0\xbf\x35\0\0\0\0\0\0\x87\x05\0\0\0\0\0\
\0\x57\x05\0\0\x0f\0\0\0\x6f\x52\0\0\0\0\0\0\x4f\x24\0\0\0\0\0\0\xaf\x34\0\0\0\
\0\0\0\x07\x03\0\0\x4d\x59\0\0\xbf\x45\0\0\0\0\0\0\x57\x05\0\0\x0f\0\0\0\xbf\
\x32\0\0\0\0\0\0\x57\x02\0\0\xff\xff\0\0\x7f\x52\0\0\0\0\0\0\xbf\x45\0\0\0\0\0\
\0\x87\x05\0\0\0\0\0\0\x57\x05\0\0\x0f\0\0\0\x6f\x53\0\0\0\0\0\0\x4f\x32\0\0\0\
\0\0\0\xaf\x42\0\0\0\0\0\0\x07\x04\0\0\x74\xc8\xff\xff\xbf\x25\0\0\0\0\0\0\x57\
\x05\0\0\x0f\0\0\0\xbf\x43\0\0\0\0\0\0\x57\x03\0\0\xff\xff\0\0\x7f\x53\0\0\0\0\
\0\0\xbf\x25\0\0\0\0\0\0\x87\x05\0\0\0\0\0\0\x57\x05\0\0\x0f\0\0\0\x6f\x54\0\0\
\0\0\0\0\x4f\x43\0\0\0\0\0\0\xaf\x23\0\0\0\0\0\0\x07\x02\0\0\x99\x1f\0\0\xbf\
\x35\0\0\0\0\0\0\x57\x05\0\0\x0f\0\0\0\xbf\x24\0\0\0\0\0\0\x57\x04\0\0\xff\xff\
\0\0\x7f\x54\0\0\0\0\0\0\xbf\x35\0\0\0\0\0\0\x87\x05\0\0\0\0\0\0\x57\x05\0\0\
\x0f\0\0\0\x6f\x52\0\0\0\0\0\0\x4f\x24\0\0\0\0\0\0\xaf\x34\0\0\0\0\0\0\x07\x03\
\0\0\x59\xcc\xff\xff\xbf\x45\0\0\0\0\0\0\x57\x05\0\0\x0f\0\0\0\xbf\x32\0\0\0\0\
\0\0\x57\x02\0\0\xff\xff\0\0\x7f\x52\0\0\0\0\0\0\xbf\x45\0\0\0\0\0\0\x87\x05\0\
\0\0\0\0\0\x57\x05\0\0\x0f\0\0\0\x6f\x53\0\0\0\0\0\0\x4f\x32\0\0\0\0\0\0\xaf\
\x42\0\0\0\0\0\0\x07\x04\0\0\xdc\x90\xff\xff\xbf\x25\0\0\0\0\0\0\x57\x05\0\0\
\x0f\0\0\0\xbf\x43\0\0\0\0\0\0\x57\x03\0\0\xff\xff\0\0\x7f\x53\0\0\0\0\0\0\xbf\
\x25\0\0\0\0\0\0\x87\x05\0\0\0\0\0\0\x57\x05\0\0\x0f\0\0\0\x6f\x54\0\0\0\0\0\0\
\x4f\x43\0\0\0\0\0\0\xaf\x23\0\0\0\0\0\0\x07\x02\0\0\x13\xc8\xff\xff\xbf\x34\0\
\0\0\0\0\0\x57\x04\0\0\x0f\0\0\0\xbf\x25\0\0\0\0\0\0\x57\x05\0\0\xff\xff\0\0\
\x7f\x45\0\0\0\0\0\0\xbf\x34\0\0\0\0\0\0\x87\x04\0\0\0\0\0\0\x57\x04\0\0\x0f\0\
\0\0\x6f\x42\0\0\0\0\0\0\x4f\x25\0\0\0\0\0\0\xaf\x35\0\0\0\0\0\0\x67\x05\0\0\
\x10\0\0\0\x07\x03\0\0\x74\x13\0\0\x57\x03\0\0\xff\xff\0\0\x4f\x35\0\0\0\0\0\0\
\x07\x05\0\0\0\0\xf8\x21\x7b\x5a\xd0\xff\0\0\0\0\xbf\x52\0\0\0\0\0\0\xdc\x02\0\
\0\x20\0\0\0\x63\x21\x08\0\0\0\0\0\x61\x61\0\0\0\0\0\0\x7b\x1a\xc8\xff\0\0\0\0\
\x25\x01\x04\0\x03\0\0\0\x18\x01\0\0\x77\x04\0\0\0\0\0\0\0\0\0\0\xb7\x02\0\0\
\x1e\0\0\0\x05\0\x38\xfd\0\0\0\0\x79\xa2\xc8\xff\0\0\0\0\x07\x02\0\0\xfc\xff\
\xff\xff\xbf\xa3\0\0\0\0\0\0\x07\x03\0\0\xf8\xff\xff\xff\xbf\x61\0\0\0\0\0\0\
\xb7\x04\0\0\x04\0\0\0\x85\0\0\0\x1a\0\0\0\x15\0\x04\0\0\0\0\0\x18\x01\0\0\x95\
\x04\0\0\0\0\0\0\0\0\0\0\xb7\x02\0\0\x1d\0\0\0\x05\0\x2c\xfd\0\0\0\0\x69\xa1\
\xfa\xff\0\0\0\0\xdc\x01\0\0\x10\0\0\0\x07\x01\0\0\xb3\xa8\xff\xff\x69\xa3\xf8\
\xff\0\0\0\0\xdc\x03\0\0\x10\0\0\0\xbf\x32\0\0\0\0\0\0\x87\x02\0\0\0\0\0\0\x57\
\x02\0\0\x0f\0\0\0\xbf\x14\0\0\0\0\0\0\x6f\x24\0\0\0\0\0\0\x57\x01\0\0\xff\xff\
\0\0\xbf\x32\0\0\0\0\0\0\x57\x02\0\0\x0f\0\0\0\x7f\x21\0\0\0\0\0\0\x4f\x41\0\0\
\0\0\0\0\xaf\x31\0\0\0\0\0\0\x07\x03\0\0\x81\xd9\xff\xff\xbf\x14\0\0\0\0\0\0\
\x57\x04\0\0\x0f\0\0\0\xbf\x32\0\0\0\0\0\0\x57\x02\0\0\xff\xff\0\0\x7f\x42\0\0\
\0\0\0\0\xbf\x14\0\0\0\0\0\0\x87\x04\0\0\0\0\0\0\x57\x04\0\0\x0f\0\0\0\x6f\x43\
\0\0\0\0\0\0\x4f\x32\0\0\0\0\0\0\xaf\x12\0\0\0\0\0\0\x07\x01\0\0\xf5\xd8\xff\
\xff\xbf\x24\0\0\0\0\0\0\x57\x04\0\0\x0f\0\0\0\xbf\x13\0\0\0\0\0\0\x57\x03\0\0\
\xff\xff\0\0\x7f\x43\0\0\0\0\0\0\xbf\x24\0\0\0\0\0\0\x87\x04\0\0\0\0\0\0\x57\
\x04\0\0\x0f\0\0\0\x6f\x41\0\0\0\0\0\0\x4f\x13\0\0\0\0\0\0\xaf\x23\0\0\0\0\0\0\
\x07\x02\0\0\x7b\x49\0\0\xbf\x34\0\0\0\0\0\0\x57\x04\0\0\x0f\0\0\0\xbf\x21\0\0\
\0\0\0\0\x57\x01\0\0\xff\xff\0\0\x7f\x41\0\0\0\0\0\0\xbf\x34\0\0\0\0\0\0\x87\
\x04\0\0\0\0\0\0\x57\x04\0\0\x0f\0\0\0\x6f\x42\0\0\0\0\0\0\x4f\x21\0\0\0\0\0\0\
\xaf\x31\0\0\0\0\0\0\x07\x03\0\0\x15\x62\0\0\xbf\x14\0\0\0\0\0\0\x57\x04\0\0\
\x0f\0\0\0\xbf\x32\0\0\0\0\0\0\x57\x02\0\0\xff\xff\0\0\x7f\x42\0\0\0\0\0\0\xbf\
\x14\0\0\0\0\0\0\x87\x04\0\0\0\0\0\0\x57\x04\0\0\x0f\0\0\0\x6f\x43\0\0\0\0\0\0\
\x4f\x32\0\0\0\0\0\0\xaf\x12\0\0\0\0\0\0\x07\x01\0\0\x6d\x1e\0\0\xbf\x24\0\0\0\
\0\0\0\x57\x04\0\0\x0f\0\0\0\xbf\x13\0\0\0\0\0\0\x57\x03\0\0\xff\xff\0\0\x7f\
\x43\0\0\0\0\0\0\xbf\x24\0\0\0\0\0\0\x87\x04\0\0\0\0\0\0\x57\x04\0\0\x0f\0\0\0\
\x6f\x41\0\0\0\0\0\0\x4f\x13\0\0\0\0\0\0\xaf\x23\0\0\0\0\0\0\x07\x02\0\0\xb4\
\xe7\xff\xff\xbf\x34\0\0\0\0\0\0\x57\x04\0\0\x0f\0\0\0\xbf\x21\0\0\0\0\0\0\x57\
\x01\0\0\xff\xff\0\0\x7f\x41\0\0\0\0\0\0\xbf\x34\0\0\0\0\0\0\x87\x04\0\0\0\0\0\
\0\x57\x04\0\0\x0f\0\0\0\x6f\x42\0\0\0\0\0\0\x4f\x21\0\0\0\0\0\0\xaf\x31\0\0\0\
\0\0\0\x07\x03\0\0\x97\x5e\0\0\xbf\x14\0\0\0\0\0\0\x57\x04\0\0\x0f\0\0\0\xbf\
\x32\0\0\0\0\0\0\x57\x02\0\0\xff\xff\0\0\x7f\x42\0\0\0\0\0\0\xbf\x14\0\0\0\0\0\
\0\x87\x04\0\0\0\0\0\0\x57\x04\0\0\x0f\0\0\0\x6f\x43\0\0\0\0\0\0\x4f\x32\0\0\0\
\0\0\0\xaf\x12\0\0\0\0\0\0\x07\x01\0\0\xd2\x03\0\0\xbf\x24\0\0\0\0\0\0\x57\x04\
\0\0\x0f\0\0\0\xbf\x13\0\0\0\0\0\0\x57\x03\0\0\xff\xff\0\0\x7f\x43\0\0\0\0\0\0\
\xbf\x24\0\0\0\0\0\0\x87\x04\0\0\0\0\0\0\x57\x04\0\0\x0f\0\0\0\x6f\x41\0\0\0\0\
\0\0\x4f\x13\0\0\0\0\0\0\xaf\x23\0\0\0\0\0\0\x07\x02\0\0\xb6\x9d\xff\xff\xbf\
\x34\0\0\0\0\0\0\x57\x04\0\0\x0f\0\0\0\xbf\x21\0\0\0\0\0\0\x57\x01\0\0\xff\xff\
\0\0\x7f\x41\0\0\0\0\0\0\xbf\x34\0\0\0\0\0\0\x87\x04\0\0\0\0\0\0\x57\x04\0\0\
\x0f\0\0\0\x6f\x42\0\0\0\0\0\0\x4f\x21\0\0\0\0\0\0\xaf\x31\0\0\0\0\0\0\x07\x03\
\0\0\xa6\x67\0\0\xbf\x14\0\0\0\0\0\0\x57\x04\0\0\x0f\0\0\0\xbf\x32\0\0\0\0\0\0\
\x57\x02\0\0\xff\xff\0\0\x7f\x42\0\0\0\0\0\0\xbf\x14\0\0\0\0\0\0\x87\x04\0\0\0\
\0\0\0\x57\x04\0\0\x0f\0\0\0\x6f\x43\0\0\0\0\0\0\x4f\x32\0\0\0\0\0\0\xaf\x12\0\
\0\0\0\0\0\x07\x01\0\0\x41\x10\0\0\xbf\x24\0\0\0\0\0\0\x57\x04\0\0\x0f\0\0\0\
\xbf\x13\0\0\0\0\0\0\x57\x03\0\0\xff\xff\0\0\x7f\x43\0\0\0\0\0\0\xbf\x24\0\0\0\
\0\0\0\x87\x04\0\0\0\0\0\0\x57\x04\0\0\x0f\0\0\0\x6f\x41\0\0\0\0\0\0\x4f\x13\0\
\0\0\0\0\0\xaf\x23\0\0\0\0\0\0\x07\x02\0\0\xb0\xfa\xff\xff\xbf\x34\0\0\0\0\0\0\
\x57\x04\0\0\x0f\0\0\0\xbf\x21\0\0\0\0\0\0\x57\x01\0\0\xff\xff\0\0\x7f\x41\0\0\
\0\0\0\0\xbf\x34\0\0\0\0\0\0\x87\x04\0\0\0\0\0\0\x57\x04\0\0\x0f\0\0\0\x6f\x42\
\0\0\0\0\0\0\x4f\x21\0\0\0\0\0\0\xaf\x31\0\0\0\0\0\0\x07\x03\0\0\xad\xb4\xff\
\xff\xbf\x14\0\0\0\0\0\0\x57\x04\0\0\x0f\0\0\0\xbf\x32\0\0\0\0\0\0\x57\x02\0\0\
\xff\xff\0\0\x7f\x42\0\0\0\0\0\0\xbf\x14\0\0\0\0\0\0\x87\x04\0\0\0\0\0\0\x57\
\x04\0\0\x0f\0\0\0\x6f\x43\0\0\0\0\0\0\x4f\x32\0\0\0\0\0\0\xaf\x12\0\0\0\0\0\0\
\x07\x01\0\0\x6c\x4b\0\0\xbf\x24\0\0\0\0\0\0\x57\x04\0\0\x0f\0\0\0\xbf\x13\0\0\
\0\0\0\0\x57\x03\0\0\xff\xff\0\0\x7f\x43\0\0\0\0\0\0\xbf\x24\0\0\0\0\0\0\x87\
\x04\0\0\0\0\0\0\x57\x04\0\0\x0f\0\0\0\x6f\x41\0\0\0\0\0\0\x4f\x13\0\0\0\0\0\0\
\xaf\x23\0\0\0\0\0\0\x07\x02\0\0\x92\xe7\xff\xff\xbf\x34\0\0\0\0\0\0\x57\x04\0\
\0\x0f\0\0\0\xbf\x21\0\0\0\0\0\0\x57\x01\0\0\xff\xff\0\0\x7f\x41\0\0\0\0\0\0\
\xbf\x34\0\0\0\0\0\0\x87\x04\0\0\0\0\0\0\x57\x04\0\0\x0f\0\0\0\x6f\x42\0\0\0\0\
\0\0\x4f\x21\0\0\0\0\0\0\xaf\x31\0\0\0\0\0\0\x07\x03\0\0\xa2\x02\0\0\xbf\x14\0\
\0\0\0\0\0\x57\x04\0\0\x0f\0\0\0\xbf\x32\0\0\0\0\0\0\x57\x02\0\0\xff\xff\0\0\
\x7f\x42\0\0\0\0\0\0\xbf\x14\0\0\0\0\0\0\x87\x04\0\0\0\0\0\0\x57\x04\0\0\x0f\0\
\0\0\x6f\x43\0\0\0\0\0\0\x4f\x32\0\0\0\0\0\0\xaf\x12\0\0\0\0\0\0\x07\x01\0\0\
\x95\x92\xff\xff\xbf\x24\0\0\0\0\0\0\x57\x04\0\0\x0f\0\0\0\xbf\x13\0\0\0\0\0\0\
\x57\x03\0\0\xff\xff\0\0\x7f\x43\0\0\0\0\0\0\xbf\x24\0\0\0\0\0\0\x87\x04\0\0\0\
\0\0\0\x57\x04\0\0\x0f\0\0\0\x6f\x41\0\0\0\0\0\0\x4f\x13\0\0\0\0\0\0\xaf\x23\0\
\0\0\0\0\0\x07\x02\0\0\x4d\x59\0\0\xbf\x34\0\0\0\0\0\0\x57\x04\0\0\x0f\0\0\0\
\xbf\x21\0\0\0\0\0\0\x57\x01\0\0\xff\xff\0\0\x7f\x41\0\0\0\0\0\0\xbf\x34\0\0\0\
\0\0\0\x87\x04\0\0\0\0\0\0\x57\x04\0\0\x0f\0\0\0\x6f\x42\0\0\0\0\0\0\x4f\x21\0\
\0\0\0\0\0\xaf\x31\0\0\0\0\0\0\x07\x03\0\0\x74\xc8\xff\xff\xbf\x14\0\0\0\0\0\0\
\x57\x04\0\0\x0f\0\0\0\xbf\x32\0\0\0\0\0\0\x57\x02\0\0\xff\xff\0\0\x7f\x42\0\0\
\0\0\0\0\xbf\x14\0\0\0\0\0\0\x87\x04\0\0\0\0\0\0\x57\x04\0\0\x0f\0\0\0\x6f\x43\
\0\0\0\0\0\0\x4f\x32\0\0\0\0\0\0\xaf\x12\0\0\0\0\0\0\x07\x01\0\0\x99\x1f\0\0\
\xbf\x24\0\0\0\0\0\0\x57\x04\0\0\x0f\0\0\0\xbf\x13\0\0\0\0\0\0\x57\x03\0\0\xff\
\xff\0\0\x7f\x43\0\0\0\0\0\0\xbf\x24\0\0\0\0\0\0\x87\x04\0\0\0\0\0\0\x57\x04\0\
\0\x0f\0\0\0\x6f\x41\0\0\0\0\0\0\x4f\x13\0\0\0\0\0\0\xaf\x23\0\0\0\0\0\0\x07\
\x02\0\0\x59\xcc\xff\xff\xbf\x34\0\0\0\0\0\0\x57\x04\0\0\x0f\0\0\0\xbf\x21\0\0\
\0\0\0\0\x57\x01\0\0\xff\xff\0\0\x7f\x41\0\0\0\0\0\0\xbf\x34\0\0\0\0\0\0\x87\
\x04\0\0\0\0\0\0\x57\x04\0\0\x0f\0\0\0\x6f\x42\0\0\0\0\0\0\x4f\x21\0\0\0\0\0\0\
\xaf\x31\0\0\0\0\0\0\x07\x03\0\0\xdc\x90\xff\xff\xbf\x12\0\0\0\0\0\0\x57\x02\0\
\0\x0f\0\0\0\xbf\x39\0\0\0\0\0\0\x57\x09\0\0\xff\xff\0\0\x7f\x29\0\0\0\0\0\0\
\xbf\x12\0\0\0\0\0\0\x87\x02\0\0\0\0\0\0\x57\x02\0\0\x0f\0\0\0\x6f\x23\0\0\0\0\
\0\0\x4f\x39\0\0\0\0\0\0\xaf\x19\0\0\0\0\0\0\x07\x01\0\0\x13\xc8\xff\xff\xbf\
\x92\0\0\0\0\0\0\x57\x02\0\0\x0f\0\0\0\xbf\x13\0\0\0\0\0\0\x57\x03\0\0\xff\xff\
\0\0\x7f\x23\0\0\0\0\0\0\xbf\x92\0\0\0\0\0\0\x87\x02\0\0\0\0\0\0\x57\x02\0\0\
\x0f\0\0\0\x6f\x21\0\0\0\0\0\0\x4f\x13\0\0\0\0\0\0\xaf\x93\0\0\0\0\0\0\x57\x03\
\0\0\xff\xff\0\0\x55\x03\x92\x01\x62\x83\0\0\xb7\x01\0\0\x01\0\0\0\x63\x1a\xf4\
\xff\0\0\0\0\xbf\xa2\0\0\0\0\0\0\x07\x02\0\0\xf4\xff\xff\xff\x18\x01\0\0\0\0\0\
\0\0\0\0\0\0\0\0\0\x85\0\0\0\x01\0\0\0\xbf\x07\0\0\0\0\0\0\x55\x07\x01\0\0\0\0\
\0\x05\0\xfd\xfb\0\0\0\0\x07\x09\0\0\x74\x13\0\0\x57\x09\0\0\xff\xff\0\0\x63\
\x97\0\0\0\0\0\0\xb7\x01\0\0\0\0\0\0\x63\x1a\xf0\xff\0\0\0\0\xbf\xa2\0\0\0\0\0\
\0\x07\x02\0\0\xf0\xff\xff\xff\x18\x01\0\0\0\0\0\0\0\0\0\0\0\0\0\0\x85\0\0\0\
\x01\0\0\0\x7b\x0a\xa0\xff\0\0\0\0\x55\0\x03\0\0\0\0\0\x18\x01\0\0\xb2\x04\0\0\
\0\0\0\0\0\0\0\0\x05\0\xec\xfb\0\0\0\0\x61\x71\0\0\0\0\0\0\xbf\x19\0\0\0\0\0\0\
\x15\x01\xeb\xfb\0\0\0\0\x25\x09\xea\xfb\x8c\x05\0\0\x79\xa1\xc8\xff\0\0\0\0\
\x2d\x19\xe8\xfb\0\0\0\0\x79\xa2\xc8\xff\0\0\0\0\xbf\x94\0\0\0\0\0\0\x1f\x42\0\
\0\0\0\0\0\xbf\x61\0\0\0\0\0\0\xbf\x27\0\0\0\0\0\0\x79\xa3\xa0\xff\0\0\0\0\x85\
\0\0\0\x1a\0\0\0\x15\0\x04\0\0\0\0\0\x18\x01\0\0\xc3\x04\0\0\0\0\0\0\0\0\0\0\
\xb7\x02\0\0\x1c\0\0\0\x05\0\xdb\xfb\0\0\0\0\xbf\x61\0\0\0\0\0\0\xbf\x72\0\0\0\
\0\0\0\xb7\x03\0\0\0\0\0\0\x85\0\0\0\x26\0\0\0\x15\0\x04\0\0\0\0\0\x18\x01\0\0\
\xdf\x04\0\0\0\0\0\0\0\0\0\0\xb7\x02\0\0\x29\0\0\0\x05\0\xd2\xfb\0\0\0\0\x61\
\x62\x50\0\0\0\0\0\x61\x61\x4c\0\0\0\0\0\xbf\x13\0\0\0\0\0\0\x07\x03\0\0\x14\0\
\0\0\x3d\x32\x04\0\0\0\0\0\x18\x01\0\0\x08\x05\0\0\0\0\0\0\0\0\0\0\xb7\x02\0\0\
\x15\0\0\0\x05\0\xc9\xfb\0\0\0\0\x71\x17\0\0\0\0\0\0\x67\x07\0\0\x02\0\0\0\x57\
\x07\0\0\x3c\0\0\0\xbf\x13\0\0\0\0\0\0\x0f\x73\0\0\0\0\0\0\x3d\x32\x04\0\0\0\0\
\0\x18\x01\0\0\x1d\x05\0\0\0\0\0\0\0\0\0\0\xb7\x02\0\0\x18\0\0\0\x05\0\xbf\xfb\
\0\0\0\0\xbf\x34\0\0\0\0\0\0\x07\x04\0\0\x14\0\0\0\x3d\x42\x04\0\0\0\0\0\x18\
\x01\0\0\x35\x05\0\0\0\0\0\0\0\0\0\0\xb7\x02\0\0\x17\0\0\0\x05\0\xb8\xfb\0\0\0\
\0\x69\x34\x0c\0\0\0\0\0\x77\x04\0\0\x02\0\0\0\x57\x04\0\0\x3c\0\0\0\x0f\x43\0\
\0\0\0\0\0\x3d\x32\x04\0\0\0\0\0\x18\x01\0\0\x4c\x05\0\0\0\0\0\0\0\0\0\0\xb7\
\x02\0\0\x17\0\0\0\x05\0\xaf\xfb\0\0\0\0\xbf\x82\0\0\0\0\0\0\x1f\x92\0\0\0\0\0\
\0\xbf\x23\0\0\0\0\0\0\xdc\x03\0\0\x10\0\0\0\x7b\x3a\x90\xff\0\0\0\0\x6b\x31\
\x02\0\0\0\0\0\x57\x02\0\0\xff\xff\0\0\x1f\x72\0\0\0\0\0\0\x7b\x2a\x88\xff\0\0\
\0\0\xbf\x21\0\0\0\0\0\0\x57\x01\0\0\x01\0\0\0\x15\x01\x0b\0\0\0\0\0\x61\x62\0\
\0\0\0\0\0\xb7\x01\0\0\0\0\0\0\x73\x1a\xef\xff\0\0\0\0\x07\x02\0\0\xff\xff\xff\
\xff\xbf\xa3\0\0\0\0\0\0\x07\x03\0\0\xef\xff\xff\xff\xbf\x61\0\0\0\0\0\0\xb7\
\x04\0\0\x01\0\0\0\x85\0\0\0\x1a\0\0\0\x15\0\x6e\0\0\0\0\0\x05\0\x99\xfb\0\0\0\
\0\x18\x01\0\0\xfc\xff\xff\xff\0\0\0\0\0\0\0\0\xbf\x93\0\0\0\0\0\0\xbf\x32\0\0\
\0\0\0\0\x5f\x12\0\0\0\0\0\0\x7b\x2a\x80\xff\0\0\0\0\xb7\x02\0\0\xf4\x01\0\0\
\x25\x03\x01\0\xf4\x01\0\0\x79\xa2\x80\xff\0\0\0\0\xb7\x01\0\0\0\0\0\0\x7b\x1a\
\x98\xff\0\0\0\0\xb7\x01\0\0\0\0\0\0\x7b\x1a\xc8\xff\0\0\0\0\x15\x02\x08\0\0\0\
\0\0\x79\xa1\xa0\xff\0\0\0\0\xb7\x03\0\0\0\0\0\0\xb7\x04\0\0\0\0\0\0\xb7\x05\0\
\0\0\0\0\0\x85\0\0\0\x1c\0\0\0\x7b\x0a\xc8\xff\0\0\0\0\xb7\x01\0\0\0\0\0\0\x6d\
\x01\x53\0\0\0\0\0\xbf\x93\0\0\0\0\0\0\xbf\x31\0\0\0\0\0\0\x07\x01\0\0\x0c\xfe\
\xff\xff\xb7\x02\0\0\x01\0\0\0\x2d\x31\x01\0\0\0\0\0\xb7\x02\0\0\0\0\0\0\x55\
\x02\x01\0\0\0\0\0\x7b\x1a\x98\xff\0\0\0\0\xb7\x01\0\0\xf4\x01\0\0\x79\xa2\x98\
\xff\0\0\0\0\x2d\x21\x02\0\0\0\0\0\xb7\x01\0\0\xf4\x01\0\0\x7b\x1a\x98\xff\0\0\
\0\0\x18\x01\0\0\xfc\xff\xff\xff\0\0\0\0\0\0\0\0\x79\xa3\x98\xff\0\0\0\0\x5f\
\x13\0\0\0\0\0\0\xbf\x32\0\0\0\0\0\0\x15\x03\x09\0\0\0\0\0\x79\xa1\xa0\xff\0\0\
\0\0\x07\x01\0\0\xf4\x01\0\0\xb7\x03\0\0\0\0\0\0\xb7\x04\0\0\0\0\0\0\x79\xa5\
\xc8\xff\0\0\0\0\x85\0\0\0\x1c\0\0\0\x7b\x0a\xc8\xff\0\0\0\0\xb7\x01\0\0\0\0\0\
\0\x6d\x01\x37\0\0\0\0\0\xbf\x94\0\0\0\0\0\0\xbf\x41\0\0\0\0\0\0\x07\x01\0\0\
\x18\xfc\xff\xff\xb7\x02\0\0\0\0\0\0\xb7\x03\0\0\x01\0\0\0\x2d\x41\x01\0\0\0\0\
\0\xb7\x03\0\0\0\0\0\0\x55\x03\x01\0\0\0\0\0\xbf\x12\0\0\0\0\0\0\x18\x01\0\0\
\xfc\xff\xff\xff\0\0\0\0\0\0\0\0\x5f\x12\0\0\0\0\0\0\x15\x02\x09\0\0\0\0\0\x79\
\xa1\xa0\xff\0\0\0\0\x07\x01\0\0\xe8\x03\0\0\xb7\x03\0\0\0\0\0\0\xb7\x04\0\0\0\
\0\0\0\x79\xa5\xc8\xff\0\0\0\0\x85\0\0\0\x1c\0\0\0\x7b\x0a\xc8\xff\0\0\0\0\xb7\
\x01\0\0\0\0\0\0\x6d\x01\x21\0\0\0\0\0\x57\x09\0\0\x03\0\0\0\xbf\x93\0\0\0\0\0\
\0\x15\x09\xaf\0\0\0\0\0\xb7\x01\0\0\0\0\0\0\x63\x1a\xfc\xff\0\0\0\0\x79\xa1\
\xa0\xff\0\0\0\0\x79\xa2\x80\xff\0\0\0\0\x0f\x21\0\0\0\0\0\0\x71\x11\0\0\0\0\0\
\0\x73\x1a\xfc\xff\0\0\0\0\x15\x03\x0d\0\x01\0\0\0\x79\xa1\x80\xff\0\0\0\0\x47\
\x01\0\0\x01\0\0\0\x79\xa2\xa0\xff\0\0\0\0\x0f\x12\0\0\0\0\0\0\x71\x21\0\0\0\0\
\0\0\x73\x1a\xfd\xff\0\0\0\0\x55\x03\x06\0\x03\0\0\0\x79\xa2\x80\xff\0\0\0\0\
\x47\x02\0\0\x02\0\0\0\x79\xa1\xa0\xff\0\0\0\0\x0f\x21\0\0\0\0\0\0\x71\x11\0\0\
\0\0\0\0\x73\x1a\xfe\xff\0\0\0\0\xbf\xa1\0\0\0\0\0\0\x07\x01\0\0\xfc\xff\xff\
\xff\xb7\x02\0\0\x04\0\0\0\xb7\x03\0\0\0\0\0\0\xb7\x04\0\0\0\0\0\0\x79\xa5\xc8\
\xff\0\0\0\0\x85\0\0\0\x1c\0\0\0\x7b\x0a\xc8\xff\0\0\0\0\x65\0\x91\0\xff\xff\
\xff\xff\x18\x01\0\0\x77\x05\0\0\0\0\0\0\0\0\0\0\xb7\x02\0\0\x14\0\0\0\x05\0\
\x2b\xfb\0\0\0\0\x79\xa1\xa0\xff\0\0\0\0\x71\x11\0\0\0\0\0\0\x67\x01\0\0\x10\0\
\0\0\x71\xa2\xef\xff\0\0\0\0\xbf\x23\0\0\0\0\0\0\x67\x03\0\0\x18\0\0\0\x4f\x13\
\0\0\0\0\0\0\xdc\x03\0\0\x20\0\0\0\x63\x3a\xe8\xff\0\0\0\0\x63\x2a\xe4\xff\0\0\
\0\0\xbf\xa1\0\0\0\0\0\0\x07\x01\0\0\xe8\xff\xff\xff\xbf\xa3\0\0\0\0\0\0\x07\
\x03\0\0\xe4\xff\xff\xff\xb7\x02\0\0\x04\0\0\0\xb7\x04\0\0\x04\0\0\0\xb7\x05\0\
\0\0\0\0\0\x85\0\0\0\x1c\0\0\0\xb7\x01\0\0\0\0\0\0\x6d\x01\x91\0\0\0\0\0\x07\
\x09\0\0\xff\xff\xff\xff\xbf\x91\0\0\0\0\0\0\x67\x01\0\0\x20\0\0\0\x77\x01\0\0\
\x20\0\0\0\x7b\x9a\x98\xff\0\0\0\0\x57\x09\0\0\xfc\xff\xff\xff\x7b\x9a\x80\xff\
\0\0\0\0\xb7\x02\0\0\xf4\x01\0\0\x25\x01\x01\0\xf4\x01\0\0\x79\xa2\x80\xff\0\0\
\0\0\x79\xa9\xa0\xff\0\0\0\0\x07\x09\0\0\x01\0\0\0\xbf\x01\0\0\0\0\0\0\x67\x01\
\0\0\x20\0\0\0\x77\x01\0\0\x20\0\0\0\x7b\x1a\xc8\xff\0\0\0\0\x18\x01\0\0\xfc\
\xff\xff\xff\0\0\0\0\0\0\0\0\xbf\x23\0\0\0\0\0\0\x5f\x13\0\0\0\0\0\0\x15\x03\
\x08\0\0\0\0\0\xbf\x91\0\0\0\0\0\0\xb7\x03\0\0\0\0\0\0\xb7\x04\0\0\0\0\0\0\xbf\
\x05\0\0\0\0\0\0\x85\0\0\0\x1c\0\0\0\x7b\x0a\xc8\xff\0\0\0\0\xb7\x01\0\0\0\0\0\
\0\x6d\x01\x59\0\0\0\0\0\x79\xa4\x98\xff\0\0\0\0\x67\x04\0\0\x20\0\0\0\x77\x04\
\0\0\x20\0\0\0\xbf\x41\0\0\0\0\0\0\x07\x01\0\0\x0c\xfe\xff\xff\xb7\x02\0\0\0\0\
\0\0\xb7\x03\0\0\x01\0\0\0\x2d\x41\x01\0\0\0\0\0\xb7\x03\0\0\0\0\0\0\x55\x03\
\x01\0\0\0\0\0\xbf\x12\0\0\0\0\0\0\xb7\x01\0\0\xf4\x01\0\0\x2d\x21\x01\0\0\0\0\
\0\xb7\x02\0\0\xf4\x01\0\0\x18\x01\0\0\xfc\xff\xff\xff\0\0\0\0\0\0\0\0\x5f\x12\
\0\0\0\0\0\0\x15\x02\x09\0\0\0\0\0\x79\xa1\xa0\xff\0\0\0\0\x07\x01\0\0\xf5\x01\
\0\0\xb7\x03\0\0\0\0\0\0\xb7\x04\0\0\0\0\0\0\x79\xa5\xc8\xff\0\0\0\0\x85\0\0\0\
\x1c\0\0\0\x7b\x0a\xc8\xff\0\0\0\0\xb7\x01\0\0\0\0\0\0\x6d\x01\x3e\0\0\0\0\0\
\x79\xa4\x98\xff\0\0\0\0\x67\x04\0\0\x20\0\0\0\x77\x04\0\0\x20\0\0\0\xbf\x41\0\
\0\0\0\0\0\x07\x01\0\0\x18\xfc\xff\xff\xb7\x02\0\0\0\0\0\0\xb7\x03\0\0\x01\0\0\
\0\x2d\x41\x01\0\0\0\0\0\xb7\x03\0\0\0\0\0\0\x55\x03\x01\0\0\0\0\0\xbf\x12\0\0\
\0\0\0\0\x18\x01\0\0\xfc\xff\xff\xff\0\0\0\0\0\0\0\0\x5f\x12\0\0\0\0\0\0\x15\
\x02\x09\0\0\0\0\0\x79\xa1\xa0\xff\0\0\0\0\x07\x01\0\0\xe9\x03\0\0\xb7\x03\0\0\
\0\0\0\0\xb7\x04\0\0\0\0\0\0\x79\xa5\xc8\xff\0\0\0\0\x85\0\0\0\x1c\0\0\0\x7b\
\x0a\xc8\xff\0\0\0\0\xb7\x01\0\0\0\0\0\0\x6d\x01\x26\0\0\0\0\0\x79\xa1\x98\xff\
\0\0\0\0\x57\x01\0\0\x03\0\0\0\xbf\x13\0\0\0\0\0\0\x15\x01\x22\0\0\0\0\0\xb7\
\x01\0\0\0\0\0\0\x63\x1a\xfc\xff\0\0\0\0\x79\xa1\x80\xff\0\0\0\0\x67\x01\0\0\
\x20\0\0\0\x77\x01\0\0\x20\0\0\0\xbf\x92\0\0\0\0\0\0\x0f\x12\0\0\0\0\0\0\x71\
\x21\0\0\0\0\0\0\x73\x1a\xfc\xff\0\0\0\0\x15\x03\x10\0\x01\0\0\0\x79\xa1\x80\
\xff\0\0\0\0\x47\x01\0\0\x01\0\0\0\x67\x01\0\0\x20\0\0\0\x77\x01\0\0\x20\0\0\0\
\xbf\x92\0\0\0\0\0\0\x0f\x12\0\0\0\0\0\0\x71\x21\0\0\0\0\0\0\x73\x1a\xfd\xff\0\
\0\0\0\x55\x03\x07\0\x03\0\0\0\x79\xa1\x80\xff\0\0\0\0\x47\x01\0\0\x02\0\0\0\
\x67\x01\0\0\x20\0\0\0\x77\x01\0\0\x20\0\0\0\x0f\x19\0\0\0\0\0\0\x71\x91\0\0\0\
\0\0\0\x73\x1a\xfe\xff\0\0\0\0\xbf\xa1\0\0\0\0\0\0\x07\x01\0\0\xfc\xff\xff\xff\
\xb7\x02\0\0\x04\0\0\0\xb7\x03\0\0\0\0\0\0\xb7\x04\0\0\0\0\0\0\x79\xa5\xc8\xff\
\0\0\0\0\x85\0\0\0\x1c\0\0\0\x7b\x0a\xc8\xff\0\0\0\0\x79\xa1\xc8\xff\0\0\0\0\
\x65\x01\x01\0\xff\xff\xff\xff\x05\0\x6f\xff\0\0\0\0\xbf\x61\0\0\0\0\0\0\xb7\
\x02\0\0\x0a\0\0\0\x79\xa3\xd8\xff\0\0\0\0\x79\xa4\x90\xff\0\0\0\0\xb7\x05\0\0\
\x02\0\0\0\x85\0\0\0\x0a\0\0\0\x15\0\x04\0\0\0\0\0\x18\x01\0\0\x8b\x05\0\0\0\0\
\0\0\0\0\0\0\xb7\x02\0\0\x31\0\0\0\x05\0\x93\xfa\0\0\0\0\xb7\x09\0\0\x10\0\0\0\
\x0f\x79\0\0\0\0\0\0\xbf\x61\0\0\0\0\0\0\xbf\x92\0\0\0\0\0\0\xb7\x03\0\0\0\0\0\
\0\x79\xa4\xc8\xff\0\0\0\0\xb7\x05\0\0\0\0\0\0\x85\0\0\0\x0b\0\0\0\x15\0\x08\0\
\0\0\0\0\x18\x01\0\0\xbc\x05\0\0\0\0\0\0\0\0\0\0\xb7\x02\0\0\x36\0\0\0\x05\0\
\x86\xfa\0\0\0\0\x18\x01\0\0\x63\x05\0\0\0\0\0\0\0\0\0\0\xb7\x02\0\0\x14\0\0\0\
\x05\0\x82\xfa\0\0\0\0\x1f\x78\0\0\0\0\0\0\xdc\x08\0\0\x10\0\0\0\x79\xa4\x88\
\xff\0\0\0\0\xdc\x04\0\0\x10\0\0\0\xbf\x61\0\0\0\0\0\0\xbf\x92\0\0\0\0\0\0\xbf\
\x83\0\0\0\0\0\0\xb7\x05\0\0\x12\0\0\0\x85\0\0\0\x0b\0\0\0\x15\0\x04\0\0\0\0\0\
\x18\x01\0\0\xf2\x05\0\0\0\0\0\0\0\0\0\0\xb7\x02\0\0\x35\0\0\0\x05\0\x74\xfa\0\
\0\0\0\xb7\x01\0\0\x10\0\0\0\xbf\x72\0\0\0\0\0\0\x0f\x12\0\0\0\0\0\0\xbf\x61\0\
\0\0\0\0\0\x79\xa3\xc0\xff\0\0\0\0\x79\xa4\xb8\xff\0\0\0\0\xb7\x05\0\0\x04\0\0\
\0\x85\0\0\0\x0b\0\0\0\x15\0\x04\0\0\0\0\0\x18\x01\0\0\x27\x06\0\0\0\0\0\0\0\0\
\0\0\xb7\x02\0\0\x37\0\0\0\x05\0\x67\xfa\0\0\0\0\xb7\x09\0\0\0\0\0\0\x79\xa1\
\xb0\xff\0\0\0\0\x15\x01\x66\xfa\0\0\0\0\xb7\x01\0\0\x10\0\0\0\x0f\x17\0\0\0\0\
\0\0\x79\xa4\xd0\xff\0\0\0\0\xdc\x04\0\0\x20\0\0\0\xbf\x61\0\0\0\0\0\0\xbf\x72\
\0\0\0\0\0\0\x79\xa3\xa8\xff\0\0\0\0\xb7\x05\0\0\x04\0\0\0\x85\0\0\0\x0b\0\0\0\
\x15\0\x5c\xfa\0\0\0\0\x18\x01\0\0\x5e\x06\0\0\0\0\0\0\0\0\0\0\xb7\x02\0\0\x3b\
\0\0\0\x05\0\x56\xfa\0\0\0\0\x46\x61\x69\x6c\x65\x64\x20\x74\x6f\x20\x70\x75\
\x6c\x6c\x20\x64\x61\x74\x61\x20\x61\x74\x20\x62\x70\x66\x5f\x73\x6b\x62\x5f\
\x70\x75\x6c\x6c\x5f\x64\x61\x74\x61\x2e\x0a\0\x46\x61\x69\x6c\x65\x64\x20\x61\
\x74\x20\x69\x70\x68\x72\x2e\x0a\0\x46\x61\x69\x6c\x65\x64\x20\x61\x74\x20\x6d\
\x61\x6c\x66\x6f\x72\x6d\x65\x64\x20\x69\x70\x2e\x0a\0\x46\x61\x69\x6c\x65\x64\
\x20\x61\x74\x20\x69\x70\x68\x72\x20\x68\x6c\x2e\x0a\0\x46\x61\x69\x6c\x65\x64\
\x20\x61\x74\x20\x74\x63\x70\x68\x64\x72\x2e\x0a\0\x46\x61\x69\x6c\x65\x64\x20\
\x61\x74\x20\x6d\x61\x6c\x66\x6f\x72\x6d\x65\x64\x20\x74\x63\x70\x2e\x0a\0\x46\
\x61\x69\x6c\x65\x64\x20\x61\x74\x20\x74\x63\x70\x68\x64\x72\x20\x64\x6f\x66\
\x66\x2e\x0a\0\x53\x6f\x6d\x65\x74\x68\x69\x6e\x67\x20\x77\x65\x6e\x74\x20\x77\
\x72\x6f\x6e\x67\x20\x77\x69\x74\x68\x20\x73\x65\x74\x74\x69\x6e\x67\x20\x74\
\x73\x74\x61\x6d\x70\x2e\x0a\0\x46\x61\x69\x6c\x65\x64\x20\x61\x74\x20\x69\x70\
\x20\x74\x6f\x74\x6c\x65\x6e\x2e\x0a\0\x45\x72\x72\x6f\x72\x20\x77\x69\x74\x68\
\x20\x63\x68\x61\x6e\x67\x69\x6e\x67\x20\x74\x61\x69\x6c\x20\x74\x6f\x20\x74\
\x68\x65\x20\x70\x61\x63\x6b\x65\x74\x21\x0a\0\x46\x61\x69\x6c\x65\x64\x20\x61\
\x74\x20\x6d\x6f\x64\x20\x69\x70\x68\x72\x2e\x0a\0\x46\x61\x69\x6c\x65\x64\x20\
\x61\x74\x20\x6d\x6f\x64\x20\x69\x70\x68\x72\x20\x68\x6c\x2e\x0a\0\x46\x61\x69\
\x6c\x65\x64\x20\x61\x74\x20\x6d\x6f\x64\x20\x74\x63\x70\x68\x64\x72\x2e\x0a\0\
\x46\x61\x69\x6c\x65\x64\x20\x61\x74\x20\x6d\x6f\x64\x20\x74\x63\x70\x20\x68\
\x6c\x2e\x0a\0\x46\x61\x69\x6c\x65\x64\x20\x61\x74\x20\x72\x62\x62\x2e\x0a\0\
\x46\x61\x69\x6c\x65\x64\x20\x61\x74\x20\x73\x74\x6f\x72\x65\x20\x62\x79\x74\
\x65\x73\x20\x72\x62\x62\x2e\x0a\0\x46\x61\x69\x6c\x65\x64\x20\x61\x74\x20\x70\
\x5f\x6d\x74\x75\x6d\x64\x66\x5f\x6c\x65\x6e\x2e\x0a\0\x46\x61\x69\x6c\x65\x64\
\x20\x61\x74\x20\x73\x74\x6f\x72\x65\x20\x62\x79\x74\x65\x73\x20\x6d\x74\x61\
\x69\x6c\x2e\x0a\0\x46\x61\x69\x6c\x65\x64\x20\x61\x74\x20\x6d\x6f\x64\x20\x69\
\x70\x68\x72\x2e\x0a\0\x46\x61\x69\x6c\x65\x64\x20\x61\x74\x20\x6d\x6f\x64\x20\
\x69\x70\x68\x72\x20\x68\x6c\x2e\x0a\0\x46\x61\x69\x6c\x65\x64\x20\x61\x74\x20\
\x6d\x6f\x64\x20\x74\x63\x70\x68\x64\x72\x2e\x0a\0\x46\x61\x69\x6c\x65\x64\x20\
\x61\x74\x20\x6d\x6f\x64\x20\x74\x63\x70\x20\x68\x6c\x2e\x0a\0\x46\x61\x69\x6c\
\x65\x64\x20\x61\x74\x20\x72\x62\x62\x2e\x0a\0\x46\x61\x69\x6c\x65\x64\x20\x61\
\x74\x20\x6c\x6f\x61\x64\x20\x62\x79\x74\x65\x73\x20\x72\x62\x62\x68\x20\x31\
\x2e\x0a\0\x46\x61\x69\x6c\x65\x64\x20\x62\x72\x69\x64\x67\x65\x20\x64\x69\x66\
\x66\x0a\0\x46\x61\x69\x6c\x65\x64\x20\x61\x74\x20\x6c\x6f\x61\x64\x20\x62\x79\
\x74\x65\x73\x20\x72\x62\x62\x68\x20\x32\x2e\x0a\0\x46\x61\x69\x6c\x65\x64\x20\
\x61\x74\x20\x74\x6f\x74\x5f\x64\x69\x66\x66\x0a\0\x53\x6f\x6d\x65\x74\x68\x69\
\x6e\x67\x20\x77\x65\x6e\x74\x20\x77\x72\x6f\x6e\x67\x20\x77\x69\x74\x68\x20\
\x49\x50\x20\x6c\x33\x5f\x63\x73\x75\x6d\x5f\x72\x65\x70\x6c\x61\x63\x65\x28\
\x29\x2e\x0a\0\x53\x6f\x6d\x65\x74\x68\x69\x6e\x67\x20\x77\x65\x6e\x74\x20\x77\
\x72\x6f\x6e\x67\x20\x77\x69\x74\x68\x20\x50\x41\x59\x4c\x4f\x41\x44\x20\x6c\
\x34\x5f\x63\x73\x75\x6d\x5f\x72\x65\x70\x6c\x61\x63\x65\x28\x29\x2e\x0a\0\x53\
\x6f\x6d\x65\x74\x68\x69\x6e\x67\x20\x77\x65\x6e\x74\x20\x77\x72\x6f\x6e\x67\
\x20\x77\x69\x74\x68\x20\x50\x53\x45\x55\x44\x4f\x20\x6c\x34\x5f\x63\x73\x75\
\x6d\x5f\x72\x65\x70\x6c\x61\x63\x65\x28\x29\x2e\x0a\0\x53\x6f\x6d\x65\x74\x68\
\x69\x6e\x67\x20\x77\x65\x6e\x74\x20\x77\x72\x6f\x6e\x67\x20\x77\x69\x74\x68\
\x20\x54\x43\x50\x2d\x3e\x53\x45\x51\x20\x6c\x34\x5f\x63\x73\x75\x6d\x5f\x72\
\x65\x70\x6c\x61\x63\x65\x28\x29\x2e\x0a\0\x53\x6f\x6d\x65\x74\x68\x69\x6e\x67\
\x20\x77\x65\x6e\x74\x20\x77\x72\x6f\x6e\x67\x20\x77\x69\x74\x68\x20\x54\x43\
\x50\x2d\x3e\x41\x43\x4b\x5f\x53\x45\x51\x20\x6c\x34\x5f\x63\x73\x75\x6d\x5f\
\x72\x65\x70\x6c\x61\x63\x65\x28\x29\x2e\x0a\0\x46\x61\x69\x6c\x65\x64\x20\x74\
\x6f\x20\x70\x75\x6c\x6c\x20\x64\x61\x74\x61\x20\x61\x74\x20\x62\x70\x66\x5f\
\x73\x6b\x62\x5f\x70\x75\x6c\x6c\x5f\x64\x61\x74\x61\x2e\x0a\0\x46\x61\x69\x6c\
\x65\x64\x20\x61\x74\x20\x69\x70\x68\x72\x2e\x0a\0\x46\x61\x69\x6c\x65\x64\x20\
\x61\x74\x20\x6d\x61\x6c\x66\x6f\x72\x6d\x65\x64\x20\x69\x70\x2e\x0a\0\x46\x61\
\x69\x6c\x65\x64\x20\x61\x74\x20\x69\x70\x68\x72\x20\x68\x6c\x2e\x0a\0\x46\x61\
\x69\x6c\x65\x64\x20\x61\x74\x20\x74\x63\x70\x68\x64\x72\x2e\x0a\0\x46\x61\x69\
\x6c\x65\x64\x20\x61\x74\x20\x6d\x61\x6c\x66\x6f\x72\x6d\x65\x64\x20\x74\x63\
\x70\x2e\x0a\0\x46\x61\x69\x6c\x65\x64\x20\x61\x74\x20\x74\x63\x70\x68\x64\x72\
\x20\x64\x6f\x66\x66\x2e\x0a\0\x46\x61\x69\x6c\x65\x64\x20\x61\x74\x20\x69\x70\
\x20\x74\x6f\x74\x6c\x65\x6e\x2e\x0a\0\x46\x61\x69\x6c\x65\x64\x20\x61\x74\x20\
\x6d\x74\x61\x69\x6c\x20\x6d\x64\x66\x5f\x70\x6b\x74\x5f\x6c\x65\x6e\x2e\x0a\0\
\x46\x61\x69\x6c\x65\x64\x20\x61\x74\x20\x6c\x6f\x61\x64\x20\x62\x79\x74\x65\
\x73\x20\x6d\x74\x61\x69\x6c\x2e\x0a\0\x46\x61\x69\x6c\x65\x64\x20\x61\x74\x20\
\x72\x62\x62\x68\x2e\x0a\0\x46\x61\x69\x6c\x65\x64\x20\x61\x74\x20\x6c\x6f\x61\
\x64\x20\x62\x79\x74\x65\x73\x20\x72\x62\x62\x68\x2e\x0a\0\x45\x72\x72\x6f\x72\
\x20\x77\x69\x74\x68\x20\x63\x68\x61\x6e\x67\x69\x6e\x67\x20\x74\x61\x69\x6c\
\x20\x6f\x66\x20\x74\x68\x65\x20\x70\x61\x63\x6b\x65\x74\x21\x0a\0\x46\x61\x69\
\x6c\x65\x64\x20\x61\x74\x20\x6d\x6f\x64\x20\x69\x70\x68\x72\x2e\x0a\0\x46\x61\
\x69\x6c\x65\x64\x20\x61\x74\x20\x6d\x6f\x64\x20\x69\x70\x68\x72\x20\x68\x6c\
\x2e\x0a\0\x46\x61\x69\x6c\x65\x64\x20\x61\x74\x20\x6d\x6f\x64\x20\x74\x63\x70\
\x68\x64\x72\x2e\x0a\0\x46\x61\x69\x6c\x65\x64\x20\x61\x74\x20\x6d\x6f\x64\x20\
\x74\x63\x70\x20\x68\x6c\x2e\x0a\0\x46\x61\x69\x6c\x65\x64\x20\x62\x72\x69\x64\
\x67\x65\x20\x64\x69\x66\x66\x0a\0\x46\x61\x69\x6c\x65\x64\x20\x61\x74\x20\x74\
\x6f\x74\x5f\x64\x69\x66\x66\x0a\0\x53\x6f\x6d\x65\x74\x68\x69\x6e\x67\x20\x77\
\x65\x6e\x74\x20\x77\x72\x6f\x6e\x67\x20\x77\x69\x74\x68\x20\x49\x50\x20\x6c\
\x33\x5f\x63\x73\x75\x6d\x5f\x72\x65\x70\x6c\x61\x63\x65\x28\x29\x2e\x0a\0\x53\
\x6f\x6d\x65\x74\x68\x69\x6e\x67\x20\x77\x65\x6e\x74\x20\x77\x72\x6f\x6e\x67\
\x20\x77\x69\x74\x68\x20\x50\x41\x59\x4c\x4f\x41\x44\x20\x6c\x34\x5f\x63\x73\
\x75\x6d\x5f\x72\x65\x70\x6c\x61\x63\x65\x28\x29\x2e\x0a\0\x53\x6f\x6d\x65\x74\
\x68\x69\x6e\x67\x20\x77\x65\x6e\x74\x20\x77\x72\x6f\x6e\x67\x20\x77\x69\x74\
\x68\x20\x50\x53\x45\x55\x44\x4f\x20\x6c\x34\x5f\x63\x73\x75\x6d\x5f\x72\x65\
\x70\x6c\x61\x63\x65\x28\x29\x2e\x0a\0\x53\x6f\x6d\x65\x74\x68\x69\x6e\x67\x20\
\x77\x65\x6e\x74\x20\x77\x72\x6f\x6e\x67\x20\x77\x69\x74\x68\x20\x54\x43\x50\
\x2d\x3e\x53\x45\x51\x20\x6c\x34\x5f\x63\x73\x75\x6d\x5f\x72\x65\x70\x6c\x61\
\x63\x65\x28\x29\x2e\x0a\0\x53\x6f\x6d\x65\x74\x68\x69\x6e\x67\x20\x77\x65\x6e\
\x74\x20\x77\x72\x6f\x6e\x67\x20\x77\x69\x74\x68\x20\x54\x43\x50\x2d\x3e\x41\
\x43\x4b\x5f\x53\x45\x51\x20\x6c\x34\x5f\x63\x73\x75\x6d\x5f\x72\x65\x70\x6c\
\x61\x63\x65\x28\x29\x2e\x0a\0\0\0\0\0\0\0\0\0\0\0\0\0\0\0\0\0\0\0\0\0\0\0\0\0\
\0\0\0\0\0\0\0\0\0\0\0\0\0\0\0\0\0\0\0\0\0\0\0\0\0\0\0\0\0\0\0\0\0\0\0\0\0\0\0\
\0\0\0\0\0\0\0\0\0\0\0\0\0\0\0\0\0\0\0\0\0\0\0\0\0\0\0\0\0\0\0\0\0\0\0\0\0\0\0\
\0\0\0\0\0\0\0\0\0\0\0\0\0\0\0\0\0\0\0\0\0\0\0\0\0\0\0\0\0\0\0\0\0\0\0\0\0\0\0\
\0\0\0\0\0\0\0\0\0\0\0\0\0\0\0\0\0\0\0\0\0\0\0\0\0\0\x47\x50\x4c\0\0\0\0\0\x28\
\0\0\0\0\0\0\0\x01\0\0\0\x63\0\0\0\x78\0\0\0\0\0\0\0\x01\0\0\0\x63\0\0\0\x18\
\x01\0\0\0\0\0\0\x01\0\0\0\x63\0\0\0\x68\x01\0\0\0\0\0\0\x01\0\0\0\x63\0\0\0\
\xa0\x01\0\0\0\0\0\0\x01\0\0\0\x63\0\0\0\xd8\x01\0\0\0\0\0\0\x01\0\0\0\x63\0\0\
\0\x28\x02\0\0\0\0\0\0\x01\0\0\0\x63\0\0\0\xb8\x02\0\0\0\0\0\0\x01\0\0\0\x65\0\
\0\0\x98\x03\0\0\0\0\0\0\x01\0\0\0\x63\0\0\0\xf0\x03\0\0\0\0\0\0\x01\0\0\0\x63\
\0\0\0\x70\x05\0\0\0\0\0\0\x01\0\0\0\x66\0\0\0\xb0\x1a\0\0\0\0\0\0\x01\0\0\0\
\x63\0\0\0\xf8\x1a\0\0\0\0\0\0\x01\0\0\0\x63\0\0\0\x48\x1b\0\0\0\0\0\0\x01\0\0\
\0\x63\0\0\0\x80\x1b\0\0\0\0\0\0\x01\0\0\0\x63\0\0\0\xc8\x1b\0\0\0\0\0\0\x01\0\
\0\0\x63\0\0\0\x40\x1c\0\0\0\0\0\0\x01\0\0\0\x67\0\0\0\x60\x1c\0\0\0\0\0\0\x01\
\0\0\0\x63\0\0\0\xf8\x1c\0\0\0\0\0\0\x01\0\0\0\x63\0\0\0\x10\x27\0\0\0\0\0\0\
\x01\0\0\0\x63\0\0\0\x70\x27\0\0\0\0\0\0\x01\0\0\0\x63\0\0\0\xb8\x27\0\0\0\0\0\
\0\x01\0\0\0\x63\0\0\0\x08\x28\0\0\0\0\0\0\x01\0\0\0\x63\0\0\0\x40\x28\0\0\0\0\
\0\0\x01\0\0\0\x63\0\0\0\x88\x28\0\0\0\0\0\0\x01\0\0\0\x63\0\0\0\xc8\x28\0\0\0\
\0\0\0\x01\0\0\0\x68\0\0\0\xf0\x28\0\0\0\0\0\0\x01\0\0\0\x63\0\0\0\xe0\x29\0\0\
\0\0\0\0\x01\0\0\0\x63\0\0\0\x30\x2a\0\0\0\0\0\0\x01\0\0\0\x63\0\0\0\xa8\x2d\0\
\0\0\0\0\0\x01\0\0\0\x63\0\0\0\x60\x32\0\0\0\0\0\0\x01\0\0\0\x63\0\0\0\xd0\x32\
\0\0\0\0\0\0\x01\0\0\0\x63\0\0\0\xf0\x32\0\0\0\0\0\0\x01\0\0\0\x63\0\0\0\x70\
\x33\0\0\0\0\0\0\x01\0\0\0\x63\0\0\0\xd8\x33\0\0\0\0\0\0\x01\0\0\0\x63\0\0\0\
\x60\x34\0\0\0\0\0\0\x01\0\0\0\x63\0\0\0\xa8\x34\0\0\0\0\0\0\x01\0\0\0\x63\0\0\
\0\xf8\x34\0\0\0\0\0\0\x01\0\0\0\x63\0\0\0\x98\x35\0\0\0\0\0\0\x01\0\0\0\x63\0\
\0\0\xe8\x35\0\0\0\0\0\0\x01\0\0\0\x63\0\0\0\x20\x36\0\0\0\0\0\0\x01\0\0\0\x63\
\0\0\0\x58\x36\0\0\0\0\0\0\x01\0\0\0\x63\0\0\0\xa8\x36\0\0\0\0\0\0\x01\0\0\0\
\x63\0\0\0\x30\x37\0\0\0\0\0\0\x01\0\0\0\x63\0\0\0\x30\x4b\0\0\0\0\0\0\x01\0\0\
\0\x63\0\0\0\x90\x4b\0\0\0\0\0\0\x01\0\0\0\x63\0\0\0\0\x55\0\0\0\0\0\0\x01\0\0\
\0\x66\0\0\0\x68\x55\0\0\0\0\0\0\x01\0\0\0\xbb\0\0\0\x90\x55\0\0\0\0\0\0\x01\0\
\0\0\x63\0\0\0\x18\x56\0\0\0\0\0\0\x01\0\0\0\x63\0\0\0\x60\x56\0\0\0\0\0\0\x01\
\0\0\0\x63\0\0\0\xa8\x56\0\0\0\0\0\0\x01\0\0\0\x63\0\0\0\xf8\x56\0\0\0\0\0\0\
\x01\0\0\0\x63\0\0\0\x30\x57\0\0\0\0\0\0\x01\0\0\0\x63\0\0\0\x78\x57\0\0\0\0\0\
\0\x01\0\0\0\x63\0\0\0\x98\x5b\0\0\0\0\0\0\x01\0\0\0\x63\0\0\0\x58\x60\0\0\0\0\
\0\0\x01\0\0\0\x63\0\0\0\xc0\x60\0\0\0\0\0\0\x01\0\0\0\x63\0\0\0\xe0\x60\0\0\0\
\0\0\0\x01\0\0\0\x63\0\0\0\x50\x61\0\0\0\0\0\0\x01\0\0\0\x63\0\0\0\xb8\x61\0\0\
\0\0\0\0\x01\0\0\0\x63\0\0\0\x40\x62\0\0\0\0\0\0\x01\0\0\0\x63\0\0\0\x9f\xeb\
\x01\0\x18\0\0\0\0\0\0\0\xf8\x0f\0\0\xf8\x0f\0\0\xab\x38\0\0\0\0\0\0\0\0\0\x02\
\x03\0\0\0\x01\0\0\0\0\0\0\x01\x04\0\0\0\x20\0\0\x01\0\0\0\0\0\0\0\x03\0\0\0\0\
\x02\0\0\0\x04\0\0\0\x02\0\0\0\x05\0\0\0\0\0\0\x01\x04\0\0\0\x20\0\0\0\0\0\0\0\
\0\0\0\x02\x06\0\0\0\0\0\0\0\0\0\0\x03\0\0\0\0\x02\0\0\0\x04\0\0\0\x01\0\0\0\0\
\0\0\0\0\0\0\x02\x08\0\0\0\x19\0\0\0\0\0\0\x08\x09\0\0\0\x1f\0\0\0\0\0\0\x01\
\x04\0\0\0\x20\0\0\0\0\0\0\0\0\0\0\x02\x0b\0\0\0\x2c\0\0\0\x02\0\0\x04\x10\0\0\
\0\x39\0\0\0\x0c\0\0\0\0\0\0\0\x3e\0\0\0\x0d\0\0\0\x40\0\0\0\x4a\0\0\0\x01\0\0\
\x04\x04\0\0\0\x58\0\0\0\x08\0\0\0\0\0\0\0\x5c\0\0\0\0\0\0\x08\x0e\0\0\0\x62\0\
\0\0\0\0\0\x01\x08\0\0\0\x40\0\0\0\0\0\0\0\x04\0\0\x04\x20\0\0\0\x75\0\0\0\x01\
\0\0\0\0\0\0\0\x7a\0\0\0\x05\0\0\0\x40\0\0\0\x86\0\0\0\x07\0\0\0\x80\0\0\0\x8a\
\0\0\0\x0a\0\0\0\xc0\0\0\0\x90\0\0\0\0\0\0\x0e\x0f\0\0\0\x01\0\0\0\0\0\0\0\0\0\
\0\x02\x12\0\0\0\0\0\0\0\0\0\0\x03\0\0\0\0\x02\0\0\0\x04\0\0\0\x06\0\0\0\0\0\0\
\0\0\0\0\x02\x14\0\0\0\x9a\0\0\0\x01\0\0\x04\x04\0\0\0\xa4\0\0\0\x08\0\0\0\0\0\
\0\0\xae\0\0\0\x04\0\0\x04\x20\0\0\0\x75\0\0\0\x11\0\0\0\0\0\0\0\x7a\0\0\0\x01\
\0\0\0\x40\0\0\0\x86\0\0\0\x07\0\0\0\x80\0\0\0\x8a\0\0\0\x13\0\0\0\xc0\0\0\0\
\xae\0\0\0\0\0\0\x0e\x15\0\0\0\x01\0\0\0\0\0\0\0\0\0\0\x02\x18\0\0\0\xbc\0\0\0\
\x01\0\0\x04\0\x08\0\0\xcb\0\0\0\x1b\0\0\0\0\0\0\0\xd1\0\0\0\0\0\0\x08\x1a\0\0\
\0\xd6\0\0\0\0\0\0\x01\x01\0\0\0\x08\0\0\0\0\0\0\0\0\0\0\x03\0\0\0\0\x19\0\0\0\
\x04\0\0\0\0\x08\0\0\0\0\0\0\x04\0\0\x04\x20\0\0\0\x75\0\0\0\x01\0\0\0\0\0\0\0\
\x86\0\0\0\x07\0\0\0\x40\0\0\0\x8a\0\0\0\x17\0\0\0\x80\0\0\0\x7a\0\0\0\x05\0\0\
\0\xc0\0\0\0\xe4\0\0\0\0\0\0\x0e\x1c\0\0\0\x01\0\0\0\0\0\0\0\0\0\0\x02\x1f\0\0\
\0\xf2\0\0\0\x01\0\0\x04\0\x08\0\0\xcb\0\0\0\x1b\0\0\0\0\0\0\0\0\0\0\0\x04\0\0\
\x04\x20\0\0\0\x75\0\0\0\x11\0\0\0\0\0\0\0\x86\0\0\0\x07\0\0\0\x40\0\0\0\x8a\0\
\0\0\x1e\0\0\0\x80\0\0\0\x7a\0\0\0\x05\0\0\0\xc0\0\0\0\x08\x01\0\0\0\0\0\x0e\
\x20\0\0\0\x01\0\0\0\0\0\0\0\0\0\0\x02\x23\0\0\0\x20\x01\0\0\x22\0\0\x04\xc0\0\
\0\0\x2a\x01\0\0\x08\0\0\0\0\0\0\0\x2e\x01\0\0\x08\0\0\0\x20\0\0\0\x37\x01\0\0\
\x08\0\0\0\x40\0\0\0\x3c\x01\0\0\x08\0\0\0\x60\0\0\0\x4a\x01\0\0\x08\0\0\0\x80\
\0\0\0\x53\x01\0\0\x08\0\0\0\xa0\0\0\0\x60\x01\0\0\x08\0\0\0\xc0\0\0\0\x69\x01\
\0\0\x08\0\0\0\xe0\0\0\0\x74\x01\0\0\x08\0\0\0\0\x01\0\0\x7d\x01\0\0\x08\0\0\0\
\x20\x01\0\0\x8d\x01\0\0\x08\0\0\0\x40\x01\0\0\x95\x01\0\0\x08\0\0\0\x60\x01\0\
\0\x9e\x01\0\0\x24\0\0\0\x80\x01\0\0\xa1\x01\0\0\x08\0\0\0\x20\x02\0\0\xa6\x01\
\0\0\x08\0\0\0\x40\x02\0\0\xb1\x01\0\0\x08\0\0\0\x60\x02\0\0\xb6\x01\0\0\x08\0\
\0\0\x80\x02\0\0\xbf\x01\0\0\x08\0\0\0\xa0\x02\0\0\xc7\x01\0\0\x08\0\0\0\xc0\
\x02\0\0\xce\x01\0\0\x08\0\0\0\xe0\x02\0\0\xd9\x01\0\0\x08\0\0\0\0\x03\0\0\xe3\
\x01\0\0\x25\0\0\0\x20\x03\0\0\xee\x01\0\0\x25\0\0\0\xa0\x03\0\0\xf8\x01\0\0\
\x08\0\0\0\x20\x04\0\0\x04\x02\0\0\x08\0\0\0\x40\x04\0\0\x0f\x02\0\0\x08\0\0\0\
\x60\x04\0\0\0\0\0\0\x26\0\0\0\x80\x04\0\0\x19\x02\0\0\x0d\0\0\0\xc0\x04\0\0\
\x20\x02\0\0\x08\0\0\0\0\x05\0\0\x29\x02\0\0\x08\0\0\0\x20\x05\0\0\0\0\0\0\x28\
\0\0\0\x40\x05\0\0\x32\x02\0\0\x08\0\0\0\x80\x05\0\0\x3b\x02\0\0\x19\0\0\0\xa0\
\x05\0\0\x47\x02\0\0\x0d\0\0\0\xc0\x05\0\0\0\0\0\0\0\0\0\x03\0\0\0\0\x08\0\0\0\
\x04\0\0\0\x05\0\0\0\0\0\0\0\0\0\0\x03\0\0\0\0\x08\0\0\0\x04\0\0\0\x04\0\0\0\0\
\0\0\0\x01\0\0\x05\x08\0\0\0\x50\x02\0\0\x27\0\0\0\0\0\0\0\0\0\0\0\0\0\0\x02\
\x6c\0\0\0\0\0\0\0\x01\0\0\x05\x08\0\0\0\x5a\x02\0\0\x29\0\0\0\0\0\0\0\0\0\0\0\
\0\0\0\x02\x6d\0\0\0\0\0\0\0\x01\0\0\x0d\x02\0\0\0\x5d\x02\0\0\x22\0\0\0\x61\
\x02\0\0\x01\0\0\x0c\x2a\0\0\0\x6b\x02\0\0\x0a\0\0\x84\x14\0\0\0\x71\x02\0\0\
\x19\0\0\0\0\0\0\x04\x75\x02\0\0\x19\0\0\0\x04\0\0\x04\x7d\x02\0\0\x19\0\0\0\
\x08\0\0\0\x81\x02\0\0\x2d\0\0\0\x10\0\0\0\x89\x02\0\0\x2d\0\0\0\x20\0\0\0\x8c\
\x02\0\0\x2d\0\0\0\x30\0\0\0\x95\x02\0\0\x19\0\0\0\x40\0\0\0\x4a\x01\0\0\x19\0\
\0\0\x48\0\0\0\x99\x02\0\0\x30\0\0\0\x50\0\0\0\0\0\0\0\x31\0\0\0\x60\0\0\0\x9f\
\x02\0\0\0\0\0\x08\x2e\0\0\0\xa6\x02\0\0\0\0\0\x08\x2f\0\0\0\xac\x02\0\0\0\0\0\
\x01\x02\0\0\0\x10\0\0\0\xbb\x02\0\0\0\0\0\x08\x2e\0\0\0\0\0\0\0\x02\0\0\x05\
\x08\0\0\0\0\0\0\0\x32\0\0\0\0\0\0\0\xc3\x02\0\0\x32\0\0\0\0\0\0\0\0\0\0\0\x02\
\0\0\x04\x08\0\0\0\xc9\x02\0\0\x33\0\0\0\0\0\0\0\xcf\x02\0\0\x33\0\0\0\x20\0\0\
\0\xd5\x02\0\0\0\0\0\x08\x08\0\0\0\xdc\x02\0\0\x11\0\0\x84\x14\0\0\0\xe3\x02\0\
\0\x2d\0\0\0\0\0\0\0\xea\x02\0\0\x2d\0\0\0\x10\0\0\0\xef\x02\0\0\x33\0\0\0\x20\
\0\0\0\xf3\x02\0\0\x33\0\0\0\x40\0\0\0\xfb\x02\0\0\x2e\0\0\0\x60\0\0\x04\0\x03\
\0\0\x2e\0\0\0\x64\0\0\x04\x05\x03\0\0\x2e\0\0\0\x68\0\0\x01\x09\x03\0\0\x2e\0\
\0\0\x69\0\0\x01\x0d\x03\0\0\x2e\0\0\0\x6a\0\0\x01\x11\x03\0\0\x2e\0\0\0\x6b\0\
\0\x01\x15\x03\0\0\x2e\0\0\0\x6c\0\0\x01\x19\x03\0\0\x2e\0\0\0\x6d\0\0\x01\x1d\
\x03\0\0\x2e\0\0\0\x6e\0\0\x01\x21\x03\0\0\x2e\0\0\0\x6f\0\0\x01\x25\x03\0\0\
\x2d\0\0\0\x70\0\0\0\x99\x02\0\0\x30\0\0\0\x80\0\0\0\x2c\x03\0\0\x2d\0\0\0\x90\
\0\0\0\0\0\0\0\0\0\0\x0a\x36\0\0\0\x34\x03\0\0\0\0\0\x01\x01\0\0\0\x08\0\0\x01\
\0\0\0\0\0\0\0\x03\0\0\0\0\x35\0\0\0\x04\0\0\0\x2b\0\0\0\x39\x03\0\0\0\0\0\x0e\
\x37\0\0\0\0\0\0\0\0\0\0\0\0\0\0\x03\0\0\0\0\x35\0\0\0\x04\0\0\0\x11\0\0\0\x4b\
\x03\0\0\0\0\0\x0e\x39\0\0\0\0\0\0\0\0\0\0\0\0\0\0\x03\0\0\0\0\x35\0\0\0\x04\0\
\0\0\x19\0\0\0\x5f\x03\0\0\0\0\0\x0e\x3b\0\0\0\0\0\0\0\0\0\0\0\0\0\0\x03\0\0\0\
\0\x35\0\0\0\x04\0\0\0\x14\0\0\0\x73\x03\0\0\0\0\0\x0e\x3d\0\0\0\0\0\0\0\0\0\0\
\0\0\0\0\x03\0\0\0\0\x35\0\0\0\x04\0\0\0\x13\0\0\0\x87\x03\0\0\0\0\0\x0e\x3f\0\
\0\0\0\0\0\0\0\0\0\0\0\0\0\x03\0\0\0\0\x35\0\0\0\x04\0\0\0\x1a\0\0\0\x9b\x03\0\
\0\0\0\0\x0e\x41\0\0\0\0\0\0\0\0\0\0\0\0\0\0\x03\0\0\0\0\x35\0\0\0\x04\0\0\0\
\x18\0\0\0\xaf\x03\0\0\0\0\0\x0e\x43\0\0\0\0\0\0\0\xc3\x03\0\0\0\0\0\x0e\x37\0\
\0\0\0\0\0\0\0\0\0\0\0\0\0\x03\0\0\0\0\x35\0\0\0\x04\0\0\0\x16\0\0\0\xd7\x03\0\
\0\0\0\0\x0e\x46\0\0\0\0\0\0\0\0\0\0\0\0\0\0\x03\0\0\0\0\x35\0\0\0\x04\0\0\0\
\x29\0\0\0\xeb\x03\0\0\0\0\0\x0e\x48\0\0\0\0\0\0\0\0\0\0\0\0\0\0\x03\0\0\0\0\
\x35\0\0\0\x04\0\0\0\x15\0\0\0\xff\x03\0\0\0\0\0\x0e\x4a\0\0\0\0\0\0\0\x14\x04\
\0\0\0\0\0\x0e\x43\0\0\0\0\0\0\0\0\0\0\0\0\0\0\x03\0\0\0\0\x35\0\0\0\x04\0\0\0\
\x17\0\0\0\x29\x04\0\0\0\0\0\x0e\x4d\0\0\0\0\0\0\0\x3e\x04\0\0\0\0\0\x0e\x4d\0\
\0\0\0\0\0\0\0\0\0\0\0\0\0\x03\0\0\0\0\x35\0\0\0\x04\0\0\0\x10\0\0\0\x53\x04\0\
\0\0\0\0\x0e\x50\0\0\0\0\0\0\0\0\0\0\0\0\0\0\x03\0\0\0\0\x35\0\0\0\x04\0\0\0\
\x1c\0\0\0\x68\x04\0\0\0\0\0\x0e\x52\0\0\0\0\0\0\0\x7d\x04\0\0\0\0\0\x0e\x3b\0\
\0\0\0\0\0\0\0\0\0\0\0\0\0\x03\0\0\0\0\x35\0\0\0\x04\0\0\0\x1e\0\0\0\x92\x04\0\
\0\0\0\0\x0e\x55\0\0\0\0\0\0\0\xa7\x04\0\0\0\0\0\x0e\x4a\0\0\0\0\0\0\0\xbc\x04\
\0\0\0\0\0\x0e\x43\0\0\0\0\0\0\0\xd1\x04\0\0\0\0\0\x0e\x4d\0\0\0\0\0\0\0\xe6\
\x04\0\0\0\0\0\x0e\x4d\0\0\0\0\0\0\0\xfb\x04\0\0\0\0\0\x0e\x50\0\0\0\0\0\0\0\
\x10\x05\0\0\0\0\0\x0e\x55\0\0\0\0\0\0\0\x25\x05\0\0\0\0\0\x0e\x3d\0\0\0\0\0\0\
\0\x3a\x05\0\0\0\0\0\x0e\x55\0\0\0\0\0\0\0\x4f\x05\0\0\0\0\0\x0e\x3d\0\0\0\0\0\
\0\0\0\0\0\0\0\0\0\x03\0\0\0\0\x35\0\0\0\x04\0\0\0\x31\0\0\0\x64\x05\0\0\0\0\0\
\x0e\x60\0\0\0\0\0\0\0\0\0\0\0\0\0\0\x03\0\0\0\0\x35\0\0\0\x04\0\0\0\x36\0\0\0\
\x79\x05\0\0\0\0\0\x0e\x62\0\0\0\0\0\0\0\0\0\0\0\0\0\0\x03\0\0\0\0\x35\0\0\0\
\x04\0\0\0\x35\0\0\0\x8e\x05\0\0\0\0\0\x0e\x64\0\0\0\0\0\0\0\0\0\0\0\0\0\0\x03\
\0\0\0\0\x35\0\0\0\x04\0\0\0\x37\0\0\0\xa3\x05\0\0\0\0\0\x0e\x66\0\0\0\0\0\0\0\
\0\0\0\0\0\0\0\x03\0\0\0\0\x35\0\0\0\x04\0\0\0\x3b\0\0\0\xb8\x05\0\0\0\0\0\x0e\
\x68\0\0\0\0\0\0\0\0\0\0\0\0\0\0\x03\0\0\0\0\x36\0\0\0\x04\0\0\0\x04\0\0\0\xcd\
\x05\0\0\0\0\0\x0e\x6a\0\0\0\x01\0\0\0\xd7\x05\0\0\0\0\0\x07\0\0\0\0\xe5\x05\0\
\0\0\0\0\x07\0\0\0\0\xf1\x27\0\0\0\0\0\x0e\x20\0\0\0\x01\0\0\0\x09\x28\0\0\x01\
\0\0\x0c\x2a\0\0\0\x14\x28\0\0\0\0\0\x0e\x37\0\0\0\0\0\0\0\x27\x28\0\0\0\0\0\
\x0e\x39\0\0\0\0\0\0\0\x3c\x28\0\0\0\0\0\x0e\x3b\0\0\0\0\0\0\0\x51\x28\0\0\0\0\
\0\x0e\x3d\0\0\0\0\0\0\0\x66\x28\0\0\0\0\0\x0e\x3f\0\0\0\0\0\0\0\x7b\x28\0\0\0\
\0\0\x0e\x41\0\0\0\0\0\0\0\x90\x28\0\0\0\0\0\x0e\x43\0\0\0\0\0\0\0\xa5\x28\0\0\
\0\0\0\x0e\x46\0\0\0\0\0\0\0\xba\x28\0\0\0\0\0\x0e\x55\0\0\0\0\0\0\0\0\0\0\0\0\
\0\0\x03\0\0\0\0\x35\0\0\0\x04\0\0\0\x1d\0\0\0\xcf\x28\0\0\0\0\0\x0e\x79\0\0\0\
\0\0\0\0\xe4\x28\0\0\0\0\0\x0e\x39\0\0\0\0\0\0\0\xfa\x28\0\0\0\0\0\x0e\x52\0\0\
\0\0\0\0\0\x10\x29\0\0\0\0\0\x0e\x48\0\0\0\0\0\0\0\x26\x29\0\0\0\0\0\x0e\x4a\0\
\0\0\0\0\0\0\x3c\x29\0\0\0\0\0\x0e\x43\0\0\0\0\0\0\0\x52\x29\0\0\0\0\0\x0e\x4d\
\0\0\0\0\0\0\0\x68\x29\0\0\0\0\0\x0e\x4d\0\0\0\0\0\0\0\x7e\x29\0\0\0\0\0\x0e\
\x3d\0\0\0\0\0\0\0\x94\x29\0\0\0\0\0\x0e\x3d\0\0\0\0\0\0\0\xaa\x29\0\0\0\0\0\
\x0e\x60\0\0\0\0\0\0\0\xc0\x29\0\0\0\0\0\x0e\x62\0\0\0\0\0\0\0\xd6\x29\0\0\0\0\
\0\x0e\x64\0\0\0\0\0\0\0\xec\x29\0\0\0\0\0\x0e\x66\0\0\0\0\0\0\0\x02\x2a\0\0\0\
\0\0\x0e\x68\0\0\0\0\0\0\0\x92\x38\0\0\x38\0\0\x0f\x99\x06\0\0\x38\0\0\0\0\0\0\
\0\x2b\0\0\0\x3a\0\0\0\x2b\0\0\0\x11\0\0\0\x3c\0\0\0\x3c\0\0\0\x19\0\0\0\x3e\0\
\0\0\x55\0\0\0\x14\0\0\0\x40\0\0\0\x69\0\0\0\x13\0\0\0\x42\0\0\0\x7c\0\0\0\x1a\
\0\0\0\x44\0\0\0\x96\0\0\0\x18\0\0\0\x45\0\0\0\xae\0\0\0\x2b\0\0\0\x47\0\0\0\
\xd9\0\0\0\x16\0\0\0\x49\0\0\0\xef\0\0\0\x29\0\0\0\x4b\0\0\0\x18\x01\0\0\x15\0\
\0\0\x4c\0\0\0\x2d\x01\0\0\x18\0\0\0\x4e\0\0\0\x45\x01\0\0\x17\0\0\0\x4f\0\0\0\
\x5c\x01\0\0\x17\0\0\0\x51\0\0\0\x73\x01\0\0\x10\0\0\0\x53\0\0\0\x83\x01\0\0\
\x1c\0\0\0\x54\0\0\0\x9f\x01\0\0\x19\0\0\0\x56\0\0\0\xb8\x01\0\0\x1e\0\0\0\x57\
\0\0\0\xd6\x01\0\0\x15\0\0\0\x58\0\0\0\xeb\x01\0\0\x18\0\0\0\x59\0\0\0\x03\x02\
\0\0\x17\0\0\0\x5a\0\0\0\x1a\x02\0\0\x17\0\0\0\x5b\0\0\0\x31\x02\0\0\x10\0\0\0\
\x5c\0\0\0\x41\x02\0\0\x1e\0\0\0\x5d\0\0\0\x5f\x02\0\0\x14\0\0\0\x5e\0\0\0\x73\
\x02\0\0\x1e\0\0\0\x5f\0\0\0\x91\x02\0\0\x14\0\0\0\x61\0\0\0\xa5\x02\0\0\x31\0\
\0\0\x63\0\0\0\xd6\x02\0\0\x36\0\0\0\x65\0\0\0\x0c\x03\0\0\x35\0\0\0\x67\0\0\0\
\x41\x03\0\0\x37\0\0\0\x69\0\0\0\x78\x03\0\0\x3b\0\0\0\x70\0\0\0\xb3\x03\0\0\
\x2b\0\0\0\x71\0\0\0\xde\x03\0\0\x11\0\0\0\x72\0\0\0\xef\x03\0\0\x19\0\0\0\x73\
\0\0\0\x08\x04\0\0\x14\0\0\0\x74\0\0\0\x1c\x04\0\0\x13\0\0\0\x75\0\0\0\x2f\x04\
\0\0\x1a\0\0\0\x76\0\0\0\x49\x04\0\0\x18\0\0\0\x77\0\0\0\x61\x04\0\0\x16\0\0\0\
\x78\0\0\0\x77\x04\0\0\x1e\0\0\0\x7a\0\0\0\x95\x04\0\0\x1d\0\0\0\x7b\0\0\0\xb2\
\x04\0\0\x11\0\0\0\x7c\0\0\0\xc3\x04\0\0\x1c\0\0\0\x7d\0\0\0\xdf\x04\0\0\x29\0\
\0\0\x7e\0\0\0\x08\x05\0\0\x15\0\0\0\x7f\0\0\0\x1d\x05\0\0\x18\0\0\0\x80\0\0\0\
\x35\x05\0\0\x17\0\0\0\x81\0\0\0\x4c\x05\0\0\x17\0\0\0\x82\0\0\0\x63\x05\0\0\
\x14\0\0\0\x83\0\0\0\x77\x05\0\0\x14\0\0\0\x84\0\0\0\x8b\x05\0\0\x31\0\0\0\x85\
\0\0\0\xbc\x05\0\0\x36\0\0\0\x86\0\0\0\xf2\x05\0\0\x35\0\0\0\x87\0\0\0\x27\x06\
\0\0\x37\0\0\0\x88\0\0\0\x5e\x06\0\0\x3b\0\0\0\x9a\x38\0\0\x05\0\0\x0f\xa0\0\0\
\0\x10\0\0\0\0\0\0\0\x20\0\0\0\x16\0\0\0\x20\0\0\0\x20\0\0\0\x1d\0\0\0\x40\0\0\
\0\x20\0\0\0\x21\0\0\0\x60\0\0\0\x20\0\0\0\x6e\0\0\0\x80\0\0\0\x20\0\0\0\xa0\
\x38\0\0\x01\0\0\x0f\x04\0\0\0\x6b\0\0\0\0\0\0\0\x04\0\0\0\0\x69\x6e\x74\0\x5f\
\x5f\x41\x52\x52\x41\x59\x5f\x53\x49\x5a\x45\x5f\x54\x59\x50\x45\x5f\x5f\0\x5f\
\x5f\x75\x33\x32\0\x75\x6e\x73\x69\x67\x6e\x65\x64\x20\x69\x6e\x74\0\x70\x61\
\x63\x69\x6e\x67\x5f\x73\x74\x61\x74\x65\0\x6c\x6f\x63\x6b\0\x6c\x61\x73\x74\
\x5f\x74\x78\x74\x69\x6d\x65\0\x62\x70\x66\x5f\x73\x70\x69\x6e\x5f\x6c\x6f\x63\
\x6b\0\x76\x61\x6c\0\x5f\x5f\x75\x36\x34\0\x75\x6e\x73\x69\x67\x6e\x65\x64\x20\
\x6c\x6f\x6e\x67\x20\x6c\x6f\x6e\x67\0\x74\x79\x70\x65\0\x6d\x61\x78\x5f\x65\
\x6e\x74\x72\x69\x65\x73\0\x6b\x65\x79\0\x76\x61\x6c\x75\x65\0\x73\x74\x61\x74\
\x65\x5f\x6d\x61\x70\0\x70\x61\x64\x5f\x73\x74\x61\x74\x65\0\x70\x61\x64\x5f\
\x62\x79\x74\x65\x73\0\x70\x61\x64\x5f\x73\x74\x61\x74\x65\x5f\x6d\x61\x70\0\
\x72\x61\x6e\x64\x5f\x62\x79\x74\x65\x5f\x62\x75\x66\x66\0\x62\x79\x74\x65\x73\
\0\x5f\x5f\x75\x38\0\x75\x6e\x73\x69\x67\x6e\x65\x64\x20\x63\x68\x61\x72\0\x72\
\x61\x6e\x64\x5f\x62\x79\x74\x65\x5f\x6d\x61\x70\0\x72\x61\x6e\x64\x5f\x62\x79\
\x74\x65\x5f\x62\x75\x66\x66\x5f\x68\x6f\x6c\x64\x65\x72\0\x72\x61\x6e\x64\x5f\
\x62\x79\x74\x65\x5f\x68\x6f\x6c\x64\x65\x72\x5f\x6d\x61\x70\x5f\x65\x67\0\x5f\
\x5f\x73\x6b\x5f\x62\x75\x66\x66\0\x6c\x65\x6e\0\x70\x6b\x74\x5f\x74\x79\x70\
\x65\0\x6d\x61\x72\x6b\0\x71\x75\x65\x75\x65\x5f\x6d\x61\x70\x70\x69\x6e\x67\0\
\x70\x72\x6f\x74\x6f\x63\x6f\x6c\0\x76\x6c\x61\x6e\x5f\x70\x72\x65\x73\x65\x6e\
\x74\0\x76\x6c\x61\x6e\x5f\x74\x63\x69\0\x76\x6c\x61\x6e\x5f\x70\x72\x6f\x74\
\x6f\0\x70\x72\x69\x6f\x72\x69\x74\x79\0\x69\x6e\x67\x72\x65\x73\x73\x5f\x69\
\x66\x69\x6e\x64\x65\x78\0\x69\x66\x69\x6e\x64\x65\x78\0\x74\x63\x5f\x69\x6e\
\x64\x65\x78\0\x63\x62\0\x68\x61\x73\x68\0\x74\x63\x5f\x63\x6c\x61\x73\x73\x69\
\x64\0\x64\x61\x74\x61\0\x64\x61\x74\x61\x5f\x65\x6e\x64\0\x6e\x61\x70\x69\x5f\
\x69\x64\0\x66\x61\x6d\x69\x6c\x79\0\x72\x65\x6d\x6f\x74\x65\x5f\x69\x70\x34\0\
\x6c\x6f\x63\x61\x6c\x5f\x69\x70\x34\0\x72\x65\x6d\x6f\x74\x65\x5f\x69\x70\x36\
\0\x6c\x6f\x63\x61\x6c\x5f\x69\x70\x36\0\x72\x65\x6d\x6f\x74\x65\x5f\x70\x6f\
\x72\x74\0\x6c\x6f\x63\x61\x6c\x5f\x70\x6f\x72\x74\0\x64\x61\x74\x61\x5f\x6d\
\x65\x74\x61\0\x74\x73\x74\x61\x6d\x70\0\x77\x69\x72\x65\x5f\x6c\x65\x6e\0\x67\
\x73\x6f\x5f\x73\x65\x67\x73\0\x67\x73\x6f\x5f\x73\x69\x7a\x65\0\x74\x73\x74\
\x61\x6d\x70\x5f\x74\x79\x70\x65\0\x68\x77\x74\x73\x74\x61\x6d\x70\0\x66\x6c\
\x6f\x77\x5f\x6b\x65\x79\x73\0\x73\x6b\0\x63\x74\x78\0\x74\x63\x5f\x65\x67\x72\
\x65\x73\x73\0\x69\x70\x68\x64\x72\0\x69\x68\x6c\0\x76\x65\x72\x73\x69\x6f\x6e\
\0\x74\x6f\x73\0\x74\x6f\x74\x5f\x6c\x65\x6e\0\x69\x64\0\x66\x72\x61\x67\x5f\
\x6f\x66\x66\0\x74\x74\x6c\0\x63\x68\x65\x63\x6b\0\x5f\x5f\x62\x65\x31\x36\0\
\x5f\x5f\x75\x31\x36\0\x75\x6e\x73\x69\x67\x6e\x65\x64\x20\x73\x68\x6f\x72\x74\
\0\x5f\x5f\x73\x75\x6d\x31\x36\0\x61\x64\x64\x72\x73\0\x73\x61\x64\x64\x72\0\
\x64\x61\x64\x64\x72\0\x5f\x5f\x62\x65\x33\x32\0\x74\x63\x70\x68\x64\x72\0\x73\
\x6f\x75\x72\x63\x65\0\x64\x65\x73\x74\0\x73\x65\x71\0\x61\x63\x6b\x5f\x73\x65\
\x71\0\x72\x65\x73\x31\0\x64\x6f\x66\x66\0\x66\x69\x6e\0\x73\x79\x6e\0\x72\x73\
\x74\0\x70\x73\x68\0\x61\x63\x6b\0\x75\x72\x67\0\x65\x63\x65\0\x63\x77\x72\0\
\x77\x69\x6e\x64\x6f\x77\0\x75\x72\x67\x5f\x70\x74\x72\0\x63\x68\x61\x72\0\x74\
\x63\x5f\x65\x67\x72\x65\x73\x73\x2e\x5f\x5f\x5f\x5f\x66\x6d\x74\0\x74\x63\x5f\
\x65\x67\x72\x65\x73\x73\x2e\x5f\x5f\x5f\x5f\x66\x6d\x74\x2e\x31\0\x74\x63\x5f\
\x65\x67\x72\x65\x73\x73\x2e\x5f\x5f\x5f\x5f\x66\x6d\x74\x2e\x32\0\x74\x63\x5f\
\x65\x67\x72\x65\x73\x73\x2e\x5f\x5f\x5f\x5f\x66\x6d\x74\x2e\x33\0\x74\x63\x5f\
\x65\x67\x72\x65\x73\x73\x2e\x5f\x5f\x5f\x5f\x66\x6d\x74\x2e\x34\0\x74\x63\x5f\
\x65\x67\x72\x65\x73\x73\x2e\x5f\x5f\x5f\x5f\x66\x6d\x74\x2e\x35\0\x74\x63\x5f\
\x65\x67\x72\x65\x73\x73\x2e\x5f\x5f\x5f\x5f\x66\x6d\x74\x2e\x36\0\x74\x63\x5f\
\x65\x67\x72\x65\x73\x73\x2e\x5f\x5f\x5f\x5f\x66\x6d\x74\x2e\x37\0\x74\x63\x5f\
\x65\x67\x72\x65\x73\x73\x2e\x5f\x5f\x5f\x5f\x66\x6d\x74\x2e\x38\0\x74\x63\x5f\
\x65\x67\x72\x65\x73\x73\x2e\x5f\x5f\x5f\x5f\x66\x6d\x74\x2e\x39\0\x74\x63\x5f\
\x65\x67\x72\x65\x73\x73\x2e\x5f\x5f\x5f\x5f\x66\x6d\x74\x2e\x31\x30\0\x74\x63\
\x5f\x65\x67\x72\x65\x73\x73\x2e\x5f\x5f\x5f\x5f\x66\x6d\x74\x2e\x31\x31\0\x74\
\x63\x5f\x65\x67\x72\x65\x73\x73\x2e\x5f\x5f\x5f\x5f\x66\x6d\x74\x2e\x31\x32\0\
\x74\x63\x5f\x65\x67\x72\x65\x73\x73\x2e\x5f\x5f\x5f\x5f\x66\x6d\x74\x2e\x31\
\x33\0\x74\x63\x5f\x65\x67\x72\x65\x73\x73\x2e\x5f\x5f\x5f\x5f\x66\x6d\x74\x2e\
\x31\x35\0\x74\x63\x5f\x65\x67\x72\x65\x73\x73\x2e\x5f\x5f\x5f\x5f\x66\x6d\x74\
\x2e\x31\x36\0\x74\x63\x5f\x65\x67\x72\x65\x73\x73\x2e\x5f\x5f\x5f\x5f\x66\x6d\
\x74\x2e\x31\x37\0\x74\x63\x5f\x65\x67\x72\x65\x73\x73\x2e\x5f\x5f\x5f\x5f\x66\
\x6d\x74\x2e\x31\x38\0\x74\x63\x5f\x65\x67\x72\x65\x73\x73\x2e\x5f\x5f\x5f\x5f\
\x66\x6d\x74\x2e\x31\x39\0\x74\x63\x5f\x65\x67\x72\x65\x73\x73\x2e\x5f\x5f\x5f\
\x5f\x66\x6d\x74\x2e\x32\x30\0\x74\x63\x5f\x65\x67\x72\x65\x73\x73\x2e\x5f\x5f\
\x5f\x5f\x66\x6d\x74\x2e\x32\x31\0\x74\x63\x5f\x65\x67\x72\x65\x73\x73\x2e\x5f\
\x5f\x5f\x5f\x66\x6d\x74\x2e\x32\x32\0\x74\x63\x5f\x65\x67\x72\x65\x73\x73\x2e\
\x5f\x5f\x5f\x5f\x66\x6d\x74\x2e\x32\x33\0\x74\x63\x5f\x65\x67\x72\x65\x73\x73\
\x2e\x5f\x5f\x5f\x5f\x66\x6d\x74\x2e\x32\x34\0\x74\x63\x5f\x65\x67\x72\x65\x73\
\x73\x2e\x5f\x5f\x5f\x5f\x66\x6d\x74\x2e\x32\x35\0\x74\x63\x5f\x65\x67\x72\x65\
\x73\x73\x2e\x5f\x5f\x5f\x5f\x66\x6d\x74\x2e\x32\x36\0\x74\x63\x5f\x65\x67\x72\
\x65\x73\x73\x2e\x5f\x5f\x5f\x5f\x66\x6d\x74\x2e\x32\x37\0\x74\x63\x5f\x65\x67\
\x72\x65\x73\x73\x2e\x5f\x5f\x5f\x5f\x66\x6d\x74\x2e\x32\x38\0\x74\x63\x5f\x65\
\x67\x72\x65\x73\x73\x2e\x5f\x5f\x5f\x5f\x66\x6d\x74\x2e\x32\x39\0\x74\x63\x5f\
\x65\x67\x72\x65\x73\x73\x2e\x5f\x5f\x5f\x5f\x66\x6d\x74\x2e\x33\x30\0\x74\x63\
\x5f\x65\x67\x72\x65\x73\x73\x2e\x5f\x5f\x5f\x5f\x66\x6d\x74\x2e\x33\x31\0\x74\
\x63\x5f\x65\x67\x72\x65\x73\x73\x2e\x5f\x5f\x5f\x5f\x66\x6d\x74\x2e\x33\x32\0\
\x5f\x5f\x6c\x69\x63\x65\x6e\x73\x65\0\x62\x70\x66\x5f\x66\x6c\x6f\x77\x5f\x6b\
\x65\x79\x73\0\x62\x70\x66\x5f\x73\x6f\x63\x6b\0\x2f\x68\x6f\x6d\x65\x2f\x75\
\x73\x65\x72\x2f\x44\x65\x73\x6b\x74\x6f\x70\x2f\x65\x42\x50\x46\x5f\x43\x6f\
\x64\x65\x2f\x73\x72\x63\x2f\x65\x6e\x74\x72\x6f\x70\x79\x2f\x73\x69\x7a\x65\
\x2f\x6d\x61\x69\x6e\x2f\x74\x63\x5f\x65\x67\x72\x65\x73\x73\x2e\x62\x70\x66\
\x2e\x63\0\x69\x6e\x74\x20\x74\x63\x5f\x65\x67\x72\x65\x73\x73\x28\x73\x74\x72\
\x75\x63\x74\x20\x5f\x5f\x73\x6b\x5f\x62\x75\x66\x66\x20\x2a\x63\x74\x78\x29\
\x20\x7b\0\x20\x20\x20\x20\x69\x66\x20\x28\x62\x70\x66\x5f\x73\x6b\x62\x5f\x70\
\x75\x6c\x6c\x5f\x64\x61\x74\x61\x28\x63\x74\x78\x2c\x20\x30\x29\x29\x20\x7b\
\x20\x20\x2f\x2f\x20\x52\x65\x74\x75\x72\x6e\x73\x20\x30\x20\x6f\x6e\x20\x73\
\x75\x63\x63\x65\x73\x73\0\x20\x20\x20\x20\x20\x20\x20\x20\x62\x70\x66\x5f\x70\
\x72\x69\x6e\x74\x6b\x28\x22\x46\x61\x69\x6c\x65\x64\x20\x74\x6f\x20\x70\x75\
\x6c\x6c\x20\x64\x61\x74\x61\x20\x61\x74\x20\x62\x70\x66\x5f\x73\x6b\x62\x5f\
\x70\x75\x6c\x6c\x5f\x64\x61\x74\x61\x2e\x5c\x6e\x22\x29\x3b\0\x20\x20\x20\x20\
\x76\x6f\x69\x64\x20\x2a\x64\x61\x74\x61\x5f\x65\x6e\x64\x20\x3d\x20\x28\x76\
\x6f\x69\x64\x20\x2a\x29\x20\x28\x5f\x5f\x75\x36\x34\x29\x20\x63\x74\x78\x2d\
\x3e\x64\x61\x74\x61\x5f\x65\x6e\x64\x3b\0\x20\x20\x20\x20\x76\x6f\x69\x64\x20\
\x2a\x64\x61\x74\x61\x20\x3d\x20\x28\x76\x6f\x69\x64\x20\x2a\x29\x20\x28\x5f\
\x5f\x75\x36\x34\x29\x20\x63\x74\x78\x2d\x3e\x64\x61\x74\x61\x3b\x20\x20\x2f\
\x2f\x20\x28\x75\x6e\x73\x69\x67\x6e\x65\x64\x20\x6c\x6f\x6e\x67\x29\x20\x3d\
\x3d\x20\x28\x5f\x5f\x75\x36\x34\x29\0\x20\x20\x20\x20\x69\x66\x20\x28\x21\x76\
\x65\x72\x69\x66\x69\x65\x72\x5f\x63\x68\x65\x63\x6b\x65\x72\x28\x69\x70\x20\
\x2b\x20\x31\x2c\x20\x64\x61\x74\x61\x5f\x65\x6e\x64\x2c\x20\x30\x29\x29\x20\
\x7b\0\x20\x20\x20\x20\x20\x20\x20\x20\x62\x70\x66\x5f\x70\x72\x69\x6e\x74\x6b\
\x28\x22\x46\x61\x69\x6c\x65\x64\x20\x61\x74\x20\x69\x70\x68\x72\x2e\x5c\x6e\
\x22\x29\x3b\0\x7d\0\x2f\x68\x6f\x6d\x65\x2f\x75\x73\x65\x72\x2f\x44\x65\x73\
\x6b\x74\x6f\x70\x2f\x65\x42\x50\x46\x5f\x43\x6f\x64\x65\x2f\x73\x72\x63\x2f\
\x65\x6e\x74\x72\x6f\x70\x79\x2f\x73\x69\x7a\x65\x2f\x6d\x61\x69\x6e\x2f\x2e\
\x2f\x74\x63\x2e\x68\0\x20\x20\x20\x20\x69\x66\x20\x28\x64\x61\x74\x61\x20\x2b\
\x20\x6f\x66\x66\x73\x65\x74\x6f\x66\x28\x73\x74\x72\x75\x63\x74\x20\x69\x70\
\x68\x64\x72\x2c\x20\x70\x72\x6f\x74\x6f\x63\x6f\x6c\x29\x20\x2b\x20\x31\x20\
\x3e\x20\x64\x61\x74\x61\x5f\x65\x6e\x64\x29\0\x20\x20\x20\x20\x69\x66\x20\x28\
\x69\x70\x2d\x3e\x76\x65\x72\x73\x69\x6f\x6e\x20\x21\x3d\x20\x34\x29\0\x20\x20\
\x20\x20\x69\x66\x20\x28\x28\x69\x70\x2d\x3e\x70\x72\x6f\x74\x6f\x63\x6f\x6c\
\x29\x20\x21\x3d\x20\x49\x50\x50\x52\x4f\x54\x4f\x5f\x54\x43\x50\x29\x20\x7b\0\
\x20\x20\x20\x20\x69\x66\x20\x28\x21\x69\x73\x5f\x74\x63\x70\x5f\x69\x70\x76\
\x34\x28\x64\x61\x74\x61\x2c\x20\x64\x61\x74\x61\x5f\x65\x6e\x64\x29\x29\x20\
\x7b\0\x20\x20\x20\x20\x69\x66\x20\x28\x69\x70\x2d\x3e\x69\x68\x6c\x20\x3c\x20\
\x35\x29\x20\x7b\x20\x20\x2f\x2f\x20\x4d\x61\x6c\x66\x6f\x72\x6d\x65\x64\x20\
\x49\x50\x20\x68\x65\x61\x64\x65\x72\0\x20\x20\x20\x20\x20\x20\x20\x20\x62\x70\
\x66\x5f\x70\x72\x69\x6e\x74\x6b\x28\x22\x46\x61\x69\x6c\x65\x64\x20\x61\x74\
\x20\x6d\x61\x6c\x66\x6f\x72\x6d\x65\x64\x20\x69\x70\x2e\x5c\x6e\x22\x29\x3b\0\
\x20\x20\x20\x20\x69\x6e\x74\x20\x69\x70\x5f\x68\x6c\x20\x3d\x20\x69\x70\x2d\
\x3e\x69\x68\x6c\x20\x2a\x20\x34\x3b\0\x20\x20\x20\x20\x72\x65\x74\x75\x72\x6e\
\x20\x64\x61\x74\x61\x20\x2b\x20\x6e\x65\x65\x64\x20\x3c\x3d\x20\x64\x61\x74\
\x61\x5f\x65\x6e\x64\x3b\0\x20\x20\x20\x20\x69\x66\x20\x28\x21\x76\x65\x72\x69\
\x66\x69\x65\x72\x5f\x63\x68\x65\x63\x6b\x65\x72\x28\x69\x70\x2c\x20\x64\x61\
\x74\x61\x5f\x65\x6e\x64\x2c\x20\x69\x70\x5f\x68\x6c\x29\x29\x20\x7b\0\x20\x20\
\x20\x20\x20\x20\x20\x20\x62\x70\x66\x5f\x70\x72\x69\x6e\x74\x6b\x28\x22\x46\
\x61\x69\x6c\x65\x64\x20\x61\x74\x20\x69\x70\x68\x72\x20\x68\x6c\x2e\x5c\x6e\
\x22\x29\x3b\0\x20\x20\x20\x20\x69\x66\x20\x28\x21\x76\x65\x72\x69\x66\x69\x65\
\x72\x5f\x63\x68\x65\x63\x6b\x65\x72\x28\x74\x63\x70\x20\x2b\x20\x31\x2c\x20\
\x64\x61\x74\x61\x5f\x65\x6e\x64\x2c\x20\x30\x29\x29\x20\x7b\0\x20\x20\x20\x20\
\x20\x20\x20\x20\x62\x70\x66\x5f\x70\x72\x69\x6e\x74\x6b\x28\x22\x46\x61\x69\
\x6c\x65\x64\x20\x61\x74\x20\x74\x63\x70\x68\x64\x72\x2e\x5c\x6e\x22\x29\x3b\0\
\x20\x20\x20\x20\x69\x66\x20\x28\x74\x63\x70\x2d\x3e\x64\x6f\x66\x66\x20\x3c\
\x20\x35\x29\x20\x7b\x20\x20\x2f\x2f\x20\x4d\x61\x6c\x66\x6f\x72\x6d\x65\x64\
\x20\x54\x43\x50\x20\x68\x65\x61\x64\x65\x72\0\x20\x20\x20\x20\x20\x20\x20\x20\
\x62\x70\x66\x5f\x70\x72\x69\x6e\x74\x6b\x28\x22\x46\x61\x69\x6c\x65\x64\x20\
\x61\x74\x20\x6d\x61\x6c\x66\x6f\x72\x6d\x65\x64\x20\x74\x63\x70\x2e\x5c\x6e\
\x22\x29\x3b\0\x20\x20\x20\x20\x69\x6e\x74\x20\x74\x63\x70\x5f\x68\x6c\x20\x3d\
\x20\x74\x63\x70\x2d\x3e\x64\x6f\x66\x66\x20\x2a\x20\x34\x3b\0\x20\x20\x20\x20\
\x69\x66\x20\x28\x21\x76\x65\x72\x69\x66\x69\x65\x72\x5f\x63\x68\x65\x63\x6b\
\x65\x72\x28\x74\x63\x70\x2c\x20\x64\x61\x74\x61\x5f\x65\x6e\x64\x2c\x20\x74\
\x63\x70\x5f\x68\x6c\x29\x29\x20\x7b\0\x20\x20\x20\x20\x20\x20\x20\x20\x62\x70\
\x66\x5f\x70\x72\x69\x6e\x74\x6b\x28\x22\x46\x61\x69\x6c\x65\x64\x20\x61\x74\
\x20\x74\x63\x70\x68\x64\x72\x20\x64\x6f\x66\x66\x2e\x5c\x6e\x22\x29\x3b\0\x20\
\x20\x20\x20\x69\x66\x20\x28\x74\x63\x70\x2d\x3e\x64\x65\x73\x74\x20\x3d\x3d\
\x20\x62\x70\x66\x5f\x68\x74\x6f\x6e\x73\x28\x32\x32\x29\x20\x7c\x7c\x20\x74\
\x63\x70\x2d\x3e\x73\x6f\x75\x72\x63\x65\x20\x3d\x3d\x20\x62\x70\x66\x5f\x68\
\x74\x6f\x6e\x73\x28\x32\x32\x29\x29\x20\x7b\0\x20\x20\x20\x20\x69\x66\x20\x28\
\x74\x63\x70\x2d\x3e\x64\x65\x73\x74\x3d\x3d\x20\x62\x70\x66\x5f\x68\x74\x6f\
\x6e\x73\x28\x33\x33\x38\x39\x29\x20\x7c\x7c\x20\x74\x63\x70\x2d\x3e\x73\x6f\
\x75\x72\x63\x65\x20\x3d\x3d\x20\x62\x70\x66\x5f\x68\x74\x6f\x6e\x73\x28\x33\
\x33\x38\x39\x29\x29\0\x20\x20\x20\x20\x5f\x5f\x75\x33\x32\x20\x6b\x20\x3d\x20\
\x30\x3b\0\x20\x20\x20\x20\x73\x74\x72\x75\x63\x74\x20\x70\x61\x63\x69\x6e\x67\
\x5f\x73\x74\x61\x74\x65\x20\x2a\x73\x74\x20\x3d\x20\x62\x70\x66\x5f\x6d\x61\
\x70\x5f\x6c\x6f\x6f\x6b\x75\x70\x5f\x65\x6c\x65\x6d\x28\x26\x73\x74\x61\x74\
\x65\x5f\x6d\x61\x70\x2c\x20\x26\x6b\x29\x3b\0\x20\x20\x20\x20\x69\x66\x20\x28\
\x21\x73\x74\x29\0\x20\x20\x20\x20\x63\x74\x78\x2d\x3e\x70\x72\x69\x6f\x72\x69\
\x74\x79\x20\x3d\x20\x37\x3b\0\x20\x20\x20\x20\x5f\x5f\x75\x36\x34\x20\x6e\x6f\
\x77\x20\x3d\x20\x62\x70\x66\x5f\x6b\x74\x69\x6d\x65\x5f\x67\x65\x74\x5f\x74\
\x61\x69\x5f\x6e\x73\x28\x29\x3b\0\x20\x20\x20\x20\x62\x70\x66\x5f\x73\x70\x69\
\x6e\x5f\x6c\x6f\x63\x6b\x28\x26\x73\x74\x2d\x3e\x6c\x6f\x63\x6b\x29\x3b\0\x20\
\x20\x20\x20\x5f\x5f\x75\x36\x34\x20\x6d\x69\x6e\x5f\x74\x78\x74\x69\x6d\x65\
\x20\x3d\x20\x6e\x6f\x77\x20\x2b\x20\x64\x65\x6c\x74\x61\x20\x2b\x20\x31\x30\
\x30\x30\x30\x30\x3b\x20\x20\x2f\x2f\x20\x41\x64\x64\x69\x74\x69\x6f\x6e\x61\
\x6c\x20\x67\x75\x61\x72\x64\x20\x74\x69\x6d\x65\x20\x66\x6f\x72\x20\x73\x61\
\x66\x65\x74\x79\0\x20\x20\x20\x20\x74\x78\x74\x69\x6d\x65\x20\x3d\x20\x73\x74\
\x2d\x3e\x6c\x61\x73\x74\x5f\x74\x78\x74\x69\x6d\x65\x20\x2b\x20\x69\x6e\x74\
\x65\x72\x76\x61\x6c\x3b\0\x20\x20\x20\x20\x69\x66\x20\x28\x74\x78\x74\x69\x6d\
\x65\x20\x3c\x20\x6d\x69\x6e\x5f\x74\x78\x74\x69\x6d\x65\x29\0\x20\x20\x20\x20\
\x73\x74\x2d\x3e\x6c\x61\x73\x74\x5f\x74\x78\x74\x69\x6d\x65\x20\x3d\x20\x74\
\x78\x74\x69\x6d\x65\x3b\0\x20\x20\x20\x20\x62\x70\x66\x5f\x73\x70\x69\x6e\x5f\
\x75\x6e\x6c\x6f\x63\x6b\x28\x26\x73\x74\x2d\x3e\x6c\x6f\x63\x6b\x29\x3b\0\x20\
\x20\x20\x20\x69\x66\x20\x28\x62\x70\x66\x5f\x73\x6b\x62\x5f\x73\x65\x74\x5f\
\x74\x73\x74\x61\x6d\x70\x28\x63\x74\x78\x2c\x20\x74\x78\x74\x69\x6d\x65\x2c\
\x20\x42\x50\x46\x5f\x53\x4b\x42\x5f\x54\x53\x54\x41\x4d\x50\x5f\x44\x45\x4c\
\x49\x56\x45\x52\x59\x5f\x4d\x4f\x4e\x4f\x29\x20\x3c\x20\x30\x29\x20\x7b\0\x20\
\x20\x20\x20\x20\x20\x20\x20\x62\x70\x66\x5f\x70\x72\x69\x6e\x74\x6b\x28\x22\
\x53\x6f\x6d\x65\x74\x68\x69\x6e\x67\x20\x77\x65\x6e\x74\x20\x77\x72\x6f\x6e\
\x67\x20\x77\x69\x74\x68\x20\x73\x65\x74\x74\x69\x6e\x67\x20\x74\x73\x74\x61\
\x6d\x70\x2e\x5c\x6e\x22\x29\x3b\0\x20\x20\x20\x20\x69\x66\x20\x28\x69\x70\x5f\
\x6c\x65\x6e\x20\x3c\x20\x69\x70\x5f\x68\x6c\x20\x2b\x20\x74\x63\x70\x5f\x68\
\x6c\x29\x20\x7b\0\x20\x20\x20\x20\x5f\x5f\x75\x31\x36\x20\x69\x70\x5f\x6c\x65\
\x6e\x20\x3d\x20\x62\x70\x66\x5f\x6e\x74\x6f\x68\x73\x28\x69\x70\x2d\x3e\x74\
\x6f\x74\x5f\x6c\x65\x6e\x29\x3b\x20\x20\0\x20\x20\x20\x20\x20\x20\x20\x20\x62\
\x70\x66\x5f\x70\x72\x69\x6e\x74\x6b\x28\x22\x46\x61\x69\x6c\x65\x64\x20\x61\
\x74\x20\x69\x70\x20\x74\x6f\x74\x6c\x65\x6e\x2e\x5c\x6e\x22\x29\x3b\0\x20\x20\
\x20\x20\x69\x66\x20\x28\x74\x63\x70\x2d\x3e\x73\x79\x6e\x20\x26\x26\x20\x21\
\x74\x63\x70\x2d\x3e\x61\x63\x6b\x20\x26\x26\x20\x21\x74\x63\x70\x2d\x3e\x72\
\x73\x74\x29\x20\x20\x72\x65\x74\x75\x72\x6e\x20\x74\x72\x75\x65\x3b\x20\x20\
\x2f\x2f\x20\x53\x59\x4e\0\x20\x20\x20\x20\x69\x66\x20\x28\x74\x63\x70\x2d\x3e\
\x73\x79\x6e\x20\x26\x26\x20\x74\x63\x70\x2d\x3e\x61\x63\x6b\x20\x26\x26\x20\
\x21\x74\x63\x70\x2d\x3e\x72\x73\x74\x29\x20\x20\x20\x72\x65\x74\x75\x72\x6e\
\x20\x74\x72\x75\x65\x3b\x20\x20\x2f\x2f\x20\x53\x59\x4e\x2d\x41\x43\x4b\x20\
\x28\x4f\x6e\x20\x43\x6c\x69\x65\x6e\x74\x2d\x45\x67\x72\x65\x73\x73\x2c\x20\
\x49\x20\x64\x6f\x6e\x27\x74\x20\x6e\x65\x65\x64\x20\x74\x68\x69\x73\x20\x63\
\x68\x65\x63\x6b\x29\0\x20\x20\x20\x20\x69\x66\x20\x28\x74\x63\x70\x2d\x3e\x72\
\x73\x74\x29\x20\x20\x20\x72\x65\x74\x75\x72\x6e\x20\x74\x72\x75\x65\x3b\x20\
\x20\x2f\x2f\x20\x52\x65\x73\x65\x74\x20\x66\x6c\x61\x67\x20\x66\x6f\x75\x6e\
\x64\x3b\x20\x64\x6f\x6e\x27\x74\x20\x74\x6f\x75\x63\x68\0\x20\x20\x20\x20\x69\
\x66\x20\x28\x74\x63\x70\x2d\x3e\x66\x69\x6e\x29\x20\x20\x20\x72\x65\x74\x75\
\x72\x6e\x20\x74\x72\x75\x65\x3b\x20\x20\x2f\x2f\x20\x46\x49\x4e\x2f\x69\x6d\
\x70\x6c\x69\x63\x69\x74\x20\x41\x43\x4b\x3b\x20\x64\x6f\x6e\x27\x74\x20\x74\
\x6f\x75\x63\x68\0\x20\x20\x20\x20\x69\x66\x20\x28\x69\x73\x5f\x48\x53\x5f\x41\
\x43\x4b\x28\x74\x63\x70\x2c\x20\x74\x63\x70\x5f\x70\x61\x79\x6c\x6f\x61\x64\
\x5f\x6c\x65\x6e\x29\x29\x20\x7b\0\x20\x20\x20\x20\x69\x66\x20\x28\x70\x5f\x6d\
\x74\x75\x20\x26\x26\x20\x28\x70\x5f\x6d\x74\x75\x20\x3e\x20\x69\x70\x5f\x6c\
\x65\x6e\x29\x29\x20\x7b\0\x20\x20\x20\x20\x5f\x5f\x75\x33\x32\x20\x6b\x30\x20\
\x3d\x20\x30\x3b\0\x20\x20\x20\x20\x73\x74\x72\x75\x63\x74\x20\x70\x61\x64\x5f\
\x73\x74\x61\x74\x65\x20\x2a\x70\x61\x64\x5f\x73\x74\x20\x3d\x20\x62\x70\x66\
\x5f\x6d\x61\x70\x5f\x6c\x6f\x6f\x6b\x75\x70\x5f\x65\x6c\x65\x6d\x28\x26\x70\
\x61\x64\x5f\x73\x74\x61\x74\x65\x5f\x6d\x61\x70\x2c\x20\x26\x6b\x30\x29\x3b\0\
\x20\x20\x20\x20\x69\x66\x20\x28\x21\x70\x61\x64\x5f\x73\x74\x29\x20\x72\x65\
\x74\x75\x72\x6e\x20\x54\x43\x5f\x41\x43\x54\x5f\x53\x48\x4f\x54\x3b\0\x20\x20\
\x20\x20\x70\x61\x64\x5f\x73\x74\x2d\x3e\x70\x61\x64\x5f\x62\x79\x74\x65\x73\
\x20\x3d\x20\x70\x61\x64\x5f\x62\x79\x74\x65\x73\x3b\0\x20\x20\x20\x20\x5f\x5f\
\x75\x33\x32\x20\x73\x65\x71\x20\x3d\x20\x62\x70\x66\x5f\x6e\x74\x6f\x68\x6c\
\x28\x74\x63\x70\x2d\x3e\x73\x65\x71\x29\x3b\0\x20\x20\x20\x20\x72\x65\x74\x75\
\x72\x6e\x20\x28\x5f\x5f\x75\x31\x36\x29\x28\x28\x78\x20\x3c\x3c\x20\x72\x29\
\x20\x7c\x20\x28\x78\x20\x3e\x3e\x20\x28\x28\x31\x36\x20\x2d\x20\x72\x29\x20\
\x26\x20\x31\x35\x29\x29\x29\x3b\0\x20\x20\x20\x20\x62\x20\x3d\x20\x28\x5f\x5f\
\x75\x31\x36\x29\x28\x62\x20\x2b\x20\x72\x63\x35\x5f\x53\x5b\x31\x5d\x29\x3b\0\
\x20\x20\x20\x20\x5f\x5f\x75\x31\x36\x20\x73\x65\x71\x5f\x68\x69\x31\x36\x20\
\x3d\x20\x28\x5f\x5f\x75\x31\x36\x29\x28\x73\x65\x71\x20\x3e\x3e\x20\x31\x36\
\x29\x3b\0\x20\x20\x20\x20\x61\x20\x3d\x20\x28\x5f\x5f\x75\x31\x36\x29\x28\x61\
\x20\x2b\x20\x72\x63\x35\x5f\x53\x5b\x30\x5d\x29\x3b\0\x20\x20\x20\x20\x20\x20\
\x20\x20\x61\x20\x3d\x20\x28\x5f\x5f\x75\x31\x36\x29\x28\x72\x6f\x6c\x31\x36\
\x28\x28\x5f\x5f\x75\x31\x36\x29\x28\x61\x20\x5e\x20\x62\x29\x2c\x20\x62\x29\
\x20\x2b\x20\x72\x63\x35\x5f\x53\x5b\x32\x2a\x69\x5d\x29\x3b\0\x20\x20\x20\x20\
\x20\x20\x20\x20\x62\x20\x3d\x20\x28\x5f\x5f\x75\x31\x36\x29\x28\x72\x6f\x6c\
\x31\x36\x28\x28\x5f\x5f\x75\x31\x36\x29\x28\x62\x20\x5e\x20\x61\x29\x2c\x20\
\x61\x29\x20\x2b\x20\x72\x63\x35\x5f\x53\x5b\x32\x2a\x69\x20\x2b\x20\x31\x5d\
\x29\x3b\0\x20\x20\x20\x20\x5f\x5f\x75\x33\x32\x20\x74\x72\x61\x6e\x73\x5f\x73\
\x65\x71\x20\x3d\x20\x28\x28\x5f\x5f\x75\x33\x32\x29\x73\x65\x71\x5f\x68\x69\
\x31\x36\x20\x3c\x3c\x20\x31\x36\x29\x20\x7c\x20\x73\x65\x71\x5f\x6c\x6f\x31\
\x36\x3b\0\x20\x20\x20\x20\x5f\x5f\x75\x38\x20\x61\x63\x6b\x5f\x73\x65\x74\x20\
\x3d\x20\x74\x63\x70\x2d\x3e\x61\x63\x6b\x3b\x20\0\x20\x20\x20\x20\x74\x63\x70\
\x2d\x3e\x73\x65\x71\x20\x3d\x20\x62\x70\x66\x5f\x68\x74\x6f\x6e\x6c\x28\x74\
\x72\x61\x6e\x73\x5f\x73\x65\x71\x29\x3b\0\x20\x20\x20\x20\x5f\x5f\x75\x33\x32\
\x20\x61\x63\x6b\x20\x3d\x20\x62\x70\x66\x5f\x6e\x74\x6f\x68\x6c\x28\x74\x63\
\x70\x2d\x3e\x61\x63\x6b\x5f\x73\x65\x71\x29\x3b\0\x20\x20\x20\x20\x69\x66\x20\
\x28\x61\x63\x6b\x5f\x73\x65\x74\x29\x20\x7b\x20\x20\x2f\x2f\x20\x6f\x6e\x6c\
\x79\x20\x69\x66\x20\x61\x63\x6b\x20\x66\x6c\x61\x67\x20\x69\x73\x20\x73\x65\
\x74\x20\x20\x2f\x2f\x20\x75\x6e\x6e\x65\x63\x65\x73\x73\x61\x72\x79\x20\x61\
\x73\x20\x6d\x79\x20\x63\x6f\x64\x65\x20\x73\x6b\x69\x70\x73\x20\x52\x53\x54\
\x20\x61\x6e\x64\x20\x53\x59\x4e\x20\x70\x61\x63\x6b\x65\x74\x73\x20\x77\x68\
\x65\x72\x65\x20\x6f\x6e\x6c\x79\x20\x74\x63\x70\x2d\x3e\x61\x63\x6b\x20\x3d\
\x20\x30\0\x20\x20\x20\x20\x20\x20\x20\x20\x5f\x5f\x75\x31\x36\x20\x61\x63\x6b\
\x5f\x68\x69\x31\x36\x20\x3d\x20\x28\x5f\x5f\x75\x31\x36\x29\x28\x61\x63\x6b\
\x20\x3e\x3e\x20\x31\x36\x29\x3b\0\x20\x20\x20\x20\x20\x20\x20\x20\x74\x72\x61\
\x6e\x73\x5f\x61\x63\x6b\x20\x3d\x20\x28\x28\x5f\x5f\x75\x33\x32\x29\x61\x63\
\x6b\x5f\x68\x69\x31\x36\x20\x3c\x3c\x20\x31\x36\x29\x20\x7c\x20\x61\x63\x6b\
\x5f\x6c\x6f\x31\x36\x3b\0\x20\x20\x20\x20\x20\x20\x20\x20\x74\x63\x70\x2d\x3e\
\x61\x63\x6b\x5f\x73\x65\x71\x20\x3d\x20\x62\x70\x66\x5f\x68\x74\x6f\x6e\x6c\
\x28\x74\x72\x61\x6e\x73\x5f\x61\x63\x6b\x29\x3b\0\x20\x20\x20\x20\x5f\x5f\x75\
\x33\x32\x20\x69\x6e\x69\x74\x5f\x70\x6b\x74\x5f\x6c\x65\x6e\x20\x3d\x20\x63\
\x74\x78\x2d\x3e\x6c\x65\x6e\x3b\0\x20\x20\x20\x20\x69\x66\x20\x28\x70\x61\x64\
\x5f\x62\x79\x74\x65\x73\x20\x3e\x3d\x20\x34\x29\x20\x7b\x20\x20\x2f\x2f\x20\
\x4e\x65\x65\x64\x20\x6d\x69\x6e\x69\x6d\x75\x6d\x20\x6f\x66\x20\x34\x20\x62\
\x79\x74\x65\x73\x20\x61\x76\x61\x69\x6c\x61\x62\x6c\x65\x20\x66\x6f\x72\x20\
\x65\x6e\x63\x6f\x64\x69\x6e\x67\x20\x6f\x72\x69\x67\x69\x6e\x61\x6c\x20\x6c\
\x65\x6e\x67\x74\x68\x20\x7c\x20\x49\x20\x63\x61\x6e\x20\x73\x68\x72\x69\x6e\
\x6b\x20\x74\x68\x65\x20\x70\x61\x63\x6b\x65\x74\x20\x61\x6e\x64\x20\x61\x64\
\x64\x20\x74\x68\x65\x20\x6c\x65\x66\x74\x6f\x76\x65\x72\x20\x74\x6f\x20\x6e\
\x65\x78\x74\x20\x70\x61\x63\x6b\x65\x74\x20\x74\x6f\x6f\x2e\0\x20\x20\x20\x20\
\x20\x20\x20\x20\x69\x66\x20\x28\x62\x70\x66\x5f\x73\x6b\x62\x5f\x63\x68\x61\
\x6e\x67\x65\x5f\x74\x61\x69\x6c\x28\x63\x74\x78\x2c\x20\x69\x6e\x69\x74\x5f\
\x70\x6b\x74\x5f\x6c\x65\x6e\x20\x2b\x20\x70\x61\x64\x5f\x62\x79\x74\x65\x73\
\x2c\x20\x30\x29\x29\x20\x7b\x20\x20\x2f\x2f\x20\x4e\x54\x43\x20\x42\x50\x46\
\x5f\x46\x5f\x49\x4e\x56\x41\x4c\x49\x44\x41\x54\x45\x5f\x48\x41\x53\x48\x20\
\x66\x6c\x61\x67\x20\x68\x65\x72\x65\x3b\x20\x49\x20\x63\x61\x6e\x20\x61\x6c\
\x73\x6f\x20\x73\x6b\x69\x70\x20\x62\x70\x66\x5f\x73\x65\x74\x5f\x68\x61\x73\
\x68\x5f\x69\x6e\x76\x61\x6c\x69\x64\x28\x29\x20\x62\x65\x63\x61\x75\x73\x65\
\x20\x74\x68\x69\x73\x20\x69\x73\x20\x6e\x6f\x74\x20\x54\x43\x2d\x49\x6e\x67\
\x72\x65\x73\x73\x20\x52\x58\x20\x70\x61\x74\x68\0\x20\x20\x20\x20\x20\x20\x20\
\x20\x20\x20\x20\x20\x62\x70\x66\x5f\x70\x72\x69\x6e\x74\x6b\x28\x22\x45\x72\
\x72\x6f\x72\x20\x77\x69\x74\x68\x20\x63\x68\x61\x6e\x67\x69\x6e\x67\x20\x74\
\x61\x69\x6c\x20\x74\x6f\x20\x74\x68\x65\x20\x70\x61\x63\x6b\x65\x74\x21\x5c\
\x6e\x22\x29\x3b\0\x20\x20\x20\x20\x20\x20\x20\x20\x64\x61\x74\x61\x5f\x65\x6e\
\x64\x20\x3d\x20\x28\x76\x6f\x69\x64\x20\x2a\x29\x20\x28\x5f\x5f\x75\x36\x34\
\x29\x20\x63\x74\x78\x2d\x3e\x64\x61\x74\x61\x5f\x65\x6e\x64\x3b\x20\x20\x2f\
\x2f\x20\x54\x68\x69\x73\x20\x73\x68\x6f\x75\x6c\x64\x20\x70\x6f\x69\x6e\x74\
\x20\x74\x6f\x20\x70\x61\x79\x6c\x6f\x61\x64\x20\x65\x6e\x64\x20\x62\x65\x63\
\x61\x75\x73\x65\x20\x62\x70\x66\x5f\x73\x6b\x62\x5f\x63\x68\x61\x6e\x67\x65\
\x5f\x74\x61\x69\x6c\x20\x69\x6e\x74\x65\x72\x6e\x61\x6c\x6c\x79\x20\x6c\x69\
\x6e\x65\x61\x72\x69\x7a\x65\x73\x20\x74\x68\x65\x20\x77\x68\x6f\x6c\x65\x20\
\x70\x61\x63\x6b\x65\x74\0\x20\x20\x20\x20\x20\x20\x20\x20\x64\x61\x74\x61\x20\
\x3d\x20\x28\x76\x6f\x69\x64\x20\x2a\x29\x20\x28\x5f\x5f\x75\x36\x34\x29\x20\
\x63\x74\x78\x2d\x3e\x64\x61\x74\x61\x3b\x20\x20\x2f\x2f\x20\x28\x75\x6e\x73\
\x69\x67\x6e\x65\x64\x20\x6c\x6f\x6e\x67\x29\x20\x3d\x3d\x20\x28\x75\x36\x34\
\x29\0\x20\x20\x20\x20\x20\x20\x20\x20\x69\x66\x20\x28\x21\x76\x65\x72\x69\x66\
\x69\x65\x72\x5f\x63\x68\x65\x63\x6b\x65\x72\x28\x69\x70\x20\x2b\x20\x31\x2c\
\x20\x64\x61\x74\x61\x5f\x65\x6e\x64\x2c\x20\x30\x29\x29\x20\x7b\0\x20\x20\x20\
\x20\x20\x20\x20\x20\x20\x20\x20\x20\x62\x70\x66\x5f\x70\x72\x69\x6e\x74\x6b\
\x28\x22\x46\x61\x69\x6c\x65\x64\x20\x61\x74\x20\x6d\x6f\x64\x20\x69\x70\x68\
\x72\x2e\x5c\x6e\x22\x29\x3b\0\x20\x20\x20\x20\x20\x20\x20\x20\x69\x70\x5f\x68\
\x6c\x20\x3d\x20\x69\x70\x2d\x3e\x69\x68\x6c\x20\x2a\x20\x34\x3b\0\x20\x20\x20\
\x20\x20\x20\x20\x20\x69\x66\x20\x28\x21\x76\x65\x72\x69\x66\x69\x65\x72\x5f\
\x63\x68\x65\x63\x6b\x65\x72\x28\x69\x70\x2c\x20\x64\x61\x74\x61\x5f\x65\x6e\
\x64\x2c\x20\x69\x70\x5f\x68\x6c\x29\x29\x20\x7b\0\x20\x20\x20\x20\x20\x20\x20\
\x20\x20\x20\x20\x20\x62\x70\x66\x5f\x70\x72\x69\x6e\x74\x6b\x28\x22\x46\x61\
\x69\x6c\x65\x64\x20\x61\x74\x20\x6d\x6f\x64\x20\x69\x70\x68\x72\x20\x68\x6c\
\x2e\x5c\x6e\x22\x29\x3b\0\x20\x20\x20\x20\x20\x20\x20\x20\x69\x66\x20\x28\x21\
\x76\x65\x72\x69\x66\x69\x65\x72\x5f\x63\x68\x65\x63\x6b\x65\x72\x28\x74\x63\
\x70\x20\x2b\x20\x31\x2c\x20\x64\x61\x74\x61\x5f\x65\x6e\x64\x2c\x20\x30\x29\
\x29\x20\x7b\0\x20\x20\x20\x20\x20\x20\x20\x20\x20\x20\x20\x20\x62\x70\x66\x5f\
\x70\x72\x69\x6e\x74\x6b\x28\x22\x46\x61\x69\x6c\x65\x64\x20\x61\x74\x20\x6d\
\x6f\x64\x20\x74\x63\x70\x68\x64\x72\x2e\x5c\x6e\x22\x29\x3b\0\x20\x20\x20\x20\
\x20\x20\x20\x20\x74\x63\x70\x5f\x68\x6c\x20\x3d\x20\x74\x63\x70\x2d\x3e\x64\
\x6f\x66\x66\x20\x2a\x20\x34\x3b\0\x20\x20\x20\x20\x20\x20\x20\x20\x69\x66\x20\
\x28\x21\x76\x65\x72\x69\x66\x69\x65\x72\x5f\x63\x68\x65\x63\x6b\x65\x72\x28\
\x74\x63\x70\x2c\x20\x64\x61\x74\x61\x5f\x65\x6e\x64\x2c\x20\x74\x63\x70\x5f\
\x68\x6c\x29\x29\x20\x7b\0\x20\x20\x20\x20\x20\x20\x20\x20\x20\x20\x20\x20\x62\
\x70\x66\x5f\x70\x72\x69\x6e\x74\x6b\x28\x22\x46\x61\x69\x6c\x65\x64\x20\x61\
\x74\x20\x6d\x6f\x64\x20\x74\x63\x70\x20\x68\x6c\x2e\x5c\x6e\x22\x29\x3b\0\x20\
\x20\x20\x20\x20\x20\x20\x20\x5f\x5f\x75\x31\x36\x20\x6e\x65\x77\x5f\x69\x70\
\x5f\x6c\x65\x6e\x20\x3d\x20\x69\x70\x5f\x6c\x65\x6e\x20\x2b\x20\x70\x61\x64\
\x5f\x62\x79\x74\x65\x73\x3b\0\x20\x20\x20\x20\x20\x20\x20\x20\x69\x70\x2d\x3e\
\x74\x6f\x74\x5f\x6c\x65\x6e\x20\x3d\x20\x62\x70\x66\x5f\x68\x74\x6f\x6e\x73\
\x28\x6e\x65\x77\x5f\x69\x70\x5f\x6c\x65\x6e\x29\x3b\0\x20\x20\x20\x20\x20\x20\
\x20\x20\x5f\x5f\x75\x33\x32\x20\x6b\x65\x79\x20\x3d\x20\x30\x3b\0\x20\x20\x20\
\x20\x20\x20\x20\x20\x73\x74\x72\x75\x63\x74\x20\x72\x61\x6e\x64\x5f\x62\x79\
\x74\x65\x5f\x62\x75\x66\x66\x20\x2a\x72\x62\x62\x20\x3d\x20\x62\x70\x66\x5f\
\x6d\x61\x70\x5f\x6c\x6f\x6f\x6b\x75\x70\x5f\x65\x6c\x65\x6d\x28\x26\x72\x61\
\x6e\x64\x5f\x62\x79\x74\x65\x5f\x6d\x61\x70\x2c\x20\x26\x6b\x65\x79\x29\x3b\0\
\x20\x20\x20\x20\x20\x20\x20\x20\x69\x66\x20\x28\x21\x72\x62\x62\x29\x20\x7b\
\x20\0\x20\x20\x20\x20\x20\x20\x20\x20\x20\x20\x20\x20\x62\x70\x66\x5f\x70\x72\
\x69\x6e\x74\x6b\x28\x22\x46\x61\x69\x6c\x65\x64\x20\x61\x74\x20\x72\x62\x62\
\x2e\x5c\x6e\x22\x29\x3b\0\x20\x20\x20\x20\x20\x20\x20\x20\x5f\x5f\x75\x33\x32\
\x20\x70\x62\x20\x3d\x20\x70\x61\x64\x5f\x73\x74\x2d\x3e\x70\x61\x64\x5f\x62\
\x79\x74\x65\x73\x3b\0\x20\x20\x20\x20\x20\x20\x20\x20\x69\x66\x20\x28\x70\x62\
\x20\x3e\x20\x4d\x41\x58\x5f\x50\x41\x44\x29\x20\0\x20\x20\x20\x20\x20\x20\x20\
\x20\x69\x66\x20\x28\x70\x62\x20\x3e\x20\x34\x29\x20\x7b\0\x20\x20\x20\x20\x20\
\x20\x20\x20\x20\x20\x20\x20\x69\x66\x20\x28\x62\x70\x66\x5f\x73\x6b\x62\x5f\
\x73\x74\x6f\x72\x65\x5f\x62\x79\x74\x65\x73\x28\x63\x74\x78\x2c\x20\x69\x6e\
\x69\x74\x5f\x70\x6b\x74\x5f\x6c\x65\x6e\x2c\x20\x72\x62\x62\x2d\x3e\x62\x79\
\x74\x65\x73\x2c\x20\x70\x62\x20\x2d\x20\x34\x2c\x20\x30\x29\x29\x20\x7b\x20\
\x20\x2f\x2f\x20\x6c\x65\x61\x76\x65\x20\x6c\x61\x73\x74\x20\x34\x20\x62\x79\
\x74\x65\x73\x20\x66\x6f\x72\x20\x6f\x72\x69\x67\x69\x6e\x61\x6c\x20\x6c\x65\
\x6e\x67\x74\x68\0\x20\x20\x20\x20\x20\x20\x20\x20\x20\x20\x20\x20\x20\x20\x20\
\x20\x62\x70\x66\x5f\x70\x72\x69\x6e\x74\x6b\x28\x22\x46\x61\x69\x6c\x65\x64\
\x20\x61\x74\x20\x73\x74\x6f\x72\x65\x20\x62\x79\x74\x65\x73\x20\x72\x62\x62\
\x2e\x5c\x6e\x22\x29\x3b\0\x20\x20\x20\x20\x20\x20\x20\x20\x20\x20\x20\x20\x2e\
\x6d\x61\x67\x69\x63\x20\x3d\x20\x62\x70\x66\x5f\x68\x74\x6f\x6e\x73\x28\x61\
\x29\x2c\0\x20\x20\x20\x20\x20\x20\x20\x20\x73\x74\x72\x75\x63\x74\x20\x70\x61\
\x64\x5f\x6d\x61\x67\x69\x63\x5f\x74\x61\x69\x6c\x20\x6d\x74\x61\x69\x6c\x20\
\x3d\x20\x7b\0\x20\x20\x20\x20\x20\x20\x20\x20\x20\x20\x20\x20\x2e\x70\x61\x64\
\x5f\x6c\x65\x6e\x20\x3d\x20\x62\x70\x66\x5f\x68\x74\x6f\x6e\x73\x28\x62\x29\
\x2c\0\x20\x20\x20\x20\x20\x20\x20\x20\x5f\x5f\x75\x33\x32\x20\x6d\x64\x66\x5f\
\x70\x6b\x74\x5f\x6c\x65\x6e\x20\x3d\x20\x63\x74\x78\x2d\x3e\x6c\x65\x6e\x3b\0\
\x20\x20\x20\x20\x20\x20\x20\x20\x69\x66\x20\x28\x6d\x64\x66\x5f\x70\x6b\x74\
\x5f\x6c\x65\x6e\x20\x3c\x20\x28\x69\x6e\x74\x29\x73\x69\x7a\x65\x6f\x66\x28\
\x6d\x74\x61\x69\x6c\x29\x29\x20\x7b\0\x20\x20\x20\x20\x20\x20\x20\x20\x20\x20\
\x20\x20\x62\x70\x66\x5f\x70\x72\x69\x6e\x74\x6b\x28\x22\x46\x61\x69\x6c\x65\
\x64\x20\x61\x74\x20\x70\x5f\x6d\x74\x75\x6d\x64\x66\x5f\x6c\x65\x6e\x2e\x5c\
\x6e\x22\x29\x3b\0\x20\x20\x20\x20\x20\x20\x20\x20\x69\x66\x20\x28\x62\x70\x66\
\x5f\x73\x6b\x62\x5f\x73\x74\x6f\x72\x65\x5f\x62\x79\x74\x65\x73\x28\x63\x74\
\x78\x2c\x20\x28\x6d\x64\x66\x5f\x70\x6b\x74\x5f\x6c\x65\x6e\x20\x2d\x20\x73\
\x69\x7a\x65\x6f\x66\x28\x6d\x74\x61\x69\x6c\x29\x29\x2c\x20\x26\x6d\x74\x61\
\x69\x6c\x2c\x20\x73\x69\x7a\x65\x6f\x66\x28\x6d\x74\x61\x69\x6c\x29\x2c\x20\
\x30\x29\x29\x20\x7b\0\x20\x20\x20\x20\x20\x20\x20\x20\x20\x20\x20\x20\x62\x70\
\x66\x5f\x70\x72\x69\x6e\x74\x6b\x28\x22\x46\x61\x69\x6c\x65\x64\x20\x61\x74\
\x20\x73\x74\x6f\x72\x65\x20\x62\x79\x74\x65\x73\x20\x6d\x74\x61\x69\x6c\x2e\
\x5c\x6e\x22\x29\x3b\0\x20\x20\x20\x20\x20\x20\x20\x20\x5f\x5f\x75\x33\x32\x20\
\x69\x5f\x6b\x65\x79\x20\x3d\x20\x30\x3b\x20\x20\x2f\x2f\x20\x69\x6e\x64\x65\
\x78\x20\x6b\x65\x79\0\x20\x20\x20\x20\x20\x20\x20\x20\x73\x74\x72\x75\x63\x74\
\x20\x72\x61\x6e\x64\x5f\x62\x79\x74\x65\x5f\x62\x75\x66\x66\x5f\x68\x6f\x6c\
\x64\x65\x72\x20\x2a\x72\x62\x62\x68\x20\x3d\x20\x62\x70\x66\x5f\x6d\x61\x70\
\x5f\x6c\x6f\x6f\x6b\x75\x70\x5f\x65\x6c\x65\x6d\x28\x26\x72\x61\x6e\x64\x5f\
\x62\x79\x74\x65\x5f\x68\x6f\x6c\x64\x65\x72\x5f\x6d\x61\x70\x5f\x65\x67\x2c\
\x20\x26\x69\x5f\x6b\x65\x79\x29\x3b\0\x20\x20\x20\x20\x20\x20\x20\x20\x69\x66\
\x20\x28\x21\x72\x62\x62\x68\x29\x20\x7b\0\x20\x20\x20\x20\x20\x20\x20\x20\x5f\
\x5f\x75\x33\x32\x20\x70\x62\x31\x20\x3d\x20\x70\x61\x64\x5f\x73\x74\x2d\x3e\
\x70\x61\x64\x5f\x62\x79\x74\x65\x73\x3b\0\x20\x20\x20\x20\x20\x20\x20\x20\x69\
\x66\x20\x28\x70\x62\x31\x20\x3e\x20\x4d\x41\x58\x5f\x50\x41\x44\x29\x20\0\x20\
\x20\x20\x20\x20\x20\x20\x20\x69\x66\x20\x28\x70\x62\x31\x20\x3d\x3d\x20\x30\
\x29\0\x20\x20\x20\x20\x20\x20\x20\x20\x69\x66\x20\x28\x74\x63\x70\x5f\x70\x61\
\x79\x6c\x6f\x61\x64\x5f\x6c\x65\x6e\x20\x26\x20\x31\x29\x20\x7b\0\x20\x20\x20\
\x20\x20\x20\x20\x20\x20\x20\x20\x20\x5f\x5f\x75\x38\x20\x6c\x61\x73\x74\x20\
\x3d\x20\x30\x3b\0\x20\x20\x20\x20\x20\x20\x20\x20\x20\x20\x20\x20\x69\x66\x20\
\x28\x62\x70\x66\x5f\x73\x6b\x62\x5f\x6c\x6f\x61\x64\x5f\x62\x79\x74\x65\x73\
\x28\x63\x74\x78\x2c\x20\x69\x6e\x69\x74\x5f\x70\x6b\x74\x5f\x6c\x65\x6e\x20\
\x2d\x20\x31\x2c\x20\x26\x6c\x61\x73\x74\x2c\x20\x31\x29\x29\x20\x20\x2f\x2f\
\x20\x6c\x61\x73\x74\x20\x62\x79\x74\x65\x20\x6f\x66\x20\x61\x63\x74\x75\x61\
\x6c\x20\x70\x61\x79\x6c\x6f\x61\x64\0\x20\x20\x20\x20\x20\x20\x20\x20\x20\x20\
\x20\x20\x69\x66\x20\x28\x62\x70\x66\x5f\x73\x6b\x62\x5f\x6c\x6f\x61\x64\x5f\
\x62\x79\x74\x65\x73\x28\x63\x74\x78\x2c\x20\x69\x6e\x69\x74\x5f\x70\x6b\x74\
\x5f\x6c\x65\x6e\x2c\x20\x72\x62\x62\x68\x2d\x3e\x62\x79\x74\x65\x73\x2c\x20\
\x70\x62\x31\x29\x29\x20\x7b\0\x20\x20\x20\x20\x20\x20\x20\x20\x20\x20\x20\x20\
\x20\x20\x20\x20\x62\x70\x66\x5f\x70\x72\x69\x6e\x74\x6b\x28\x22\x46\x61\x69\
\x6c\x65\x64\x20\x61\x74\x20\x6c\x6f\x61\x64\x20\x62\x79\x74\x65\x73\x20\x72\
\x62\x62\x68\x20\x31\x2e\x5c\x6e\x22\x29\x3b\0\x20\x20\x20\x20\x20\x20\x20\x20\
\x20\x20\x20\x20\x20\x20\x20\x20\x62\x70\x66\x5f\x70\x72\x69\x6e\x74\x6b\x28\
\x22\x46\x61\x69\x6c\x65\x64\x20\x61\x74\x20\x6c\x6f\x61\x64\x20\x62\x79\x74\
\x65\x73\x20\x72\x62\x62\x68\x20\x32\x2e\x5c\x6e\x22\x29\x3b\0\x20\x20\x20\x20\
\x20\x20\x20\x20\x6e\x20\x26\x3d\x20\x7e\x33\x75\x3b\0\x20\x20\x20\x20\x20\x20\
\x20\x20\x69\x66\x20\x28\x6e\x20\x3e\x20\x43\x53\x55\x4d\x5f\x43\x48\x55\x4e\
\x4b\x29\x20\x6e\x20\x3d\x20\x43\x53\x55\x4d\x5f\x43\x48\x55\x4e\x4b\x3b\0\x20\
\x20\x20\x20\x20\x20\x20\x20\x69\x66\x20\x28\x6e\x29\x20\x7b\0\x20\x20\x20\x20\
\x20\x20\x20\x20\x20\x20\x20\x20\x64\x69\x66\x66\x20\x3d\x20\x62\x70\x66\x5f\
\x63\x73\x75\x6d\x5f\x64\x69\x66\x66\x28\x30\x2c\x20\x30\x2c\x20\x28\x5f\x5f\
\x62\x65\x33\x32\x20\x2a\x29\x28\x62\x75\x66\x20\x2b\x20\x30\x29\x2c\x20\x6e\
\x2c\x20\x28\x5f\x5f\x77\x73\x75\x6d\x29\x64\x69\x66\x66\x29\x3b\0\x20\x20\x20\
\x20\x20\x20\x20\x20\x20\x20\x20\x20\x69\x66\x20\x28\x64\x69\x66\x66\x20\x3c\
\x20\x30\x29\x20\x72\x65\x74\x75\x72\x6e\x20\x64\x69\x66\x66\x3b\0\x20\x20\x20\
\x20\x20\x20\x20\x20\x6e\x20\x3d\x20\x28\x6c\x65\x6e\x20\x3e\x20\x43\x53\x55\
\x4d\x5f\x43\x48\x55\x4e\x4b\x29\x20\x3f\x20\x28\x6c\x65\x6e\x20\x2d\x20\x43\
\x53\x55\x4d\x5f\x43\x48\x55\x4e\x4b\x29\x20\x3a\x20\x30\x3b\0\x20\x20\x20\x20\
\x20\x20\x20\x20\x20\x20\x20\x20\x64\x69\x66\x66\x20\x3d\x20\x62\x70\x66\x5f\
\x63\x73\x75\x6d\x5f\x64\x69\x66\x66\x28\x30\x2c\x20\x30\x2c\x20\x28\x5f\x5f\
\x62\x65\x33\x32\x20\x2a\x29\x28\x62\x75\x66\x20\x2b\x20\x43\x53\x55\x4d\x5f\
\x43\x48\x55\x4e\x4b\x29\x2c\x20\x6e\x2c\x20\x28\x5f\x5f\x77\x73\x75\x6d\x29\
\x64\x69\x66\x66\x29\x3b\0\x20\x20\x20\x20\x20\x20\x20\x20\x6e\x20\x3d\x20\x28\
\x6c\x65\x6e\x20\x3e\x20\x32\x2a\x43\x53\x55\x4d\x5f\x43\x48\x55\x4e\x4b\x29\
\x20\x3f\x20\x28\x6c\x65\x6e\x20\x2d\x20\x32\x2a\x43\x53\x55\x4d\x5f\x43\x48\
\x55\x4e\x4b\x29\x20\x3a\x20\x30\x3b\0\x20\x20\x20\x20\x20\x20\x20\x20\x20\x20\
\x20\x20\x64\x69\x66\x66\x20\x3d\x20\x62\x70\x66\x5f\x63\x73\x75\x6d\x5f\x64\
\x69\x66\x66\x28\x30\x2c\x20\x30\x2c\x20\x28\x5f\x5f\x62\x65\x33\x32\x20\x2a\
\x29\x28\x62\x75\x66\x20\x2b\x20\x32\x2a\x43\x53\x55\x4d\x5f\x43\x48\x55\x4e\
\x4b\x29\x2c\x20\x6e\x2c\x20\x28\x5f\x5f\x77\x73\x75\x6d\x29\x64\x69\x66\x66\
\x29\x3b\0\x20\x20\x20\x20\x5f\x5f\x75\x33\x32\x20\x72\x65\x6d\x20\x3d\x20\x6c\
\x65\x6e\x20\x26\x20\x33\x75\x3b\0\x20\x20\x20\x20\x69\x66\x20\x28\x72\x65\x6d\
\x29\x20\x7b\0\x20\x20\x20\x20\x20\x20\x20\x20\x5f\x5f\x75\x33\x32\x20\x6c\x61\
\x73\x74\x20\x3d\x20\x30\x3b\0\x20\x20\x20\x20\x20\x20\x20\x20\x69\x66\x20\x28\
\x72\x65\x6d\x20\x3e\x3d\x20\x31\x29\x20\x28\x28\x5f\x5f\x75\x38\x20\x2a\x29\
\x26\x6c\x61\x73\x74\x29\x5b\x30\x5d\x20\x3d\x20\x62\x75\x66\x5b\x6e\x34\x20\
\x2b\x20\x30\x5d\x3b\0\x20\x20\x20\x20\x20\x20\x20\x20\x69\x66\x20\x28\x72\x65\
\x6d\x20\x3e\x3d\x20\x32\x29\x20\x28\x28\x5f\x5f\x75\x38\x20\x2a\x29\x26\x6c\
\x61\x73\x74\x29\x5b\x31\x5d\x20\x3d\x20\x62\x75\x66\x5b\x6e\x34\x20\x2b\x20\
\x31\x5d\x3b\0\x20\x20\x20\x20\x20\x20\x20\x20\x69\x66\x20\x28\x72\x65\x6d\x20\
\x3e\x3d\x20\x33\x29\x20\x28\x28\x5f\x5f\x75\x38\x20\x2a\x29\x26\x6c\x61\x73\
\x74\x29\x5b\x32\x5d\x20\x3d\x20\x62\x75\x66\x5b\x6e\x34\x20\x2b\x20\x32\x5d\
\x3b\0\x20\x20\x20\x20\x20\x20\x20\x20\x64\x69\x66\x66\x20\x3d\x20\x62\x70\x66\
\x5f\x63\x73\x75\x6d\x5f\x64\x69\x66\x66\x28\x30\x2c\x20\x30\x2c\x20\x28\x5f\
\x5f\x62\x65\x33\x32\x20\x2a\x29\x26\x6c\x61\x73\x74\x2c\x20\x34\x2c\x20\x28\
\x5f\x5f\x77\x73\x75\x6d\x29\x64\x69\x66\x66\x29\x3b\0\x20\x20\x20\x20\x20\x20\
\x20\x20\x69\x66\x20\x28\x74\x6f\x74\x5f\x64\x69\x66\x66\x20\x3c\x20\x30\x29\
\x20\x7b\0\x20\x20\x20\x20\x20\x20\x20\x20\x20\x20\x20\x20\x62\x70\x66\x5f\x70\
\x72\x69\x6e\x74\x6b\x28\x22\x46\x61\x69\x6c\x65\x64\x20\x61\x74\x20\x74\x6f\
\x74\x5f\x64\x69\x66\x66\x5c\x6e\x22\x29\x3b\0\x20\x20\x20\x20\x20\x20\x20\x20\
\x20\x20\x20\x20\x5f\x5f\x75\x38\x20\x70\x61\x64\x30\x20\x3d\x20\x72\x62\x62\
\x68\x2d\x3e\x62\x79\x74\x65\x73\x5b\x30\x5d\x3b\0\x20\x20\x20\x20\x20\x20\x20\
\x20\x20\x20\x20\x20\x5f\x5f\x62\x65\x33\x32\x20\x6f\x6c\x64\x33\x32\x20\x3d\
\x20\x62\x70\x66\x5f\x68\x74\x6f\x6e\x6c\x28\x28\x28\x5f\x5f\x75\x33\x32\x29\
\x6c\x61\x73\x74\x20\x3c\x3c\x20\x32\x34\x29\x20\x7c\x20\x28\x28\x5f\x5f\x75\
\x33\x32\x29\x30\x78\x30\x30\x20\x3c\x3c\x20\x31\x36\x29\x29\x3b\0\x20\x20\x20\
\x20\x20\x20\x20\x20\x20\x20\x20\x20\x5f\x5f\x62\x65\x33\x32\x20\x6e\x65\x77\
\x33\x32\x20\x3d\x20\x62\x70\x66\x5f\x68\x74\x6f\x6e\x6c\x28\x28\x28\x5f\x5f\
\x75\x33\x32\x29\x6c\x61\x73\x74\x20\x3c\x3c\x20\x32\x34\x29\x20\x7c\x20\x28\
\x28\x5f\x5f\x75\x33\x32\x29\x70\x61\x64\x30\x20\x3c\x3c\x20\x31\x36\x29\x29\
\x3b\0\x20\x20\x20\x20\x20\x20\x20\x20\x20\x20\x20\x20\x74\x6f\x74\x5f\x64\x69\
\x66\x66\x20\x3d\x20\x62\x70\x66\x5f\x63\x73\x75\x6d\x5f\x64\x69\x66\x66\x28\
\x26\x6f\x6c\x64\x33\x32\x2c\x20\x34\x2c\x20\x26\x6e\x65\x77\x33\x32\x2c\x20\
\x34\x2c\x20\x30\x29\x3b\0\x20\x20\x20\x20\x20\x20\x20\x20\x20\x20\x20\x20\x69\
\x66\x20\x28\x74\x6f\x74\x5f\x64\x69\x66\x66\x20\x3c\x20\x30\x29\x20\x7b\0\x20\
\x20\x20\x20\x20\x20\x20\x20\x20\x20\x20\x20\x74\x6f\x74\x5f\x64\x69\x66\x66\
\x20\x3d\x20\x63\x73\x75\x6d\x5f\x64\x69\x66\x66\x5f\x75\x38\x5f\x62\x75\x66\
\x28\x26\x72\x62\x62\x68\x2d\x3e\x62\x79\x74\x65\x73\x5b\x31\x5d\x2c\x20\x70\
\x62\x31\x20\x2d\x20\x31\x2c\x20\x28\x5f\x5f\x75\x33\x32\x29\x74\x6f\x74\x5f\
\x64\x69\x66\x66\x29\x3b\0\x20\x20\x20\x20\x5f\x5f\x73\x36\x34\x20\x64\x69\x66\
\x66\x20\x3d\x20\x73\x65\x65\x64\x3b\0\x20\x20\x20\x20\x20\x20\x20\x20\x69\x66\
\x20\x28\x62\x70\x66\x5f\x6c\x33\x5f\x63\x73\x75\x6d\x5f\x72\x65\x70\x6c\x61\
\x63\x65\x28\x63\x74\x78\x2c\x20\x6f\x66\x66\x73\x65\x74\x6f\x66\x28\x73\x74\
\x72\x75\x63\x74\x20\x69\x70\x68\x64\x72\x2c\x20\x63\x68\x65\x63\x6b\x29\x2c\
\x20\x62\x70\x66\x5f\x68\x74\x6f\x6e\x73\x28\x69\x70\x5f\x6c\x65\x6e\x29\x2c\
\x20\x62\x70\x66\x5f\x68\x74\x6f\x6e\x73\x28\x6e\x65\x77\x5f\x69\x70\x5f\x6c\
\x65\x6e\x29\x2c\x20\x32\x29\x29\x20\x7b\0\x20\x20\x20\x20\x20\x20\x20\x20\x20\
\x20\x20\x20\x62\x70\x66\x5f\x70\x72\x69\x6e\x74\x6b\x28\x22\x53\x6f\x6d\x65\
\x74\x68\x69\x6e\x67\x20\x77\x65\x6e\x74\x20\x77\x72\x6f\x6e\x67\x20\x77\x69\
\x74\x68\x20\x49\x50\x20\x6c\x33\x5f\x63\x73\x75\x6d\x5f\x72\x65\x70\x6c\x61\
\x63\x65\x28\x29\x2e\x5c\x6e\x22\x29\x3b\0\x20\x20\x20\x20\x20\x20\x20\x20\x69\
\x66\x20\x28\x62\x70\x66\x5f\x6c\x34\x5f\x63\x73\x75\x6d\x5f\x72\x65\x70\x6c\
\x61\x63\x65\x28\x63\x74\x78\x2c\x20\x69\x70\x5f\x68\x6c\x20\x2b\x20\x6f\x66\
\x66\x73\x65\x74\x6f\x66\x28\x73\x74\x72\x75\x63\x74\x20\x74\x63\x70\x68\x64\
\x72\x2c\x20\x63\x68\x65\x63\x6b\x29\x2c\x20\x30\x2c\x20\x28\x5f\x5f\x75\x36\
\x34\x29\x74\x6f\x74\x5f\x64\x69\x66\x66\x2c\x20\x30\x29\x29\x20\x7b\0\x20\x20\
\x20\x20\x20\x20\x20\x20\x20\x20\x20\x20\x62\x70\x66\x5f\x70\x72\x69\x6e\x74\
\x6b\x28\x22\x53\x6f\x6d\x65\x74\x68\x69\x6e\x67\x20\x77\x65\x6e\x74\x20\x77\
\x72\x6f\x6e\x67\x20\x77\x69\x74\x68\x20\x50\x41\x59\x4c\x4f\x41\x44\x20\x6c\
\x34\x5f\x63\x73\x75\x6d\x5f\x72\x65\x70\x6c\x61\x63\x65\x28\x29\x2e\x5c\x6e\
\x22\x29\x3b\0\x20\x20\x20\x20\x20\x20\x20\x20\x20\x20\x20\x20\x20\x20\x20\x20\
\x62\x70\x66\x5f\x70\x72\x69\x6e\x74\x6b\x28\x22\x46\x61\x69\x6c\x65\x64\x20\
\x62\x72\x69\x64\x67\x65\x20\x64\x69\x66\x66\x5c\x6e\x22\x29\x3b\0\x20\x20\x20\
\x20\x20\x20\x20\x20\x5f\x5f\x75\x31\x36\x20\x6e\x65\x77\x5f\x74\x63\x70\x5f\
\x6c\x65\x6e\x20\x3d\x20\x6e\x65\x77\x5f\x69\x70\x5f\x6c\x65\x6e\x20\x2d\x20\
\x69\x70\x5f\x68\x6c\x3b\0\x20\x20\x20\x20\x20\x20\x20\x20\x5f\x5f\x75\x31\x36\
\x20\x6f\x6c\x64\x5f\x74\x63\x70\x5f\x6c\x65\x6e\x20\x3d\x20\x69\x70\x5f\x6c\
\x65\x6e\x20\x2d\x20\x69\x70\x5f\x68\x6c\x3b\0\x20\x20\x20\x20\x20\x20\x20\x20\
\x69\x66\x20\x28\x62\x70\x66\x5f\x6c\x34\x5f\x63\x73\x75\x6d\x5f\x72\x65\x70\
\x6c\x61\x63\x65\x28\x63\x74\x78\x2c\x20\x69\x70\x5f\x68\x6c\x20\x2b\x20\x6f\
\x66\x66\x73\x65\x74\x6f\x66\x28\x73\x74\x72\x75\x63\x74\x20\x74\x63\x70\x68\
\x64\x72\x2c\x20\x63\x68\x65\x63\x6b\x29\x2c\x20\x62\x70\x66\x5f\x68\x74\x6f\
\x6e\x73\x28\x6f\x6c\x64\x5f\x74\x63\x70\x5f\x6c\x65\x6e\x29\x2c\x20\x62\x70\
\x66\x5f\x68\x74\x6f\x6e\x73\x28\x6e\x65\x77\x5f\x74\x63\x70\x5f\x6c\x65\x6e\
\x29\x2c\x20\x42\x50\x46\x5f\x46\x5f\x50\x53\x45\x55\x44\x4f\x5f\x48\x44\x52\
\x20\x7c\x20\x32\x29\x29\x20\x7b\x20\x20\x2f\x2f\x20\x43\x68\x61\x6e\x67\x65\
\x20\x73\x70\x65\x63\x69\x66\x69\x63\x61\x6c\x6c\x79\x20\x66\x6f\x72\x20\x74\
\x68\x65\x20\x50\x73\x65\x75\x64\x6f\x2d\x68\x65\x61\x64\x65\x72\x20\x6f\x66\
\x20\x54\x43\x50\0\x20\x20\x20\x20\x20\x20\x20\x20\x20\x20\x20\x20\x62\x70\x66\
\x5f\x70\x72\x69\x6e\x74\x6b\x28\x22\x53\x6f\x6d\x65\x74\x68\x69\x6e\x67\x20\
\x77\x65\x6e\x74\x20\x77\x72\x6f\x6e\x67\x20\x77\x69\x74\x68\x20\x50\x53\x45\
\x55\x44\x4f\x20\x6c\x34\x5f\x63\x73\x75\x6d\x5f\x72\x65\x70\x6c\x61\x63\x65\
\x28\x29\x2e\x5c\x6e\x22\x29\x3b\0\x20\x20\x20\x20\x69\x66\x20\x28\x62\x70\x66\
\x5f\x6c\x34\x5f\x63\x73\x75\x6d\x5f\x72\x65\x70\x6c\x61\x63\x65\x28\x63\x74\
\x78\x2c\x20\x69\x70\x5f\x68\x6c\x20\x2b\x20\x6f\x66\x66\x73\x65\x74\x6f\x66\
\x28\x73\x74\x72\x75\x63\x74\x20\x74\x63\x70\x68\x64\x72\x2c\x20\x63\x68\x65\
\x63\x6b\x29\x2c\x20\x62\x70\x66\x5f\x68\x74\x6f\x6e\x6c\x28\x73\x65\x71\x29\
\x2c\x20\x62\x70\x66\x5f\x68\x74\x6f\x6e\x6c\x28\x74\x72\x61\x6e\x73\x5f\x73\
\x65\x71\x29\x2c\x20\x34\x29\x29\x20\x7b\x20\x20\x2f\x2f\x20\x61\x6c\x6c\x20\
\x6e\x65\x74\x77\x6f\x72\x6b\x2d\x62\x79\x74\x65\x20\x6f\x72\x64\x65\x72\0\x20\
\x20\x20\x20\x20\x20\x20\x20\x62\x70\x66\x5f\x70\x72\x69\x6e\x74\x6b\x28\x22\
\x53\x6f\x6d\x65\x74\x68\x69\x6e\x67\x20\x77\x65\x6e\x74\x20\x77\x72\x6f\x6e\
\x67\x20\x77\x69\x74\x68\x20\x54\x43\x50\x2d\x3e\x53\x45\x51\x20\x6c\x34\x5f\
\x63\x73\x75\x6d\x5f\x72\x65\x70\x6c\x61\x63\x65\x28\x29\x2e\x5c\x6e\x22\x29\
\x3b\0\x20\x20\x20\x20\x69\x66\x20\x28\x61\x63\x6b\x5f\x73\x65\x74\x29\x20\x7b\
\0\x20\x20\x20\x20\x20\x20\x20\x20\x69\x66\x20\x28\x62\x70\x66\x5f\x6c\x34\x5f\
\x63\x73\x75\x6d\x5f\x72\x65\x70\x6c\x61\x63\x65\x28\x63\x74\x78\x2c\x20\x69\
\x70\x5f\x68\x6c\x20\x2b\x20\x6f\x66\x66\x73\x65\x74\x6f\x66\x28\x73\x74\x72\
\x75\x63\x74\x20\x74\x63\x70\x68\x64\x72\x2c\x20\x63\x68\x65\x63\x6b\x29\x2c\
\x20\x62\x70\x66\x5f\x68\x74\x6f\x6e\x6c\x28\x61\x63\x6b\x29\x2c\x20\x62\x70\
\x66\x5f\x68\x74\x6f\x6e\x6c\x28\x74\x72\x61\x6e\x73\x5f\x61\x63\x6b\x29\x2c\
\x20\x34\x29\x29\x20\x7b\x20\x20\x2f\x2f\x20\x61\x6c\x6c\x20\x6e\x65\x74\x77\
\x6f\x72\x6b\x2d\x62\x79\x74\x65\x20\x6f\x72\x64\x65\x72\0\x20\x20\x20\x20\x20\
\x20\x20\x20\x20\x20\x20\x20\x62\x70\x66\x5f\x70\x72\x69\x6e\x74\x6b\x28\x22\
\x53\x6f\x6d\x65\x74\x68\x69\x6e\x67\x20\x77\x65\x6e\x74\x20\x77\x72\x6f\x6e\
\x67\x20\x77\x69\x74\x68\x20\x54\x43\x50\x2d\x3e\x41\x43\x4b\x5f\x53\x45\x51\
\x20\x6c\x34\x5f\x63\x73\x75\x6d\x5f\x72\x65\x70\x6c\x61\x63\x65\x28\x29\x2e\
\x5c\x6e\x22\x29\x3b\0\x30\x3a\x31\x36\0\x30\x3a\x31\x35\0\x30\x3a\x37\0\x30\
\x3a\x31\0\x30\x3a\x30\0\x30\x3a\x35\0\x30\x3a\x38\0\x30\x3a\x33\0\x30\x3a\x31\
\x30\0\x30\x3a\x36\0\x30\x3a\x32\0\x72\x61\x6e\x64\x5f\x62\x79\x74\x65\x5f\x68\
\x6f\x6c\x64\x65\x72\x5f\x6d\x61\x70\x5f\x69\x67\0\x74\x63\x5f\x69\x6e\x67\x72\
\x65\x73\x73\0\x74\x63\x5f\x69\x6e\x67\x72\x65\x73\x73\x2e\x5f\x5f\x5f\x5f\x66\
\x6d\x74\0\x74\x63\x5f\x69\x6e\x67\x72\x65\x73\x73\x2e\x5f\x5f\x5f\x5f\x66\x6d\
\x74\x2e\x31\0\x74\x63\x5f\x69\x6e\x67\x72\x65\x73\x73\x2e\x5f\x5f\x5f\x5f\x66\
\x6d\x74\x2e\x32\0\x74\x63\x5f\x69\x6e\x67\x72\x65\x73\x73\x2e\x5f\x5f\x5f\x5f\
\x66\x6d\x74\x2e\x33\0\x74\x63\x5f\x69\x6e\x67\x72\x65\x73\x73\x2e\x5f\x5f\x5f\
\x5f\x66\x6d\x74\x2e\x34\0\x74\x63\x5f\x69\x6e\x67\x72\x65\x73\x73\x2e\x5f\x5f\
\x5f\x5f\x66\x6d\x74\x2e\x35\0\x74\x63\x5f\x69\x6e\x67\x72\x65\x73\x73\x2e\x5f\
\x5f\x5f\x5f\x66\x6d\x74\x2e\x36\0\x74\x63\x5f\x69\x6e\x67\x72\x65\x73\x73\x2e\
\x5f\x5f\x5f\x5f\x66\x6d\x74\x2e\x37\0\x74\x63\x5f\x69\x6e\x67\x72\x65\x73\x73\
\x2e\x5f\x5f\x5f\x5f\x66\x6d\x74\x2e\x38\0\x74\x63\x5f\x69\x6e\x67\x72\x65\x73\
\x73\x2e\x5f\x5f\x5f\x5f\x66\x6d\x74\x2e\x39\0\x74\x63\x5f\x69\x6e\x67\x72\x65\
\x73\x73\x2e\x5f\x5f\x5f\x5f\x66\x6d\x74\x2e\x31\x30\0\x74\x63\x5f\x69\x6e\x67\
\x72\x65\x73\x73\x2e\x5f\x5f\x5f\x5f\x66\x6d\x74\x2e\x31\x31\0\x74\x63\x5f\x69\
\x6e\x67\x72\x65\x73\x73\x2e\x5f\x5f\x5f\x5f\x66\x6d\x74\x2e\x31\x32\0\x74\x63\
\x5f\x69\x6e\x67\x72\x65\x73\x73\x2e\x5f\x5f\x5f\x5f\x66\x6d\x74\x2e\x31\x33\0\
\x74\x63\x5f\x69\x6e\x67\x72\x65\x73\x73\x2e\x5f\x5f\x5f\x5f\x66\x6d\x74\x2e\
\x31\x34\0\x74\x63\x5f\x69\x6e\x67\x72\x65\x73\x73\x2e\x5f\x5f\x5f\x5f\x66\x6d\
\x74\x2e\x31\x35\0\x74\x63\x5f\x69\x6e\x67\x72\x65\x73\x73\x2e\x5f\x5f\x5f\x5f\
\x66\x6d\x74\x2e\x31\x36\0\x74\x63\x5f\x69\x6e\x67\x72\x65\x73\x73\x2e\x5f\x5f\
\x5f\x5f\x66\x6d\x74\x2e\x31\x38\0\x74\x63\x5f\x69\x6e\x67\x72\x65\x73\x73\x2e\
\x5f\x5f\x5f\x5f\x66\x6d\x74\x2e\x31\x39\0\x74\x63\x5f\x69\x6e\x67\x72\x65\x73\
\x73\x2e\x5f\x5f\x5f\x5f\x66\x6d\x74\x2e\x32\x30\0\x74\x63\x5f\x69\x6e\x67\x72\
\x65\x73\x73\x2e\x5f\x5f\x5f\x5f\x66\x6d\x74\x2e\x32\x31\0\x74\x63\x5f\x69\x6e\
\x67\x72\x65\x73\x73\x2e\x5f\x5f\x5f\x5f\x66\x6d\x74\x2e\x32\x32\0\x74\x63\x5f\
\x69\x6e\x67\x72\x65\x73\x73\x2e\x5f\x5f\x5f\x5f\x66\x6d\x74\x2e\x32\x33\0\x74\
\x63\x5f\x69\x6e\x67\x72\x65\x73\x73\x2e\x5f\x5f\x5f\x5f\x66\x6d\x74\x2e\x32\
\x34\0\x2f\x68\x6f\x6d\x65\x2f\x75\x73\x65\x72\x2f\x44\x65\x73\x6b\x74\x6f\x70\
\x2f\x65\x42\x50\x46\x5f\x43\x6f\x64\x65\x2f\x73\x72\x63\x2f\x65\x6e\x74\x72\
\x6f\x70\x79\x2f\x73\x69\x7a\x65\x2f\x6d\x61\x69\x6e\x2f\x74\x63\x5f\x69\x6e\
\x67\x72\x65\x73\x73\x2e\x62\x70\x66\x2e\x63\0\x69\x6e\x74\x20\x74\x63\x5f\x69\
\x6e\x67\x72\x65\x73\x73\x28\x73\x74\x72\x75\x63\x74\x20\x5f\x5f\x73\x6b\x5f\
\x62\x75\x66\x66\x20\x2a\x63\x74\x78\x29\x20\x7b\0\x20\x20\x20\x20\x76\x6f\x69\
\x64\x20\x2a\x64\x61\x74\x61\x20\x3d\x20\x28\x76\x6f\x69\x64\x20\x2a\x29\x20\
\x28\x5f\x5f\x75\x36\x34\x29\x20\x63\x74\x78\x2d\x3e\x64\x61\x74\x61\x3b\0\x20\
\x20\x20\x20\x69\x66\x20\x28\x69\x70\x5f\x6c\x65\x6e\x5f\x6d\x6f\x64\x69\x66\
\x69\x65\x64\x20\x3c\x20\x69\x70\x5f\x68\x6c\x20\x2b\x20\x74\x63\x70\x5f\x68\
\x6c\x29\x20\x7b\0\x20\x20\x20\x20\x5f\x5f\x75\x31\x36\x20\x69\x70\x5f\x6c\x65\
\x6e\x5f\x6d\x6f\x64\x69\x66\x69\x65\x64\x20\x3d\x20\x62\x70\x66\x5f\x6e\x74\
\x6f\x68\x73\x28\x69\x70\x2d\x3e\x74\x6f\x74\x5f\x6c\x65\x6e\x29\x3b\x20\x20\
\x2f\x2f\x20\x63\x6f\x75\x6c\x64\x20\x62\x65\x20\x75\x6e\x74\x61\x6d\x70\x65\
\x72\x65\x64\x20\x6e\x6f\x72\x6d\x61\x6c\x20\x70\x61\x63\x6b\x65\x74\x20\x74\
\x6f\x6f\0\x20\x20\x20\x20\x69\x66\x20\x28\x69\x73\x5f\x48\x53\x5f\x41\x43\x4b\
\x28\x74\x63\x70\x2c\x20\x74\x63\x70\x5f\x70\x61\x79\x6c\x6f\x61\x64\x5f\x6c\
\x65\x6e\x5f\x6d\x6f\x64\x69\x66\x69\x65\x64\x29\x29\x20\x7b\0\x20\x20\x20\x20\
\x5f\x5f\x75\x33\x32\x20\x74\x72\x61\x6e\x73\x5f\x73\x65\x71\x20\x3d\x20\x62\
\x70\x66\x5f\x6e\x74\x6f\x68\x6c\x28\x74\x63\x70\x2d\x3e\x73\x65\x71\x29\x3b\0\
\x20\x20\x20\x20\x20\x20\x20\x20\x62\x20\x3d\x20\x28\x72\x6f\x72\x31\x36\x28\
\x28\x5f\x5f\x75\x31\x36\x29\x28\x62\x20\x2d\x20\x72\x63\x35\x5f\x53\x5b\x32\
\x2a\x69\x20\x2b\x20\x31\x5d\x29\x2c\x20\x61\x29\x20\x5e\x20\x61\x29\x3b\0\x20\
\x20\x20\x20\x5f\x5f\x75\x31\x36\x20\x73\x65\x71\x5f\x68\x69\x31\x36\x20\x3d\
\x20\x28\x5f\x5f\x75\x31\x36\x29\x28\x74\x72\x61\x6e\x73\x5f\x73\x65\x71\x20\
\x3e\x3e\x20\x31\x36\x29\x3b\0\x20\x20\x20\x20\x72\x65\x74\x75\x72\x6e\x20\x28\
\x5f\x5f\x75\x31\x36\x29\x28\x28\x78\x20\x3e\x3e\x20\x72\x29\x20\x7c\x20\x28\
\x78\x20\x3c\x3c\x20\x28\x28\x31\x36\x20\x2d\x20\x72\x29\x20\x26\x20\x31\x35\
\x29\x29\x29\x3b\0\x20\x20\x20\x20\x20\x20\x20\x20\x61\x20\x3d\x20\x28\x72\x6f\
\x72\x31\x36\x28\x28\x5f\x5f\x75\x31\x36\x29\x28\x61\x20\x2d\x20\x72\x63\x35\
\x5f\x53\x5b\x32\x2a\x69\x5d\x29\x2c\x20\x62\x29\x20\x5e\x20\x62\x29\x3b\0\x20\
\x20\x20\x20\x61\x20\x3d\x20\x28\x5f\x5f\x75\x31\x36\x29\x28\x61\x20\x2d\x20\
\x72\x63\x35\x5f\x53\x5b\x30\x5d\x29\x3b\0\x20\x20\x20\x20\x62\x20\x3d\x20\x28\
\x5f\x5f\x75\x31\x36\x29\x28\x62\x20\x2d\x20\x72\x63\x35\x5f\x53\x5b\x31\x5d\
\x29\x3b\0\x20\x20\x20\x20\x5f\x5f\x75\x33\x32\x20\x73\x65\x71\x20\x3d\x20\x28\
\x28\x5f\x5f\x75\x33\x32\x29\x73\x65\x71\x5f\x68\x69\x31\x36\x20\x3c\x3c\x20\
\x31\x36\x29\x20\x7c\x20\x73\x65\x71\x5f\x6c\x6f\x31\x36\x3b\0\x20\x20\x20\x20\
\x74\x63\x70\x2d\x3e\x73\x65\x71\x20\x3d\x20\x62\x70\x66\x5f\x68\x74\x6f\x6e\
\x6c\x28\x73\x65\x71\x29\x3b\0\x20\x20\x20\x20\x5f\x5f\x75\x33\x32\x20\x74\x72\
\x61\x6e\x73\x5f\x61\x63\x6b\x20\x3d\x20\x62\x70\x66\x5f\x6e\x74\x6f\x68\x6c\
\x28\x74\x63\x70\x2d\x3e\x61\x63\x6b\x5f\x73\x65\x71\x29\x3b\0\x20\x20\x20\x20\
\x20\x20\x20\x20\x5f\x5f\x75\x31\x36\x20\x61\x63\x6b\x5f\x68\x69\x31\x36\x20\
\x3d\x20\x28\x5f\x5f\x75\x31\x36\x29\x28\x74\x72\x61\x6e\x73\x5f\x61\x63\x6b\
\x20\x3e\x3e\x20\x31\x36\x29\x3b\0\x20\x20\x20\x20\x20\x20\x20\x20\x61\x63\x6b\
\x20\x3d\x20\x28\x28\x5f\x5f\x75\x33\x32\x29\x61\x63\x6b\x5f\x68\x69\x31\x36\
\x20\x3c\x3c\x20\x31\x36\x29\x20\x7c\x20\x61\x63\x6b\x5f\x6c\x6f\x31\x36\x3b\0\
\x20\x20\x20\x20\x20\x20\x20\x20\x74\x63\x70\x2d\x3e\x61\x63\x6b\x5f\x73\x65\
\x71\x20\x3d\x20\x62\x70\x66\x5f\x68\x74\x6f\x6e\x6c\x28\x61\x63\x6b\x29\x3b\0\
\x20\x20\x20\x20\x5f\x5f\x75\x33\x32\x20\x6d\x64\x66\x5f\x70\x6b\x74\x5f\x6c\
\x65\x6e\x20\x3d\x20\x63\x74\x78\x2d\x3e\x6c\x65\x6e\x3b\x20\x20\x2f\x2f\x20\
\x63\x6f\x75\x6c\x64\x20\x62\x65\x20\x75\x6e\x74\x61\x6d\x70\x65\x72\x65\x64\
\x20\x6e\x6f\x72\x6d\x61\x6c\x20\x70\x61\x63\x6b\x65\x74\x73\x20\x74\x6f\x6f\0\
\x20\x20\x20\x20\x69\x66\x20\x28\x6d\x64\x66\x5f\x70\x6b\x74\x5f\x6c\x65\x6e\
\x20\x3c\x20\x28\x69\x6e\x74\x29\x73\x69\x7a\x65\x6f\x66\x28\x6d\x74\x61\x69\
\x6c\x29\x29\x20\x7b\0\x20\x20\x20\x20\x20\x20\x20\x20\x62\x70\x66\x5f\x70\x72\
\x69\x6e\x74\x6b\x28\x22\x46\x61\x69\x6c\x65\x64\x20\x61\x74\x20\x6d\x74\x61\
\x69\x6c\x20\x6d\x64\x66\x5f\x70\x6b\x74\x5f\x6c\x65\x6e\x2e\x5c\x6e\x22\x29\
\x3b\0\x20\x20\x20\x20\x69\x66\x20\x28\x62\x70\x66\x5f\x73\x6b\x62\x5f\x6c\x6f\
\x61\x64\x5f\x62\x79\x74\x65\x73\x28\x63\x74\x78\x2c\x20\x28\x6d\x64\x66\x5f\
\x70\x6b\x74\x5f\x6c\x65\x6e\x20\x2d\x20\x73\x69\x7a\x65\x6f\x66\x28\x6d\x74\
\x61\x69\x6c\x29\x29\x2c\x20\x26\x6d\x74\x61\x69\x6c\x2c\x20\x73\x69\x7a\x65\
\x6f\x66\x28\x6d\x74\x61\x69\x6c\x29\x29\x29\x20\x7b\0\x20\x20\x20\x20\x20\x20\
\x20\x20\x62\x70\x66\x5f\x70\x72\x69\x6e\x74\x6b\x28\x22\x46\x61\x69\x6c\x65\
\x64\x20\x61\x74\x20\x6c\x6f\x61\x64\x20\x62\x79\x74\x65\x73\x20\x6d\x74\x61\
\x69\x6c\x2e\x5c\x6e\x22\x29\x3b\0\x20\x20\x20\x20\x5f\x5f\x75\x31\x36\x20\x62\
\x20\x3d\x20\x62\x70\x66\x5f\x6e\x74\x6f\x68\x73\x28\x6d\x74\x61\x69\x6c\x2e\
\x70\x61\x64\x5f\x6c\x65\x6e\x29\x3b\0\x20\x20\x20\x20\x5f\x5f\x75\x31\x36\x20\
\x61\x20\x3d\x20\x62\x70\x66\x5f\x6e\x74\x6f\x68\x73\x28\x6d\x74\x61\x69\x6c\
\x2e\x6d\x61\x67\x69\x63\x29\x3b\0\x20\x20\x20\x20\x69\x66\x20\x28\x61\x20\x3d\
\x3d\x20\x50\x41\x44\x5f\x4d\x41\x47\x49\x43\x31\x36\x29\x20\x7b\x20\x20\x2f\
\x2f\x20\x6d\x61\x67\x69\x63\x20\x73\x65\x71\x20\x66\x6f\x75\x6e\x64\x3b\x20\
\x70\x61\x63\x6b\x65\x74\x20\x69\x73\x20\x74\x61\x6d\x70\x65\x72\x65\x64\0\x20\
\x20\x20\x20\x20\x20\x20\x20\x5f\x5f\x75\x33\x32\x20\x6b\x31\x20\x3d\x20\x31\
\x3b\0\x20\x20\x20\x20\x20\x20\x20\x20\x73\x74\x72\x75\x63\x74\x20\x70\x61\x64\
\x5f\x73\x74\x61\x74\x65\x20\x2a\x70\x61\x64\x5f\x73\x74\x20\x3d\x20\x62\x70\
\x66\x5f\x6d\x61\x70\x5f\x6c\x6f\x6f\x6b\x75\x70\x5f\x65\x6c\x65\x6d\x28\x26\
\x70\x61\x64\x5f\x73\x74\x61\x74\x65\x5f\x6d\x61\x70\x2c\x20\x26\x6b\x31\x29\
\x3b\0\x20\x20\x20\x20\x20\x20\x20\x20\x69\x66\x20\x28\x21\x70\x61\x64\x5f\x73\
\x74\x29\x20\x72\x65\x74\x75\x72\x6e\x20\x54\x43\x5f\x41\x43\x54\x5f\x53\x48\
\x4f\x54\x3b\0\x20\x20\x20\x20\x20\x20\x20\x20\x5f\x5f\x75\x33\x32\x20\x70\x61\
\x64\x5f\x62\x79\x74\x65\x73\x20\x3d\x20\x28\x5f\x5f\x75\x33\x32\x29\x62\x3b\0\
\x20\x20\x20\x20\x20\x20\x20\x20\x70\x61\x64\x5f\x73\x74\x2d\x3e\x70\x61\x64\
\x5f\x62\x79\x74\x65\x73\x20\x3d\x20\x70\x61\x64\x5f\x62\x79\x74\x65\x73\x3b\0\
\x20\x20\x20\x20\x20\x20\x20\x20\x73\x74\x72\x75\x63\x74\x20\x72\x61\x6e\x64\
\x5f\x62\x79\x74\x65\x5f\x62\x75\x66\x66\x5f\x68\x6f\x6c\x64\x65\x72\x20\x2a\
\x72\x62\x62\x68\x20\x3d\x20\x62\x70\x66\x5f\x6d\x61\x70\x5f\x6c\x6f\x6f\x6b\
\x75\x70\x5f\x65\x6c\x65\x6d\x28\x26\x72\x61\x6e\x64\x5f\x62\x79\x74\x65\x5f\
\x68\x6f\x6c\x64\x65\x72\x5f\x6d\x61\x70\x5f\x69\x67\x2c\x20\x26\x69\x5f\x6b\
\x65\x79\x29\x3b\0\x20\x20\x20\x20\x20\x20\x20\x20\x20\x20\x20\x20\x62\x70\x66\
\x5f\x70\x72\x69\x6e\x74\x6b\x28\x22\x46\x61\x69\x6c\x65\x64\x20\x61\x74\x20\
\x72\x62\x62\x68\x2e\x5c\x6e\x22\x29\x3b\0\x20\x20\x20\x20\x20\x20\x20\x20\x69\
\x66\x20\x28\x70\x62\x20\x3e\x20\x4d\x41\x58\x5f\x50\x41\x44\x29\x20\x20\x20\
\x2f\x2f\x20\x63\x6f\x72\x72\x75\x70\x74\x65\x64\0\x20\x20\x20\x20\x20\x20\x20\
\x20\x69\x66\x20\x28\x62\x70\x66\x5f\x73\x6b\x62\x5f\x6c\x6f\x61\x64\x5f\x62\
\x79\x74\x65\x73\x28\x63\x74\x78\x2c\x20\x6d\x64\x66\x5f\x70\x6b\x74\x5f\x6c\
\x65\x6e\x20\x2d\x20\x70\x62\x2c\x20\x72\x62\x62\x68\x2d\x3e\x62\x79\x74\x65\
\x73\x2c\x20\x70\x62\x29\x29\x20\x7b\0\x20\x20\x20\x20\x20\x20\x20\x20\x20\x20\
\x20\x20\x62\x70\x66\x5f\x70\x72\x69\x6e\x74\x6b\x28\x22\x46\x61\x69\x6c\x65\
\x64\x20\x61\x74\x20\x6c\x6f\x61\x64\x20\x62\x79\x74\x65\x73\x20\x72\x62\x62\
\x68\x2e\x5c\x6e\x22\x29\x3b\0\x20\x20\x20\x20\x20\x20\x20\x20\x69\x66\x20\x28\
\x62\x70\x66\x5f\x73\x6b\x62\x5f\x63\x68\x61\x6e\x67\x65\x5f\x74\x61\x69\x6c\
\x28\x63\x74\x78\x2c\x20\x6d\x64\x66\x5f\x70\x6b\x74\x5f\x6c\x65\x6e\x20\x2d\
\x20\x70\x62\x2c\x20\x30\x29\x29\x20\x7b\x20\x20\x2f\x2f\x20\x4e\x54\x43\x20\
\x42\x50\x46\x5f\x46\x5f\x49\x4e\x56\x41\x4c\x49\x44\x41\x54\x45\x5f\x48\x41\
\x53\x48\x20\x66\x6c\x61\x67\x20\x68\x65\x72\x65\x3b\0\x20\x20\x20\x20\x20\x20\
\x20\x20\x20\x20\x20\x20\x62\x70\x66\x5f\x70\x72\x69\x6e\x74\x6b\x28\x22\x45\
\x72\x72\x6f\x72\x20\x77\x69\x74\x68\x20\x63\x68\x61\x6e\x67\x69\x6e\x67\x20\
\x74\x61\x69\x6c\x20\x6f\x66\x20\x74\x68\x65\x20\x70\x61\x63\x6b\x65\x74\x21\
\x5c\x6e\x22\x29\x3b\0\x20\x20\x20\x20\x20\x20\x20\x20\x64\x61\x74\x61\x20\x3d\
\x20\x28\x76\x6f\x69\x64\x20\x2a\x29\x20\x28\x5f\x5f\x75\x36\x34\x29\x20\x63\
\x74\x78\x2d\x3e\x64\x61\x74\x61\x3b\0\x20\x20\x20\x20\x20\x20\x20\x20\x5f\x5f\
\x75\x31\x36\x20\x69\x70\x5f\x6c\x65\x6e\x20\x3d\x20\x69\x70\x5f\x6c\x65\x6e\
\x5f\x6d\x6f\x64\x69\x66\x69\x65\x64\x20\x2d\x20\x70\x62\x3b\0\x20\x20\x20\x20\
\x20\x20\x20\x20\x69\x70\x2d\x3e\x74\x6f\x74\x5f\x6c\x65\x6e\x20\x3d\x20\x62\
\x70\x66\x5f\x68\x74\x6f\x6e\x73\x28\x69\x70\x5f\x6c\x65\x6e\x29\x3b\0\x20\x20\
\x20\x20\x20\x20\x20\x20\x69\x66\x20\x28\x69\x70\x5f\x6c\x65\x6e\x20\x3e\x20\
\x36\x35\x35\x33\x35\x29\x20\x7b\x20\x20\x2f\x2f\x20\x53\x6f\x6d\x65\x74\x68\
\x69\x6e\x67\x20\x77\x65\x6e\x74\x20\x77\x72\x6f\x6e\x67\0\x20\x20\x20\x20\x20\
\x20\x20\x20\x5f\x5f\x75\x33\x32\x20\x74\x63\x70\x5f\x70\x61\x79\x6c\x6f\x61\
\x64\x5f\x6c\x65\x6e\x5f\x6f\x72\x69\x67\x20\x3d\x20\x69\x70\x5f\x6c\x65\x6e\
\x20\x2d\x20\x69\x70\x5f\x68\x6c\x20\x2d\x20\x74\x63\x70\x5f\x68\x6c\x3b\x20\
\x20\x2f\x2f\x20\x61\x6c\x6c\x20\x68\x6f\x73\x74\x2d\x62\x79\x74\x65\x20\x6f\
\x72\x64\x65\x72\0\x20\x20\x20\x20\x20\x20\x20\x20\x69\x66\x20\x28\x74\x63\x70\
\x5f\x70\x61\x79\x6c\x6f\x61\x64\x5f\x6c\x65\x6e\x5f\x6f\x72\x69\x67\x20\x26\
\x20\x31\x29\x20\x7b\0\x20\x20\x20\x20\x20\x20\x20\x20\x5f\x5f\x75\x33\x32\x20\
\x69\x6e\x69\x74\x5f\x70\x6b\x74\x5f\x6c\x65\x6e\x20\x3d\x20\x63\x74\x78\x2d\
\x3e\x6c\x65\x6e\x3b\0\x20\x20\x20\x20\x20\x20\x20\x20\x20\x20\x20\x20\x64\x69\
\x66\x66\x20\x3d\x20\x62\x70\x66\x5f\x63\x73\x75\x6d\x5f\x64\x69\x66\x66\x28\
\x28\x5f\x5f\x62\x65\x33\x32\x20\x2a\x29\x28\x62\x75\x66\x20\x2b\x20\x30\x29\
\x2c\x20\x6e\x2c\x20\x30\x2c\x20\x30\x2c\x20\x28\x5f\x5f\x77\x73\x75\x6d\x29\
\x64\x69\x66\x66\x29\x3b\x20\x20\x2f\x2f\x20\x53\x75\x62\x74\x72\x61\x63\x74\
\x20\0\x20\x20\x20\x20\x20\x20\x20\x20\x20\x20\x20\x20\x64\x69\x66\x66\x20\x3d\
\x20\x62\x70\x66\x5f\x63\x73\x75\x6d\x5f\x64\x69\x66\x66\x28\x28\x5f\x5f\x62\
\x65\x33\x32\x20\x2a\x29\x28\x62\x75\x66\x20\x2b\x20\x43\x53\x55\x4d\x5f\x43\
\x48\x55\x4e\x4b\x29\x2c\x20\x6e\x2c\x20\x30\x2c\x20\x30\x2c\x20\x28\x5f\x5f\
\x77\x73\x75\x6d\x29\x64\x69\x66\x66\x29\x3b\0\x20\x20\x20\x20\x20\x20\x20\x20\
\x20\x20\x20\x20\x64\x69\x66\x66\x20\x3d\x20\x62\x70\x66\x5f\x63\x73\x75\x6d\
\x5f\x64\x69\x66\x66\x28\x28\x5f\x5f\x62\x65\x33\x32\x20\x2a\x29\x28\x62\x75\
\x66\x20\x2b\x20\x32\x2a\x43\x53\x55\x4d\x5f\x43\x48\x55\x4e\x4b\x29\x2c\x20\
\x6e\x2c\x20\x30\x2c\x20\x30\x2c\x20\x28\x5f\x5f\x77\x73\x75\x6d\x29\x64\x69\
\x66\x66\x29\x3b\0\x20\x20\x20\x20\x20\x20\x20\x20\x64\x69\x66\x66\x20\x3d\x20\
\x62\x70\x66\x5f\x63\x73\x75\x6d\x5f\x64\x69\x66\x66\x28\x28\x5f\x5f\x62\x65\
\x33\x32\x20\x2a\x29\x26\x6c\x61\x73\x74\x2c\x20\x34\x2c\x20\x30\x2c\x20\x30\
\x2c\x20\x28\x5f\x5f\x77\x73\x75\x6d\x29\x64\x69\x66\x66\x29\x3b\0\x20\x20\x20\
\x20\x20\x20\x20\x20\x20\x20\x20\x20\x5f\x5f\x62\x65\x33\x32\x20\x6f\x6c\x64\
\x33\x32\x20\x3d\x20\x62\x70\x66\x5f\x68\x74\x6f\x6e\x6c\x28\x28\x28\x5f\x5f\
\x75\x33\x32\x29\x6c\x61\x73\x74\x20\x3c\x3c\x20\x32\x34\x29\x20\x7c\x20\x28\
\x28\x5f\x5f\x75\x33\x32\x29\x70\x61\x64\x30\x20\x3c\x3c\x20\x31\x36\x29\x29\
\x3b\0\x20\x20\x20\x20\x20\x20\x20\x20\x20\x20\x20\x20\x5f\x5f\x62\x65\x33\x32\
\x20\x6e\x65\x77\x33\x32\x20\x3d\x20\x62\x70\x66\x5f\x68\x74\x6f\x6e\x6c\x28\
\x28\x28\x5f\x5f\x75\x33\x32\x29\x6c\x61\x73\x74\x20\x3c\x3c\x20\x32\x34\x29\
\x20\x7c\x20\x28\x28\x5f\x5f\x75\x33\x32\x29\x30\x78\x30\x30\x20\x3c\x3c\x20\
\x31\x36\x29\x29\x3b\0\x20\x20\x20\x20\x20\x20\x20\x20\x20\x20\x20\x20\x74\x6f\
\x74\x5f\x64\x69\x66\x66\x20\x3d\x20\x63\x73\x75\x6d\x5f\x73\x75\x62\x5f\x75\
\x38\x5f\x62\x75\x66\x28\x26\x72\x62\x62\x68\x2d\x3e\x62\x79\x74\x65\x73\x5b\
\x31\x5d\x2c\x20\x70\x62\x20\x2d\x20\x31\x2c\x20\x28\x5f\x5f\x75\x33\x32\x29\
\x74\x6f\x74\x5f\x64\x69\x66\x66\x29\x3b\0\x20\x20\x20\x20\x20\x20\x20\x20\x69\
\x66\x20\x28\x62\x70\x66\x5f\x6c\x33\x5f\x63\x73\x75\x6d\x5f\x72\x65\x70\x6c\
\x61\x63\x65\x28\x63\x74\x78\x2c\x20\x6f\x66\x66\x73\x65\x74\x6f\x66\x28\x73\
\x74\x72\x75\x63\x74\x20\x69\x70\x68\x64\x72\x2c\x20\x63\x68\x65\x63\x6b\x29\
\x2c\x20\x62\x70\x66\x5f\x68\x74\x6f\x6e\x73\x28\x69\x70\x5f\x6c\x65\x6e\x5f\
\x6d\x6f\x64\x69\x66\x69\x65\x64\x29\x2c\x20\x62\x70\x66\x5f\x68\x74\x6f\x6e\
\x73\x28\x69\x70\x5f\x6c\x65\x6e\x29\x2c\x20\x32\x29\x29\x20\x7b\0\x20\x20\x20\
\x20\x20\x20\x20\x20\x5f\x5f\x75\x31\x36\x20\x6d\x6f\x64\x69\x66\x69\x65\x64\
\x5f\x74\x63\x70\x5f\x6c\x65\x6e\x20\x3d\x20\x69\x70\x5f\x6c\x65\x6e\x5f\x6d\
\x6f\x64\x69\x66\x69\x65\x64\x20\x2d\x20\x69\x70\x5f\x68\x6c\x3b\0\x20\x20\x20\
\x20\x20\x20\x20\x20\x69\x66\x20\x28\x62\x70\x66\x5f\x6c\x34\x5f\x63\x73\x75\
\x6d\x5f\x72\x65\x70\x6c\x61\x63\x65\x28\x63\x74\x78\x2c\x20\x69\x70\x5f\x68\
\x6c\x20\x2b\x20\x6f\x66\x66\x73\x65\x74\x6f\x66\x28\x73\x74\x72\x75\x63\x74\
\x20\x74\x63\x70\x68\x64\x72\x2c\x20\x63\x68\x65\x63\x6b\x29\x2c\x20\x62\x70\
\x66\x5f\x68\x74\x6f\x6e\x73\x28\x6d\x6f\x64\x69\x66\x69\x65\x64\x5f\x74\x63\
\x70\x5f\x6c\x65\x6e\x29\x2c\x20\x62\x70\x66\x5f\x68\x74\x6f\x6e\x73\x28\x6f\
\x72\x69\x67\x5f\x74\x63\x70\x5f\x6c\x65\x6e\x29\x2c\x20\x42\x50\x46\x5f\x46\
\x5f\x50\x53\x45\x55\x44\x4f\x5f\x48\x44\x52\x20\x7c\x20\x32\x29\x29\x20\x7b\
\x20\x20\x2f\x2f\x20\x43\x68\x61\x6e\x67\x65\x20\x73\x70\x65\x63\x69\x66\x69\
\x63\x61\x6c\x6c\x79\x20\x66\x6f\x72\x20\x74\x68\x65\x20\x50\x73\x65\x75\x64\
\x6f\x2d\x68\x65\x61\x64\x65\x72\x20\x6f\x66\x20\x54\x43\x50\0\x20\x20\x20\x20\
\x69\x66\x20\x28\x62\x70\x66\x5f\x6c\x34\x5f\x63\x73\x75\x6d\x5f\x72\x65\x70\
\x6c\x61\x63\x65\x28\x63\x74\x78\x2c\x20\x69\x70\x5f\x68\x6c\x20\x2b\x20\x6f\
\x66\x66\x73\x65\x74\x6f\x66\x28\x73\x74\x72\x75\x63\x74\x20\x74\x63\x70\x68\
\x64\x72\x2c\x20\x63\x68\x65\x63\x6b\x29\x2c\x20\x62\x70\x66\x5f\x68\x74\x6f\
\x6e\x6c\x28\x74\x72\x61\x6e\x73\x5f\x73\x65\x71\x29\x2c\x20\x62\x70\x66\x5f\
\x68\x74\x6f\x6e\x6c\x28\x73\x65\x71\x29\x2c\x20\x34\x29\x29\x20\x7b\x20\x20\
\x2f\x2f\x20\x61\x6c\x6c\x20\x6e\x65\x74\x77\x6f\x72\x6b\x2d\x62\x79\x74\x65\
\x20\x6f\x72\x64\x65\x72\0\x20\x20\x20\x20\x20\x20\x20\x20\x69\x66\x20\x28\x62\
\x70\x66\x5f\x6c\x34\x5f\x63\x73\x75\x6d\x5f\x72\x65\x70\x6c\x61\x63\x65\x28\
\x63\x74\x78\x2c\x20\x69\x70\x5f\x68\x6c\x20\x2b\x20\x6f\x66\x66\x73\x65\x74\
\x6f\x66\x28\x73\x74\x72\x75\x63\x74\x20\x74\x63\x70\x68\x64\x72\x2c\x20\x63\
\x68\x65\x63\x6b\x29\x2c\x20\x62\x70\x66\x5f\x68\x74\x6f\x6e\x6c\x28\x74\x72\
\x61\x6e\x73\x5f\x61\x63\x6b\x29\x2c\x20\x62\x70\x66\x5f\x68\x74\x6f\x6e\x6c\
\x28\x61\x63\x6b\x29\x2c\x20\x34\x29\x29\x20\x7b\x20\x20\x2f\x2f\x20\x61\x6c\
\x6c\x20\x6e\x65\x74\x77\x6f\x72\x6b\x2d\x62\x79\x74\x65\x20\x6f\x72\x64\x65\
\x72\0\x2e\x72\x6f\x64\x61\x74\x61\0\x2e\x6d\x61\x70\x73\0\x6c\x69\x63\x65\x6e\
\x73\x65\0\x74\x63\0\0\0\0\0\0\x9f\xeb\x01\0\x20\0\0\0\0\0\0\0\x1c\0\0\0\x1c\0\
\0\0\x4c\x56\0\0\x68\x56\0\0\x1c\x05\0\0\x08\0\0\0\xa8\x38\0\0\x02\0\0\0\0\0\0\
\0\x2b\0\0\0\x80\x34\0\0\x6f\0\0\0\x10\0\0\0\xa8\x38\0\0\x64\x05\0\0\0\0\0\0\
\xee\x05\0\0\x31\x06\0\0\0\x64\x01\0\x10\0\0\0\xee\x05\0\0\x58\x06\0\0\x09\x90\
\x01\0\x20\0\0\0\xee\x05\0\0\x58\x06\0\0\x09\x90\x01\0\x28\0\0\0\xee\x05\0\0\
\x96\x06\0\0\x09\x94\x01\0\x50\0\0\0\xee\x05\0\0\xd9\x06\0\0\x2c\xa8\x01\0\x58\
\0\0\0\xee\x05\0\0\x0e\x07\0\0\x28\xa4\x01\0\x60\0\0\0\xee\x05\0\0\x5a\x07\0\0\
\x1b\xdc\x01\0\x70\0\0\0\xee\x05\0\0\x5a\x07\0\0\x09\xdc\x01\0\x78\0\0\0\xee\
\x05\0\0\x8c\x07\0\0\x09\xe0\x01\0\x90\0\0\0\xee\x05\0\0\0\0\0\0\0\0\0\0\xa0\0\
\0\0\xee\x05\0\0\xb5\x07\0\0\x01\x0c\x0a\0\xb8\0\0\0\xb7\x07\0\0\xf1\x07\0\0\
\x0e\x64\x01\0\xc8\0\0\0\xb7\x07\0\0\xf1\x07\0\0\x31\x64\x01\0\xd0\0\0\0\xb7\
\x07\0\0\xf1\x07\0\0\x09\x64\x01\0\xd8\0\0\0\xb7\x07\0\0\x31\x08\0\0\x0d\x78\
\x01\0\xe0\0\0\0\xb7\x07\0\0\x31\x08\0\0\x15\x78\x01\0\xe8\0\0\0\xb7\x07\0\0\
\x31\x08\0\0\x09\x78\x01\0\xf0\0\0\0\xb7\x07\0\0\x4b\x08\0\0\x0e\x84\x01\0\xf8\
\0\0\0\xee\x05\0\0\x74\x08\0\0\x09\xf0\x01\0\0\x01\0\0\xee\x05\0\0\x9c\x08\0\0\
\x0d\0\x02\0\x10\x01\0\0\xee\x05\0\0\x9c\x08\0\0\x09\0\x02\0\x18\x01\0\0\xee\
\x05\0\0\xcb\x08\0\0\x09\x04\x02\0\x38\x01\0\0\xee\x05\0\0\xfc\x08\0\0\x15\x14\
\x02\0\x40\x01\0\0\xee\x05\0\0\xfc\x08\0\0\x19\x14\x02\0\x50\x01\0\0\xb7\x07\0\
\0\x19\x09\0\0\x11\x4c\x01\0\x60\x01\0\0\xee\x05\0\0\x3d\x09\0\0\x09\x18\x02\0\
\x68\x01\0\0\xee\x05\0\0\x6f\x09\0\0\x09\x1c\x02\0\x88\x01\0\0\xee\x05\0\0\x9b\
\x09\0\0\x1f\x30\x02\0\x98\x01\0\0\xee\x05\0\0\x9b\x09\0\0\x09\x30\x02\0\xa0\
\x01\0\0\xee\x05\0\0\xce\x09\0\0\x09\x34\x02\0\xc0\x01\0\0\xee\x05\0\0\xf9\x09\
\0\0\x0e\x40\x02\0\xc8\x01\0\0\xee\x05\0\0\xf9\x09\0\0\x13\x40\x02\0\xd0\x01\0\
\0\xee\x05\0\0\xf9\x09\0\0\x09\x40\x02\0\xd8\x01\0\0\xee\x05\0\0\x2b\x0a\0\0\
\x09\x44\x02\0\xf8\x01\0\0\xee\x05\0\0\x5d\x0a\0\0\x17\x54\x02\0\0\x02\0\0\xee\
\x05\0\0\x5d\x0a\0\0\x1c\x54\x02\0\x10\x02\0\0\xb7\x07\0\0\x19\x09\0\0\x11\x4c\
\x01\0\x20\x02\0\0\xee\x05\0\0\x7d\x0a\0\0\x09\x58\x02\0\x28\x02\0\0\xee\x05\0\
\0\xb1\x0a\0\0\x09\x5c\x02\0\x48\x02\0\0\xee\x05\0\0\xe1\x0a\0\0\x0e\x80\x02\0\
\x50\x02\0\0\xee\x05\0\0\xe1\x0a\0\0\x24\x80\x02\0\x58\x02\0\0\xee\x05\0\0\xe1\
\x0a\0\0\x2c\x80\x02\0\x60\x02\0\0\xee\x05\0\0\xe1\x0a\0\0\x09\x80\x02\0\x68\
\x02\0\0\xee\x05\0\0\x27\x0b\0\0\x0e\x90\x02\0\x70\x02\0\0\xee\x05\0\0\x27\x0b\
\0\0\x25\x90\x02\0\x78\x02\0\0\xee\x05\0\0\x27\x0b\0\0\x2d\x90\x02\0\x80\x02\0\
\0\xee\x05\0\0\x27\x0b\0\0\x09\x90\x02\0\xa0\x02\0\0\xee\x05\0\0\x6e\x0b\0\0\
\x0b\xc4\x02\0\xb0\x02\0\0\xee\x05\0\0\0\0\0\0\0\0\0\0\xb8\x02\0\0\xee\x05\0\0\
\x7f\x0b\0\0\x1f\xc8\x02\0\xd8\x02\0\0\xee\x05\0\0\xc2\x0b\0\0\x09\xcc\x02\0\
\xe8\x02\0\0\xee\x05\0\0\xcf\x0b\0\0\x13\xd8\x02\0\xf0\x02\0\0\xee\x05\0\0\xe6\
\x0b\0\0\x11\xe0\x02\0\x08\x03\0\0\xee\x05\0\0\x0e\x0c\0\0\x05\xf4\x02\0\x18\
\x03\0\0\xee\x05\0\0\x2c\x0c\0\0\x24\xfc\x02\0\x20\x03\0\0\xee\x05\0\0\x7e\x0c\
\0\0\x12\xf8\x02\0\x30\x03\0\0\xee\x05\0\0\x7e\x0c\0\0\x1e\xf8\x02\0\x40\x03\0\
\0\xee\x05\0\0\xa7\x0c\0\0\x09\0\x03\0\x58\x03\0\0\xee\x05\0\0\xc4\x0c\0\0\x15\
\x0c\x03\0\x68\x03\0\0\xee\x05\0\0\xe2\x0c\0\0\x05\x10\x03\0\x70\x03\0\0\xee\
\x05\0\0\x02\x0d\0\0\x09\x18\x03\0\x90\x03\0\0\xee\x05\0\0\x02\x0d\0\0\x09\x18\
\x03\0\x98\x03\0\0\xee\x05\0\0\x4f\x0d\0\0\x09\x1c\x03\0\xb8\x03\0\0\xee\x05\0\
\0\x92\x0d\0\0\x18\x30\x03\0\xc8\x03\0\0\xee\x05\0\0\xb5\x0d\0\0\x14\x2c\x03\0\
\xe8\x03\0\0\xee\x05\0\0\x92\x0d\0\0\x09\x30\x03\0\xf0\x03\0\0\xee\x05\0\0\xe2\
\x0d\0\0\x09\x34\x03\0\x10\x04\0\0\xb7\x07\0\0\x10\x0e\0\0\x0e\xac\x01\0\x20\
\x04\0\0\xb7\x07\0\0\x10\x0e\0\0\x09\xac\x01\0\x28\x04\0\0\xb7\x07\0\0\x10\x0e\
\0\0\x12\xac\x01\0\x30\x04\0\0\xb7\x07\0\0\x10\x0e\0\0\x1b\xac\x01\0\x40\x04\0\
\0\xb7\x07\0\0\x10\x0e\0\0\x16\xac\x01\0\x48\x04\0\0\xb7\x07\0\0\x10\x0e\0\0\
\x1f\xac\x01\0\x50\x04\0\0\xb7\x07\0\0\x10\x0e\0\0\x28\xac\x01\0\x60\x04\0\0\
\xb7\x07\0\0\x10\x0e\0\0\x23\xac\x01\0\x68\x04\0\0\xb7\x07\0\0\x10\x0e\0\0\x09\
\xac\x01\0\x70\x04\0\0\xb7\x07\0\0\x52\x0e\0\0\x0e\xb0\x01\0\x80\x04\0\0\xb7\
\x07\0\0\x52\x0e\0\0\x09\xb0\x01\0\x88\x04\0\0\xb7\x07\0\0\x52\x0e\0\0\x12\xb0\
\x01\0\x90\x04\0\0\xb7\x07\0\0\x52\x0e\0\0\x1a\xb0\x01\0\xa0\x04\0\0\xb7\x07\0\
\0\x52\x0e\0\0\x15\xb0\x01\0\xa8\x04\0\0\xb7\x07\0\0\x52\x0e\0\0\x1e\xb0\x01\0\
\xb0\x04\0\0\xb7\x07\0\0\x52\x0e\0\0\x27\xb0\x01\0\xc0\x04\0\0\xb7\x07\0\0\x52\
\x0e\0\0\x22\xb0\x01\0\xc8\x04\0\0\xb7\x07\0\0\x52\x0e\0\0\x09\xb0\x01\0\xd0\
\x04\0\0\xb7\x07\0\0\xc4\x0e\0\0\x0e\xc4\x01\0\xe0\x04\0\0\xb7\x07\0\0\xc4\x0e\
\0\0\x09\xc4\x01\0\xe8\x04\0\0\xb7\x07\0\0\xc4\x0e\0\0\x09\xc4\x01\0\xf0\x04\0\
\0\xb7\x07\0\0\x07\x0f\0\0\x0e\xcc\x01\0\0\x05\0\0\xb7\x07\0\0\x07\x0f\0\0\x09\
\xcc\x01\0\x08\x05\0\0\xee\x05\0\0\x4a\x0f\0\0\x09\x50\x03\0\x18\x05\0\0\xee\
\x05\0\0\x75\x0f\0\0\x09\x6c\x04\0\x58\x05\0\0\xee\x05\0\0\x9a\x0f\0\0\x0b\x90\
\x04\0\x68\x05\0\0\xee\x05\0\0\0\0\0\0\0\0\0\0\x70\x05\0\0\xee\x05\0\0\xac\x0f\
\0\0\x20\x94\x04\0\x98\x05\0\0\xee\x05\0\0\xf5\x0f\0\0\x09\x98\x04\0\xa0\x05\0\
\0\xee\x05\0\0\x1a\x10\0\0\x17\x9c\x04\0\xc0\x05\0\0\xee\x05\0\0\x3d\x10\0\0\
\x11\xc4\x04\0\xd8\x05\0\0\xb7\x07\0\0\x62\x10\0\0\x1d\xa0\x03\0\xe8\x05\0\0\
\xb7\x07\0\0\x99\x10\0\0\x13\xd0\x03\0\xf8\x05\0\0\xee\x05\0\0\xb8\x10\0\0\x22\
\xc8\x04\0\0\x06\0\0\xb7\x07\0\0\xe1\x10\0\0\x13\xcc\x03\0\x08\x06\0\0\xb7\x07\
\0\0\0\x11\0\0\x25\xe0\x03\0\x10\x06\0\0\xb7\x07\0\0\x62\x10\0\0\x1d\xa0\x03\0\
\x30\x06\0\0\xb7\x07\0\0\0\x11\0\0\x25\xe0\x03\0\x38\x06\0\0\xb7\x07\0\0\x62\
\x10\0\0\x1d\xa0\x03\0\x50\x06\0\0\xb7\x07\0\0\x62\x10\0\0\x1d\xa0\x03\0\x60\
\x06\0\0\xb7\x07\0\0\0\x11\0\0\x2e\xe0\x03\0\x68\x06\0\0\xb7\x07\0\0\x3c\x11\0\
\0\x25\xe4\x03\0\x78\x06\0\0\xb7\x07\0\0\x62\x10\0\0\x1d\xa0\x03\0\xa0\x06\0\0\
\xb7\x07\0\0\x3c\x11\0\0\x25\xe4\x03\0\xa8\x06\0\0\xb7\x07\0\0\x62\x10\0\0\x1d\
\xa0\x03\0\xb8\x06\0\0\xb7\x07\0\0\x62\x10\0\0\x1d\xa0\x03\0\xc8\x06\0\0\xb7\
\x07\0\0\x3c\x11\0\0\x2e\xe4\x03\0\xd0\x06\0\0\xb7\x07\0\0\0\x11\0\0\x25\xe0\
\x03\0\xe0\x06\0\0\xb7\x07\0\0\x62\x10\0\0\x1d\xa0\x03\0\x08\x07\0\0\xb7\x07\0\
\0\0\x11\0\0\x25\xe0\x03\0\x10\x07\0\0\xb7\x07\0\0\x62\x10\0\0\x1d\xa0\x03\0\
\x20\x07\0\0\xb7\x07\0\0\x62\x10\0\0\x1d\xa0\x03\0\x30\x07\0\0\xb7\x07\0\0\0\
\x11\0\0\x2e\xe0\x03\0\x38\x07\0\0\xb7\x07\0\0\x3c\x11\0\0\x25\xe4\x03\0\x48\
\x07\0\0\xb7\x07\0\0\x62\x10\0\0\x1d\xa0\x03\0\x70\x07\0\0\xb7\x07\0\0\x3c\x11\
\0\0\x25\xe4\x03\0\x78\x07\0\0\xb7\x07\0\0\x62\x10\0\0\x1d\xa0\x03\0\x88\x07\0\
\0\xb7\x07\0\0\x62\x10\0\0\x1d\xa0\x03\0\x98\x07\0\0\xb7\x07\0\0\x3c\x11\0\0\
\x2e\xe4\x03\0\xa0\x07\0\0\xb7\x07\0\0\0\x11\0\0\x25\xe0\x03\0\xb0\x07\0\0\xb7\
\x07\0\0\x62\x10\0\0\x1d\xa0\x03\0\xd8\x07\0\0\xb7\x07\0\0\0\x11\0\0\x25\xe0\
\x03\0\xe0\x07\0\0\xb7\x07\0\0\x62\x10\0\0\x1d\xa0\x03\0\xf0\x07\0\0\xb7\x07\0\
\0\x62\x10\0\0\x1d\xa0\x03\0\0\x08\0\0\xb7\x07\0\0\0\x11\0\0\x2e\xe0\x03\0\x08\
\x08\0\0\xb7\x07\0\0\x3c\x11\0\0\x25\xe4\x03\0\x18\x08\0\0\xb7\x07\0\0\x62\x10\
\0\0\x1d\xa0\x03\0\x40\x08\0\0\xb7\x07\0\0\x3c\x11\0\0\x25\xe4\x03\0\x48\x08\0\
\0\xb7\x07\0\0\x62\x10\0\0\x1d\xa0\x03\0\x58\x08\0\0\xb7\x07\0\0\x62\x10\0\0\
\x1d\xa0\x03\0\x68\x08\0\0\xb7\x07\0\0\x3c\x11\0\0\x2e\xe4\x03\0\x70\x08\0\0\
\xb7\x07\0\0\0\x11\0\0\x25\xe0\x03\0\x80\x08\0\0\xb7\x07\0\0\x62\x10\0\0\x1d\
\xa0\x03\0\xa8\x08\0\0\xb7\x07\0\0\0\x11\0\0\x25\xe0\x03\0\xb0\x08\0\0\xb7\x07\
\0\0\x62\x10\0\0\x1d\xa0\x03\0\xc0\x08\0\0\xb7\x07\0\0\x62\x10\0\0\x1d\xa0\x03\
\0\xd0\x08\0\0\xb7\x07\0\0\0\x11\0\0\x2e\xe0\x03\0\xd8\x08\0\0\xb7\x07\0\0\x3c\
\x11\0\0\x25\xe4\x03\0\xe8\x08\0\0\xb7\x07\0\0\x62\x10\0\0\x1d\xa0\x03\0\x10\
\x09\0\0\xb7\x07\0\0\x3c\x11\0\0\x25\xe4\x03\0\x18\x09\0\0\xb7\x07\0\0\x62\x10\
\0\0\x1d\xa0\x03\0\x28\x09\0\0\xb7\x07\0\0\x62\x10\0\0\x1d\xa0\x03\0\x38\x09\0\
\0\xb7\x07\0\0\x3c\x11\0\0\x2e\xe4\x03\0\x40\x09\0\0\xb7\x07\0\0\0\x11\0\0\x25\
\xe0\x03\0\x50\x09\0\0\xb7\x07\0\0\x62\x10\0\0\x1d\xa0\x03\0\x78\x09\0\0\xb7\
\x07\0\0\0\x11\0\0\x25\xe0\x03\0\x80\x09\0\0\xb7\x07\0\0\x62\x10\0\0\x1d\xa0\
\x03\0\x90\x09\0\0\xb7\x07\0\0\x62\x10\0\0\x1d\xa0\x03\0\xa0\x09\0\0\xb7\x07\0\
\0\0\x11\0\0\x2e\xe0\x03\0\xa8\x09\0\0\xb7\x07\0\0\x3c\x11\0\0\x25\xe4\x03\0\
\xb8\x09\0\0\xb7\x07\0\0\x62\x10\0\0\x1d\xa0\x03\0\xe0\x09\0\0\xb7\x07\0\0\x3c\
\x11\0\0\x25\xe4\x03\0\xe8\x09\0\0\xb7\x07\0\0\x62\x10\0\0\x1d\xa0\x03\0\xf8\
\x09\0\0\xb7\x07\0\0\x62\x10\0\0\x1d\xa0\x03\0\x08\x0a\0\0\xb7\x07\0\0\x3c\x11\
\0\0\x2e\xe4\x03\0\x10\x0a\0\0\xb7\x07\0\0\0\x11\0\0\x25\xe0\x03\0\x20\x0a\0\0\
\xb7\x07\0\0\x62\x10\0\0\x1d\xa0\x03\0\x48\x0a\0\0\xb7\x07\0\0\0\x11\0\0\x25\
\xe0\x03\0\x50\x0a\0\0\xb7\x07\0\0\x62\x10\0\0\x1d\xa0\x03\0\x60\x0a\0\0\xb7\
\x07\0\0\x62\x10\0\0\x1d\xa0\x03\0\x70\x0a\0\0\xb7\x07\0\0\0\x11\0\0\x2e\xe0\
\x03\0\x78\x0a\0\0\xb7\x07\0\0\x3c\x11\0\0\x25\xe4\x03\0\x88\x0a\0\0\xb7\x07\0\
\0\x62\x10\0\0\x1d\xa0\x03\0\xb0\x0a\0\0\xb7\x07\0\0\x3c\x11\0\0\x25\xe4\x03\0\
\xb8\x0a\0\0\xb7\x07\0\0\x62\x10\0\0\x1d\xa0\x03\0\xc8\x0a\0\0\xb7\x07\0\0\x62\
\x10\0\0\x1d\xa0\x03\0\xd8\x0a\0\0\xb7\x07\0\0\x3c\x11\0\0\x2e\xe4\x03\0\xe0\
\x0a\0\0\xb7\x07\0\0\0\x11\0\0\x25\xe0\x03\0\xf0\x0a\0\0\xb7\x07\0\0\x62\x10\0\
\0\x1d\xa0\x03\0\x18\x0b\0\0\xb7\x07\0\0\0\x11\0\0\x25\xe0\x03\0\x20\x0b\0\0\
\xb7\x07\0\0\x62\x10\0\0\x1d\xa0\x03\0\x30\x0b\0\0\xb7\x07\0\0\x62\x10\0\0\x1d\
\xa0\x03\0\x40\x0b\0\0\xb7\x07\0\0\0\x11\0\0\x2e\xe0\x03\0\x48\x0b\0\0\xb7\x07\
\0\0\x3c\x11\0\0\x25\xe4\x03\0\x58\x0b\0\0\xb7\x07\0\0\x62\x10\0\0\x1d\xa0\x03\
\0\x80\x0b\0\0\xb7\x07\0\0\x3c\x11\0\0\x25\xe4\x03\0\x88\x0b\0\0\xb7\x07\0\0\
\x62\x10\0\0\x1d\xa0\x03\0\x98\x0b\0\0\xb7\x07\0\0\x62\x10\0\0\x1d\xa0\x03\0\
\xa8\x0b\0\0\xb7\x07\0\0\x3c\x11\0\0\x2e\xe4\x03\0\xb0\x0b\0\0\xb7\x07\0\0\0\
\x11\0\0\x25\xe0\x03\0\xc0\x0b\0\0\xb7\x07\0\0\x62\x10\0\0\x1d\xa0\x03\0\xe8\
\x0b\0\0\xb7\x07\0\0\0\x11\0\0\x25\xe0\x03\0\xf0\x0b\0\0\xb7\x07\0\0\x62\x10\0\
\0\x1d\xa0\x03\0\0\x0c\0\0\xb7\x07\0\0\x62\x10\0\0\x1d\xa0\x03\0\x10\x0c\0\0\
\xb7\x07\0\0\0\x11\0\0\x2e\xe0\x03\0\x18\x0c\0\0\xb7\x07\0\0\x3c\x11\0\0\x25\
\xe4\x03\0\x28\x0c\0\0\xb7\x07\0\0\x62\x10\0\0\x1d\xa0\x03\0\x50\x0c\0\0\xb7\
\x07\0\0\x3c\x11\0\0\x25\xe4\x03\0\x58\x0c\0\0\xb7\x07\0\0\x62\x10\0\0\x1d\xa0\
\x03\0\x68\x0c\0\0\xb7\x07\0\0\x62\x10\0\0\x1d\xa0\x03\0\x78\x0c\0\0\xb7\x07\0\
\0\x3c\x11\0\0\x2e\xe4\x03\0\x80\x0c\0\0\xb7\x07\0\0\0\x11\0\0\x25\xe0\x03\0\
\x90\x0c\0\0\xb7\x07\0\0\x62\x10\0\0\x1d\xa0\x03\0\xb8\x0c\0\0\xb7\x07\0\0\0\
\x11\0\0\x25\xe0\x03\0\xc0\x0c\0\0\xb7\x07\0\0\x62\x10\0\0\x1d\xa0\x03\0\xd0\
\x0c\0\0\xb7\x07\0\0\x62\x10\0\0\x1d\xa0\x03\0\xe0\x0c\0\0\xb7\x07\0\0\0\x11\0\
\0\x2e\xe0\x03\0\xe8\x0c\0\0\xb7\x07\0\0\x3c\x11\0\0\x25\xe4\x03\0\xf8\x0c\0\0\
\xb7\x07\0\0\x62\x10\0\0\x1d\xa0\x03\0\x20\x0d\0\0\xb7\x07\0\0\x3c\x11\0\0\x25\
\xe4\x03\0\x28\x0d\0\0\xb7\x07\0\0\x62\x10\0\0\x1d\xa0\x03\0\x38\x0d\0\0\xb7\
\x07\0\0\x62\x10\0\0\x1d\xa0\x03\0\x48\x0d\0\0\xb7\x07\0\0\x3c\x11\0\0\x2e\xe4\
\x03\0\x50\x0d\0\0\xb7\x07\0\0\0\x11\0\0\x25\xe0\x03\0\x60\x0d\0\0\xb7\x07\0\0\
\x62\x10\0\0\x1d\xa0\x03\0\x88\x0d\0\0\xb7\x07\0\0\0\x11\0\0\x25\xe0\x03\0\x90\
\x0d\0\0\xb7\x07\0\0\x62\x10\0\0\x1d\xa0\x03\0\xa0\x0d\0\0\xb7\x07\0\0\x62\x10\
\0\0\x1d\xa0\x03\0\xb0\x0d\0\0\xb7\x07\0\0\0\x11\0\0\x2e\xe0\x03\0\xb8\x0d\0\0\
\xb7\x07\0\0\x3c\x11\0\0\x25\xe4\x03\0\xc8\x0d\0\0\xb7\x07\0\0\x62\x10\0\0\x1d\
\xa0\x03\0\xf0\x0d\0\0\xb7\x07\0\0\x3c\x11\0\0\x25\xe4\x03\0\xf8\x0d\0\0\xb7\
\x07\0\0\x62\x10\0\0\x1d\xa0\x03\0\x08\x0e\0\0\xb7\x07\0\0\x62\x10\0\0\x1d\xa0\
\x03\0\x18\x0e\0\0\xb7\x07\0\0\x3c\x11\0\0\x2e\xe4\x03\0\x20\x0e\0\0\xb7\x07\0\
\0\0\x11\0\0\x25\xe0\x03\0\x30\x0e\0\0\xb7\x07\0\0\x62\x10\0\0\x1d\xa0\x03\0\
\x58\x0e\0\0\xb7\x07\0\0\0\x11\0\0\x25\xe0\x03\0\x60\x0e\0\0\xb7\x07\0\0\x62\
\x10\0\0\x1d\xa0\x03\0\x78\x0e\0\0\xb7\x07\0\0\x62\x10\0\0\x1d\xa0\x03\0\x88\
\x0e\0\0\xb7\x07\0\0\0\x11\0\0\x2e\xe0\x03\0\x90\x0e\0\0\xb7\x07\0\0\x3c\x11\0\
\0\x25\xe4\x03\0\xa0\x0e\0\0\xb7\x07\0\0\x62\x10\0\0\x1d\xa0\x03\0\xc8\x0e\0\0\
\xb7\x07\0\0\x3c\x11\0\0\x25\xe4\x03\0\xd0\x0e\0\0\xb7\x07\0\0\x62\x10\0\0\x1d\
\xa0\x03\0\xe8\x0e\0\0\xb7\x07\0\0\x62\x10\0\0\x1d\xa0\x03\0\xf8\x0e\0\0\xb7\
\x07\0\0\x3c\x11\0\0\x2e\xe4\x03\0\0\x0f\0\0\xb7\x07\0\0\0\x11\0\0\x25\xe0\x03\
\0\x10\x0f\0\0\xb7\x07\0\0\x62\x10\0\0\x1d\xa0\x03\0\x38\x0f\0\0\xb7\x07\0\0\0\
\x11\0\0\x25\xe0\x03\0\x40\x0f\0\0\xb7\x07\0\0\x62\x10\0\0\x1d\xa0\x03\0\x58\
\x0f\0\0\xb7\x07\0\0\x62\x10\0\0\x1d\xa0\x03\0\x68\x0f\0\0\xb7\x07\0\0\0\x11\0\
\0\x2e\xe0\x03\0\x70\x0f\0\0\xb7\x07\0\0\x3c\x11\0\0\x25\xe4\x03\0\x80\x0f\0\0\
\xb7\x07\0\0\x62\x10\0\0\x1d\xa0\x03\0\xa8\x0f\0\0\xb7\x07\0\0\x3c\x11\0\0\x25\
\xe4\x03\0\xb0\x0f\0\0\xb7\x07\0\0\x62\x10\0\0\x1d\xa0\x03\0\xc0\x0f\0\0\xb7\
\x07\0\0\x3c\x11\0\0\x2e\xe4\x03\0\xc8\x0f\0\0\xee\x05\0\0\x7c\x11\0\0\x31\xd8\
\x04\0\xd0\x0f\0\0\xee\x05\0\0\x7c\x11\0\0\x28\xd8\x04\0\xd8\x0f\0\0\xee\x05\0\
\0\x7c\x11\0\0\x2f\xd8\x04\0\xe8\x0f\0\0\xee\x05\0\0\xb6\x11\0\0\x19\xc0\x04\0\
\xf0\x0f\0\0\xee\x05\0\0\xd4\x11\0\0\x10\xdc\x04\0\0\x10\0\0\xee\x05\0\0\xd4\
\x11\0\0\x0e\xdc\x04\0\x08\x10\0\0\xee\x05\0\0\xf9\x11\0\0\x11\xe4\x04\0\x20\
\x10\0\0\xee\x05\0\0\x22\x12\0\0\x09\xec\x04\0\x30\x10\0\0\xee\x05\0\0\x22\x12\
\0\0\x09\xec\x04\0\x48\x10\0\0\xb7\x07\0\0\x62\x10\0\0\x1d\xa0\x03\0\x58\x10\0\
\0\xb7\x07\0\0\x99\x10\0\0\x13\xd0\x03\0\x68\x10\0\0\xee\x05\0\0\x9e\x12\0\0\
\x26\xf0\x04\0\x70\x10\0\0\xb7\x07\0\0\xe1\x10\0\0\x13\xcc\x03\0\x78\x10\0\0\
\xb7\x07\0\0\0\x11\0\0\x25\xe0\x03\0\x90\x10\0\0\xb7\x07\0\0\x62\x10\0\0\x1d\
\xa0\x03\0\xc0\x10\0\0\xb7\x07\0\0\x62\x10\0\0\x1d\xa0\x03\0\xc8\x10\0\0\xb7\
\x07\0\0\0\x11\0\0\x2e\xe0\x03\0\xd0\x10\0\0\xb7\x07\0\0\x3c\x11\0\0\x25\xe4\
\x03\0\xe0\x10\0\0\xb7\x07\0\0\x62\x10\0\0\x1d\xa0\x03\0\x08\x11\0\0\xb7\x07\0\
\0\x3c\x11\0\0\x25\xe4\x03\0\x10\x11\0\0\xb7\x07\0\0\x62\x10\0\0\x1d\xa0\x03\0\
\x28\x11\0\0\xb7\x07\0\0\x62\x10\0\0\x1d\xa0\x03\0\x30\x11\0\0\xb7\x07\0\0\x3c\
\x11\0\0\x2e\xe4\x03\0\x38\x11\0\0\xb7\x07\0\0\0\x11\0\0\x25\xe0\x03\0\x48\x11\
\0\0\xb7\x07\0\0\x62\x10\0\0\x1d\xa0\x03\0\x70\x11\0\0\xb7\x07\0\0\0\x11\0\0\
\x25\xe0\x03\0\x78\x11\0\0\xb7\x07\0\0\x62\x10\0\0\x1d\xa0\x03\0\x90\x11\0\0\
\xb7\x07\0\0\x62\x10\0\0\x1d\xa0\x03\0\x98\x11\0\0\xb7\x07\0\0\0\x11\0\0\x2e\
\xe0\x03\0\xa0\x11\0\0\xb7\x07\0\0\x3c\x11\0\0\x25\xe4\x03\0\xb0\x11\0\0\xb7\
\x07\0\0\x62\x10\0\0\x1d\xa0\x03\0\xd8\x11\0\0\xb7\x07\0\0\x3c\x11\0\0\x25\xe4\
\x03\0\xe0\x11\0\0\xb7\x07\0\0\x62\x10\0\0\x1d\xa0\x03\0\xf8\x11\0\0\xb7\x07\0\
\0\x62\x10\0\0\x1d\xa0\x03\0\0\x12\0\0\xb7\x07\0\0\x3c\x11\0\0\x2e\xe4\x03\0\
\x08\x12\0\0\xb7\x07\0\0\0\x11\0\0\x25\xe0\x03\0\x18\x12\0\0\xb7\x07\0\0\x62\
\x10\0\0\x1d\xa0\x03\0\x40\x12\0\0\xb7\x07\0\0\0\x11\0\0\x25\xe0\x03\0\x48\x12\
\0\0\xb7\x07\0\0\x62\x10\0\0\x1d\xa0\x03\0\x60\x12\0\0\xb7\x07\0\0\x62\x10\0\0\
\x1d\xa0\x03\0\x68\x12\0\0\xb7\x07\0\0\0\x11\0\0\x2e\xe0\x03\0\x70\x12\0\0\xb7\
\x07\0\0\x3c\x11\0\0\x25\xe4\x03\0\x80\x12\0\0\xb7\x07\0\0\x62\x10\0\0\x1d\xa0\
\x03\0\xa8\x12\0\0\xb7\x07\0\0\x3c\x11\0\0\x25\xe4\x03\0\xb0\x12\0\0\xb7\x07\0\
\0\x62\x10\0\0\x1d\xa0\x03\0\xc8\x12\0\0\xb7\x07\0\0\x62\x10\0\0\x1d\xa0\x03\0\
\xd0\x12\0\0\xb7\x07\0\0\x3c\x11\0\0\x2e\xe4\x03\0\xd8\x12\0\0\xb7\x07\0\0\0\
\x11\0\0\x25\xe0\x03\0\xe8\x12\0\0\xb7\x07\0\0\x62\x10\0\0\x1d\xa0\x03\0\x10\
\x13\0\0\xb7\x07\0\0\0\x11\0\0\x25\xe0\x03\0\x18\x13\0\0\xb7\x07\0\0\x62\x10\0\
\0\x1d\xa0\x03\0\x30\x13\0\0\xb7\x07\0\0\x62\x10\0\0\x1d\xa0\x03\0\x38\x13\0\0\
\xb7\x07\0\0\0\x11\0\0\x2e\xe0\x03\0\x40\x13\0\0\xb7\x07\0\0\x3c\x11\0\0\x25\
\xe4\x03\0\x50\x13\0\0\xb7\x07\0\0\x62\x10\0\0\x1d\xa0\x03\0\x78\x13\0\0\xb7\
\x07\0\0\x3c\x11\0\0\x25\xe4\x03\0\x80\x13\0\0\xb7\x07\0\0\x62\x10\0\0\x1d\xa0\
\x03\0\x98\x13\0\0\xb7\x07\0\0\x62\x10\0\0\x1d\xa0\x03\0\xa0\x13\0\0\xb7\x07\0\
\0\x3c\x11\0\0\x2e\xe4\x03\0\xa8\x13\0\0\xb7\x07\0\0\0\x11\0\0\x25\xe0\x03\0\
\xb8\x13\0\0\xb7\x07\0\0\x62\x10\0\0\x1d\xa0\x03\0\xe0\x13\0\0\xb7\x07\0\0\0\
\x11\0\0\x25\xe0\x03\0\xe8\x13\0\0\xb7\x07\0\0\x62\x10\0\0\x1d\xa0\x03\0\0\x14\
\0\0\xb7\x07\0\0\x62\x10\0\0\x1d\xa0\x03\0\x08\x14\0\0\xb7\x07\0\0\0\x11\0\0\
\x2e\xe0\x03\0\x10\x14\0\0\xb7\x07\0\0\x3c\x11\0\0\x25\xe4\x03\0\x20\x14\0\0\
\xb7\x07\0\0\x62\x10\0\0\x1d\xa0\x03\0\x48\x14\0\0\xb7\x07\0\0\x3c\x11\0\0\x25\
\xe4\x03\0\x50\x14\0\0\xb7\x07\0\0\x62\x10\0\0\x1d\xa0\x03\0\x68\x14\0\0\xb7\
\x07\0\0\x62\x10\0\0\x1d\xa0\x03\0\x70\x14\0\0\xb7\x07\0\0\x3c\x11\0\0\x2e\xe4\
\x03\0\x78\x14\0\0\xb7\x07\0\0\0\x11\0\0\x25\xe0\x03\0\x88\x14\0\0\xb7\x07\0\0\
\x62\x10\0\0\x1d\xa0\x03\0\xb0\x14\0\0\xb7\x07\0\0\0\x11\0\0\x25\xe0\x03\0\xb8\
\x14\0\0\xb7\x07\0\0\x62\x10\0\0\x1d\xa0\x03\0\xd0\x14\0\0\xb7\x07\0\0\x62\x10\
\0\0\x1d\xa0\x03\0\xd8\x14\0\0\xb7\x07\0\0\0\x11\0\0\x2e\xe0\x03\0\xe0\x14\0\0\
\xb7\x07\0\0\x3c\x11\0\0\x25\xe4\x03\0\xf0\x14\0\0\xb7\x07\0\0\x62\x10\0\0\x1d\
\xa0\x03\0\x18\x15\0\0\xb7\x07\0\0\x3c\x11\0\0\x25\xe4\x03\0\x20\x15\0\0\xb7\
\x07\0\0\x62\x10\0\0\x1d\xa0\x03\0\x38\x15\0\0\xb7\x07\0\0\x62\x10\0\0\x1d\xa0\
\x03\0\x40\x15\0\0\xb7\x07\0\0\x3c\x11\0\0\x2e\xe4\x03\0\x48\x15\0\0\xb7\x07\0\
\0\0\x11\0\0\x25\xe0\x03\0\x58\x15\0\0\xb7\x07\0\0\x62\x10\0\0\x1d\xa0\x03\0\
\x80\x15\0\0\xb7\x07\0\0\0\x11\0\0\x25\xe0\x03\0\x88\x15\0\0\xb7\x07\0\0\x62\
\x10\0\0\x1d\xa0\x03\0\xa0\x15\0\0\xb7\x07\0\0\x62\x10\0\0\x1d\xa0\x03\0\xa8\
\x15\0\0\xb7\x07\0\0\0\x11\0\0\x2e\xe0\x03\0\xb0\x15\0\0\xb7\x07\0\0\x3c\x11\0\
\0\x25\xe4\x03\0\xc0\x15\0\0\xb7\x07\0\0\x62\x10\0\0\x1d\xa0\x03\0\xe8\x15\0\0\
\xb7\x07\0\0\x3c\x11\0\0\x25\xe4\x03\0\xf0\x15\0\0\xb7\x07\0\0\x62\x10\0\0\x1d\
\xa0\x03\0\x08\x16\0\0\xb7\x07\0\0\x62\x10\0\0\x1d\xa0\x03\0\x10\x16\0\0\xb7\
\x07\0\0\x3c\x11\0\0\x2e\xe4\x03\0\x18\x16\0\0\xb7\x07\0\0\0\x11\0\0\x25\xe0\
\x03\0\x28\x16\0\0\xb7\x07\0\0\x62\x10\0\0\x1d\xa0\x03\0\x50\x16\0\0\xb7\x07\0\
\0\0\x11\0\0\x25\xe0\x03\0\x58\x16\0\0\xb7\x07\0\0\x62\x10\0\0\x1d\xa0\x03\0\
\x70\x16\0\0\xb7\x07\0\0\x62\x10\0\0\x1d\xa0\x03\0\x78\x16\0\0\xb7\x07\0\0\0\
\x11\0\0\x2e\xe0\x03\0\x80\x16\0\0\xb7\x07\0\0\x3c\x11\0\0\x25\xe4\x03\0\x90\
\x16\0\0\xb7\x07\0\0\x62\x10\0\0\x1d\xa0\x03\0\xb8\x16\0\0\xb7\x07\0\0\x3c\x11\
\0\0\x25\xe4\x03\0\xc0\x16\0\0\xb7\x07\0\0\x62\x10\0\0\x1d\xa0\x03\0\xd8\x16\0\
\0\xb7\x07\0\0\x62\x10\0\0\x1d\xa0\x03\0\xe0\x16\0\0\xb7\x07\0\0\x3c\x11\0\0\
\x2e\xe4\x03\0\xe8\x16\0\0\xb7\x07\0\0\0\x11\0\0\x25\xe0\x03\0\xf8\x16\0\0\xb7\
\x07\0\0\x62\x10\0\0\x1d\xa0\x03\0\x20\x17\0\0\xb7\x07\0\0\0\x11\0\0\x25\xe0\
\x03\0\x28\x17\0\0\xb7\x07\0\0\x62\x10\0\0\x1d\xa0\x03\0\x40\x17\0\0\xb7\x07\0\
\0\x62\x10\0\0\x1d\xa0\x03\0\x48\x17\0\0\xb7\x07\0\0\0\x11\0\0\x2e\xe0\x03\0\
\x50\x17\0\0\xb7\x07\0\0\x3c\x11\0\0\x25\xe4\x03\0\x60\x17\0\0\xb7\x07\0\0\x62\
\x10\0\0\x1d\xa0\x03\0\x88\x17\0\0\xb7\x07\0\0\x3c\x11\0\0\x25\xe4\x03\0\x90\
\x17\0\0\xb7\x07\0\0\x62\x10\0\0\x1d\xa0\x03\0\xa8\x17\0\0\xb7\x07\0\0\x62\x10\
\0\0\x1d\xa0\x03\0\xb0\x17\0\0\xb7\x07\0\0\x3c\x11\0\0\x2e\xe4\x03\0\xb8\x17\0\
\0\xb7\x07\0\0\0\x11\0\0\x25\xe0\x03\0\xc8\x17\0\0\xb7\x07\0\0\x62\x10\0\0\x1d\
\xa0\x03\0\xf0\x17\0\0\xb7\x07\0\0\0\x11\0\0\x25\xe0\x03\0\xf8\x17\0\0\xb7\x07\
\0\0\x62\x10\0\0\x1d\xa0\x03\0\x10\x18\0\0\xb7\x07\0\0\x62\x10\0\0\x1d\xa0\x03\
\0\x18\x18\0\0\xb7\x07\0\0\0\x11\0\0\x2e\xe0\x03\0\x20\x18\0\0\xb7\x07\0\0\x3c\
\x11\0\0\x25\xe4\x03\0\x30\x18\0\0\xb7\x07\0\0\x62\x10\0\0\x1d\xa0\x03\0\x58\
\x18\0\0\xb7\x07\0\0\x3c\x11\0\0\x25\xe4\x03\0\x60\x18\0\0\xb7\x07\0\0\x62\x10\
\0\0\x1d\xa0\x03\0\x78\x18\0\0\xb7\x07\0\0\x62\x10\0\0\x1d\xa0\x03\0\x80\x18\0\
\0\xb7\x07\0\0\x3c\x11\0\0\x2e\xe4\x03\0\x88\x18\0\0\xb7\x07\0\0\0\x11\0\0\x25\
\xe0\x03\0\x98\x18\0\0\xb7\x07\0\0\x62\x10\0\0\x1d\xa0\x03\0\xc0\x18\0\0\xb7\
\x07\0\0\0\x11\0\0\x25\xe0\x03\0\xc8\x18\0\0\xb7\x07\0\0\x62\x10\0\0\x1d\xa0\
\x03\0\xd8\x18\0\0\xb7\x07\0\0\x62\x10\0\0\x1d\xa0\x03\0\xe0\x18\0\0\xb7\x07\0\
\0\0\x11\0\0\x2e\xe0\x03\0\xe8\x18\0\0\xb7\x07\0\0\x3c\x11\0\0\x25\xe4\x03\0\
\xf8\x18\0\0\xb7\x07\0\0\x62\x10\0\0\x1d\xa0\x03\0\x20\x19\0\0\xb7\x07\0\0\x3c\
\x11\0\0\x25\xe4\x03\0\x28\x19\0\0\xb7\x07\0\0\x62\x10\0\0\x1d\xa0\x03\0\x38\
\x19\0\0\xb7\x07\0\0\x62\x10\0\0\x1d\xa0\x03\0\x40\x19\0\0\xb7\x07\0\0\x3c\x11\
\0\0\x2e\xe4\x03\0\x48\x19\0\0\xb7\x07\0\0\0\x11\0\0\x25\xe0\x03\0\x58\x19\0\0\
\xb7\x07\0\0\x62\x10\0\0\x1d\xa0\x03\0\x80\x19\0\0\xb7\x07\0\0\0\x11\0\0\x25\
\xe0\x03\0\x88\x19\0\0\xb7\x07\0\0\x62\x10\0\0\x1d\xa0\x03\0\x98\x19\0\0\xb7\
\x07\0\0\x62\x10\0\0\x1d\xa0\x03\0\xa0\x19\0\0\xb7\x07\0\0\0\x11\0\0\x2e\xe0\
\x03\0\xa8\x19\0\0\xb7\x07\0\0\x3c\x11\0\0\x25\xe4\x03\0\xb8\x19\0\0\xb7\x07\0\
\0\x62\x10\0\0\x1d\xa0\x03\0\xe0\x19\0\0\xb7\x07\0\0\x3c\x11\0\0\x25\xe4\x03\0\
\xe8\x19\0\0\xb7\x07\0\0\x62\x10\0\0\x1d\xa0\x03\0\xf8\x19\0\0\xb7\x07\0\0\x3c\
\x11\0\0\x2e\xe4\x03\0\0\x1a\0\0\xee\x05\0\0\xcb\x12\0\0\x2f\xfc\x04\0\x08\x1a\
\0\0\xee\x05\0\0\xcb\x12\0\0\x26\xfc\x04\0\x10\x1a\0\0\xee\x05\0\0\xcb\x12\0\0\
\x2d\xfc\x04\0\x20\x1a\0\0\xee\x05\0\0\x03\x13\0\0\x18\0\x05\0\x30\x1a\0\0\xee\
\x05\0\0\x03\x13\0\0\x16\0\x05\0\x40\x1a\0\0\xee\x05\0\0\x30\x13\0\0\x1f\x10\
\x05\0\x48\x1a\0\0\xee\x05\0\0\x53\x13\0\0\x13\x18\x05\0\x70\x1a\0\0\xee\x05\0\
\0\x53\x13\0\0\x09\x18\x05\0\x78\x1a\0\0\xee\x05\0\0\xf3\x13\0\0\x33\x44\x05\0\
\x90\x1a\0\0\xee\x05\0\0\xf3\x13\0\0\x0d\x44\x05\0\xa8\x1a\0\0\xee\x05\0\0\xf3\
\x13\0\0\x0d\x44\x05\0\xb0\x1a\0\0\xee\x05\0\0\xaf\x14\0\0\x0d\x48\x05\0\xd0\
\x1a\0\0\xee\x05\0\0\xf4\x14\0\0\x2a\x60\x05\0\xd8\x1a\0\0\xee\x05\0\0\x8f\x15\
\0\0\x26\x5c\x05\0\xe0\x1a\0\0\xee\x05\0\0\xd7\x15\0\0\x1f\x88\x05\0\xf0\x1a\0\
\0\xee\x05\0\0\xd7\x15\0\0\x0d\x88\x05\0\xf8\x1a\0\0\xee\x05\0\0\x0d\x16\0\0\
\x0d\x8c\x05\0\x08\x1b\0\0\xee\x05\0\0\0\0\0\0\0\0\0\0\x18\x1b\0\0\xee\x05\0\0\
\x3e\x16\0\0\x15\x9c\x05\0\x20\x1b\0\0\xee\x05\0\0\x3e\x16\0\0\x19\x9c\x05\0\
\x30\x1b\0\0\xb7\x07\0\0\x19\x09\0\0\x11\x4c\x01\0\x40\x1b\0\0\xee\x05\0\0\x5b\
\x16\0\0\x0d\xa0\x05\0\x48\x1b\0\0\xee\x05\0\0\x91\x16\0\0\x0d\xa4\x05\0\x58\
\x1b\0\0\xee\x05\0\0\0\0\0\0\0\0\0\0\x68\x1b\0\0\xee\x05\0\0\xc5\x16\0\0\x23\
\xb8\x05\0\x78\x1b\0\0\xee\x05\0\0\xc5\x16\0\0\x0d\xb8\x05\0\x80\x1b\0\0\xee\
\x05\0\0\xfc\x16\0\0\x0d\xbc\x05\0\x90\x1b\0\0\xee\x05\0\0\0\0\0\0\0\0\0\0\xa0\
\x1b\0\0\xee\x05\0\0\x2f\x17\0\0\x17\xcc\x05\0\xa8\x1b\0\0\xee\x05\0\0\x2f\x17\
\0\0\x1c\xcc\x05\0\xb8\x1b\0\0\xb7\x07\0\0\x19\x09\0\0\x11\x4c\x01\0\xc0\x1b\0\
\0\xee\x05\0\0\x4f\x17\0\0\x0d\xd0\x05\0\xc8\x1b\0\0\xee\x05\0\0\x87\x17\0\0\
\x0d\xd4\x05\0\xd8\x1b\0\0\xee\x05\0\0\0\0\0\0\0\0\0\0\xe8\x1b\0\0\xee\x05\0\0\
\xba\x17\0\0\x1c\xf0\x05\0\x08\x1c\0\0\xee\x05\0\0\xe9\x17\0\0\x17\x10\x06\0\
\x18\x1c\0\0\xee\x05\0\0\xe9\x17\0\0\x15\x10\x06\0\x28\x1c\0\0\xee\x05\0\0\x16\
\x18\0\0\x0f\xc4\x06\0\x38\x1c\0\0\xee\x05\0\0\xba\x17\0\0\x1c\xf0\x05\0\x40\
\x1c\0\0\xee\x05\0\0\x2d\x18\0\0\x26\xc8\x06\0\x58\x1c\0\0\xee\x05\0\0\x7d\x18\
\0\0\x0d\xcc\x06\0\x60\x1c\0\0\xee\x05\0\0\x92\x18\0\0\x0d\xd0\x06\0\x80\x1c\0\
\0\xee\x05\0\0\xbe\x18\0\0\x1c\0\x07\0\x98\x1c\0\0\xee\x05\0\0\xe4\x18\0\0\x0d\
\x04\x07\0\xb0\x1c\0\0\xee\x05\0\0\xff\x18\0\0\x0d\x0c\x07\0\xb8\x1c\0\0\xee\
\x05\0\0\x15\x19\0\0\x47\x10\x07\0\xc8\x1c\0\0\xee\x05\0\0\x15\x19\0\0\x11\x10\
\x07\0\xf0\x1c\0\0\xee\x05\0\0\x15\x19\0\0\x11\x10\x07\0\xf8\x1c\0\0\xee\x05\0\
\0\x91\x19\0\0\x11\x14\x07\0\x20\x1d\0\0\xb7\x07\0\0\x62\x10\0\0\x1d\xa0\x03\0\
\x28\x1d\0\0\xb7\x07\0\0\x99\x10\0\0\x13\xd0\x03\0\x30\x1d\0\0\xb7\x07\0\0\x62\
\x10\0\0\x1d\xa0\x03\0\x40\x1d\0\0\xb7\x07\0\0\0\x11\0\0\x25\xe0\x03\0\x50\x1d\
\0\0\xb7\x07\0\0\x62\x10\0\0\x1d\xa0\x03\0\x68\x1d\0\0\xb7\x07\0\0\0\x11\0\0\
\x25\xe0\x03\0\x70\x1d\0\0\xb7\x07\0\0\x62\x10\0\0\x1d\xa0\x03\0\x88\x1d\0\0\
\xb7\x07\0\0\x62\x10\0\0\x1d\xa0\x03\0\x90\x1d\0\0\xb7\x07\0\0\0\x11\0\0\x2e\
\xe0\x03\0\x98\x1d\0\0\xb7\x07\0\0\x3c\x11\0\0\x25\xe4\x03\0\xa8\x1d\0\0\xb7\
\x07\0\0\x62\x10\0\0\x1d\xa0\x03\0\xd0\x1d\0\0\xb7\x07\0\0\x3c\x11\0\0\x25\xe4\
\x03\0\xd8\x1d\0\0\xb7\x07\0\0\x62\x10\0\0\x1d\xa0\x03\0\xf0\x1d\0\0\xb7\x07\0\
\0\x62\x10\0\0\x1d\xa0\x03\0\xf8\x1d\0\0\xb7\x07\0\0\x3c\x11\0\0\x2e\xe4\x03\0\
\0\x1e\0\0\xb7\x07\0\0\0\x11\0\0\x25\xe0\x03\0\x10\x1e\0\0\xb7\x07\0\0\x62\x10\
\0\0\x1d\xa0\x03\0\x38\x1e\0\0\xb7\x07\0\0\0\x11\0\0\x25\xe0\x03\0\x40\x1e\0\0\
\xb7\x07\0\0\x62\x10\0\0\x1d\xa0\x03\0\x58\x1e\0\0\xb7\x07\0\0\x62\x10\0\0\x1d\
\xa0\x03\0\x60\x1e\0\0\xb7\x07\0\0\0\x11\0\0\x2e\xe0\x03\0\x68\x1e\0\0\xb7\x07\
\0\0\x3c\x11\0\0\x25\xe4\x03\0\x78\x1e\0\0\xb7\x07\0\0\x62\x10\0\0\x1d\xa0\x03\
\0\xa0\x1e\0\0\xb7\x07\0\0\x3c\x11\0\0\x25\xe4\x03\0\xa8\x1e\0\0\xb7\x07\0\0\
\x62\x10\0\0\x1d\xa0\x03\0\xc0\x1e\0\0\xb7\x07\0\0\x62\x10\0\0\x1d\xa0\x03\0\
\xc8\x1e\0\0\xb7\x07\0\0\x3c\x11\0\0\x2e\xe4\x03\0\xd0\x1e\0\0\xb7\x07\0\0\0\
\x11\0\0\x25\xe0\x03\0\xe0\x1e\0\0\xb7\x07\0\0\x62\x10\0\0\x1d\xa0\x03\0\x08\
\x1f\0\0\xb7\x07\0\0\0\x11\0\0\x25\xe0\x03\0\x10\x1f\0\0\xb7\x07\0\0\x62\x10\0\
\0\x1d\xa0\x03\0\x28\x1f\0\0\xb7\x07\0\0\x62\x10\0\0\x1d\xa0\x03\0\x30\x1f\0\0\
\xb7\x07\0\0\0\x11\0\0\x2e\xe0\x03\0\x38\x1f\0\0\xb7\x07\0\0\x3c\x11\0\0\x25\
\xe4\x03\0\x48\x1f\0\0\xb7\x07\0\0\x62\x10\0\0\x1d\xa0\x03\0\x70\x1f\0\0\xb7\
\x07\0\0\x3c\x11\0\0\x25\xe4\x03\0\x78\x1f\0\0\xb7\x07\0\0\x62\x10\0\0\x1d\xa0\
\x03\0\x90\x1f\0\0\xb7\x07\0\0\x62\x10\0\0\x1d\xa0\x03\0\x98\x1f\0\0\xb7\x07\0\
\0\x3c\x11\0\0\x2e\xe4\x03\0\xa0\x1f\0\0\xb7\x07\0\0\0\x11\0\0\x25\xe0\x03\0\
\xb0\x1f\0\0\xb7\x07\0\0\x62\x10\0\0\x1d\xa0\x03\0\xd8\x1f\0\0\xb7\x07\0\0\0\
\x11\0\0\x25\xe0\x03\0\xe0\x1f\0\0\xb7\x07\0\0\x62\x10\0\0\x1d\xa0\x03\0\xf8\
\x1f\0\0\xb7\x07\0\0\x62\x10\0\0\x1d\xa0\x03\0\0\x20\0\0\xb7\x07\0\0\0\x11\0\0\
\x2e\xe0\x03\0\x08\x20\0\0\xb7\x07\0\0\x3c\x11\0\0\x25\xe4\x03\0\x18\x20\0\0\
\xb7\x07\0\0\x62\x10\0\0\x1d\xa0\x03\0\x40\x20\0\0\xb7\x07\0\0\x3c\x11\0\0\x25\
\xe4\x03\0\x48\x20\0\0\xb7\x07\0\0\x62\x10\0\0\x1d\xa0\x03\0\x60\x20\0\0\xb7\
\x07\0\0\x62\x10\0\0\x1d\xa0\x03\0\x68\x20\0\0\xb7\x07\0\0\x3c\x11\0\0\x2e\xe4\
\x03\0\x70\x20\0\0\xb7\x07\0\0\0\x11\0\0\x25\xe0\x03\0\x80\x20\0\0\xb7\x07\0\0\
\x62\x10\0\0\x1d\xa0\x03\0\xa8\x20\0\0\xb7\x07\0\0\0\x11\0\0\x25\xe0\x03\0\xb0\
\x20\0\0\xb7\x07\0\0\x62\x10\0\0\x1d\xa0\x03\0\xc8\x20\0\0\xb7\x07\0\0\x62\x10\
\0\0\x1d\xa0\x03\0\xd0\x20\0\0\xb7\x07\0\0\0\x11\0\0\x2e\xe0\x03\0\xd8\x20\0\0\
\xb7\x07\0\0\x3c\x11\0\0\x25\xe4\x03\0\xe8\x20\0\0\xb7\x07\0\0\x62\x10\0\0\x1d\
\xa0\x03\0\x10\x21\0\0\xb7\x07\0\0\x3c\x11\0\0\x25\xe4\x03\0\x18\x21\0\0\xb7\
\x07\0\0\x62\x10\0\0\x1d\xa0\x03\0\x30\x21\0\0\xb7\x07\0\0\x62\x10\0\0\x1d\xa0\
\x03\0\x38\x21\0\0\xb7\x07\0\0\x3c\x11\0\0\x2e\xe4\x03\0\x40\x21\0\0\xb7\x07\0\
\0\0\x11\0\0\x25\xe0\x03\0\x50\x21\0\0\xb7\x07\0\0\x62\x10\0\0\x1d\xa0\x03\0\
\x78\x21\0\0\xb7\x07\0\0\0\x11\0\0\x25\xe0\x03\0\x80\x21\0\0\xb7\x07\0\0\x62\
\x10\0\0\x1d\xa0\x03\0\x98\x21\0\0\xb7\x07\0\0\x62\x10\0\0\x1d\xa0\x03\0\xa0\
\x21\0\0\xb7\x07\0\0\0\x11\0\0\x2e\xe0\x03\0\xa8\x21\0\0\xb7\x07\0\0\x3c\x11\0\
\0\x25\xe4\x03\0\xb8\x21\0\0\xb7\x07\0\0\x62\x10\0\0\x1d\xa0\x03\0\xe0\x21\0\0\
\xb7\x07\0\0\x3c\x11\0\0\x25\xe4\x03\0\xe8\x21\0\0\xb7\x07\0\0\x62\x10\0\0\x1d\
\xa0\x03\0\0\x22\0\0\xb7\x07\0\0\x62\x10\0\0\x1d\xa0\x03\0\x08\x22\0\0\xb7\x07\
\0\0\x3c\x11\0\0\x2e\xe4\x03\0\x10\x22\0\0\xb7\x07\0\0\0\x11\0\0\x25\xe0\x03\0\
\x20\x22\0\0\xb7\x07\0\0\x62\x10\0\0\x1d\xa0\x03\0\x48\x22\0\0\xb7\x07\0\0\0\
\x11\0\0\x25\xe0\x03\0\x50\x22\0\0\xb7\x07\0\0\x62\x10\0\0\x1d\xa0\x03\0\x68\
\x22\0\0\xb7\x07\0\0\x62\x10\0\0\x1d\xa0\x03\0\x70\x22\0\0\xb7\x07\0\0\0\x11\0\
\0\x2e\xe0\x03\0\x78\x22\0\0\xb7\x07\0\0\x3c\x11\0\0\x25\xe4\x03\0\x88\x22\0\0\
\xb7\x07\0\0\x62\x10\0\0\x1d\xa0\x03\0\xb0\x22\0\0\xb7\x07\0\0\x3c\x11\0\0\x25\
\xe4\x03\0\xb8\x22\0\0\xb7\x07\0\0\x62\x10\0\0\x1d\xa0\x03\0\xd0\x22\0\0\xb7\
\x07\0\0\x62\x10\0\0\x1d\xa0\x03\0\xd8\x22\0\0\xb7\x07\0\0\x3c\x11\0\0\x2e\xe4\
\x03\0\xe0\x22\0\0\xb7\x07\0\0\0\x11\0\0\x25\xe0\x03\0\xf0\x22\0\0\xb7\x07\0\0\
\x62\x10\0\0\x1d\xa0\x03\0\x18\x23\0\0\xb7\x07\0\0\0\x11\0\0\x25\xe0\x03\0\x20\
\x23\0\0\xb7\x07\0\0\x62\x10\0\0\x1d\xa0\x03\0\x38\x23\0\0\xb7\x07\0\0\x62\x10\
\0\0\x1d\xa0\x03\0\x40\x23\0\0\xb7\x07\0\0\0\x11\0\0\x2e\xe0\x03\0\x48\x23\0\0\
\xb7\x07\0\0\x3c\x11\0\0\x25\xe4\x03\0\x58\x23\0\0\xb7\x07\0\0\x62\x10\0\0\x1d\
\xa0\x03\0\x80\x23\0\0\xb7\x07\0\0\x3c\x11\0\0\x25\xe4\x03\0\x88\x23\0\0\xb7\
\x07\0\0\x62\x10\0\0\x1d\xa0\x03\0\xa0\x23\0\0\xb7\x07\0\0\x62\x10\0\0\x1d\xa0\
\x03\0\xa8\x23\0\0\xb7\x07\0\0\x3c\x11\0\0\x2e\xe4\x03\0\xb0\x23\0\0\xb7\x07\0\
\0\0\x11\0\0\x25\xe0\x03\0\xc0\x23\0\0\xb7\x07\0\0\x62\x10\0\0\x1d\xa0\x03\0\
\xe8\x23\0\0\xb7\x07\0\0\0\x11\0\0\x25\xe0\x03\0\xf0\x23\0\0\xb7\x07\0\0\x62\
\x10\0\0\x1d\xa0\x03\0\x08\x24\0\0\xb7\x07\0\0\x62\x10\0\0\x1d\xa0\x03\0\x10\
\x24\0\0\xb7\x07\0\0\0\x11\0\0\x2e\xe0\x03\0\x18\x24\0\0\xb7\x07\0\0\x3c\x11\0\
\0\x25\xe4\x03\0\x28\x24\0\0\xb7\x07\0\0\x62\x10\0\0\x1d\xa0\x03\0\x50\x24\0\0\
\xb7\x07\0\0\x3c\x11\0\0\x25\xe4\x03\0\x58\x24\0\0\xb7\x07\0\0\x62\x10\0\0\x1d\
\xa0\x03\0\x70\x24\0\0\xb7\x07\0\0\x62\x10\0\0\x1d\xa0\x03\0\x78\x24\0\0\xb7\
\x07\0\0\x3c\x11\0\0\x2e\xe4\x03\0\x80\x24\0\0\xb7\x07\0\0\0\x11\0\0\x25\xe0\
\x03\0\x90\x24\0\0\xb7\x07\0\0\x62\x10\0\0\x1d\xa0\x03\0\xb8\x24\0\0\xb7\x07\0\
\0\0\x11\0\0\x25\xe0\x03\0\xc0\x24\0\0\xb7\x07\0\0\x62\x10\0\0\x1d\xa0\x03\0\
\xd8\x24\0\0\xb7\x07\0\0\x62\x10\0\0\x1d\xa0\x03\0\xe0\x24\0\0\xb7\x07\0\0\0\
\x11\0\0\x2e\xe0\x03\0\xe8\x24\0\0\xb7\x07\0\0\x3c\x11\0\0\x25\xe4\x03\0\xf8\
\x24\0\0\xb7\x07\0\0\x62\x10\0\0\x1d\xa0\x03\0\x20\x25\0\0\xb7\x07\0\0\x3c\x11\
\0\0\x25\xe4\x03\0\x28\x25\0\0\xb7\x07\0\0\x62\x10\0\0\x1d\xa0\x03\0\x40\x25\0\
\0\xb7\x07\0\0\x62\x10\0\0\x1d\xa0\x03\0\x48\x25\0\0\xb7\x07\0\0\x3c\x11\0\0\
\x2e\xe4\x03\0\x50\x25\0\0\xb7\x07\0\0\0\x11\0\0\x25\xe0\x03\0\x60\x25\0\0\xb7\
\x07\0\0\x62\x10\0\0\x1d\xa0\x03\0\x88\x25\0\0\xb7\x07\0\0\0\x11\0\0\x25\xe0\
\x03\0\x90\x25\0\0\xb7\x07\0\0\x62\x10\0\0\x1d\xa0\x03\0\xa8\x25\0\0\xb7\x07\0\
\0\x62\x10\0\0\x1d\xa0\x03\0\xb0\x25\0\0\xb7\x07\0\0\0\x11\0\0\x2e\xe0\x03\0\
\xb8\x25\0\0\xb7\x07\0\0\x3c\x11\0\0\x25\xe4\x03\0\xc8\x25\0\0\xb7\x07\0\0\x62\
\x10\0\0\x1d\xa0\x03\0\xf0\x25\0\0\xb7\x07\0\0\x3c\x11\0\0\x25\xe4\x03\0\xf8\
\x25\0\0\xb7\x07\0\0\x62\x10\0\0\x1d\xa0\x03\0\x10\x26\0\0\xb7\x07\0\0\x62\x10\
\0\0\x1d\xa0\x03\0\x18\x26\0\0\xb7\x07\0\0\x3c\x11\0\0\x2e\xe4\x03\0\x20\x26\0\
\0\xb7\x07\0\0\0\x11\0\0\x25\xe0\x03\0\x30\x26\0\0\xb7\x07\0\0\x62\x10\0\0\x1d\
\xa0\x03\0\x58\x26\0\0\xb7\x07\0\0\0\x11\0\0\x25\xe0\x03\0\x60\x26\0\0\xb7\x07\
\0\0\x62\x10\0\0\x1d\xa0\x03\0\x78\x26\0\0\xb7\x07\0\0\x62\x10\0\0\x1d\xa0\x03\
\0\x80\x26\0\0\xb7\x07\0\0\0\x11\0\0\x2e\xe0\x03\0\x88\x26\0\0\xee\x05\0\0\xcd\
\x19\0\0\x16\x44\x07\0\x98\x26\0\0\xee\x05\0\0\xf0\x19\0\0\x27\x40\x07\0\xa0\
\x26\0\0\xb7\x07\0\0\x3c\x11\0\0\x25\xe4\x03\0\xb0\x26\0\0\xb7\x07\0\0\x62\x10\
\0\0\x1d\xa0\x03\0\xd0\x26\0\0\xb7\x07\0\0\x3c\x11\0\0\x25\xe4\x03\0\xd8\x26\0\
\0\xb7\x07\0\0\x62\x10\0\0\x1d\xa0\x03\0\xe8\x26\0\0\xb7\x07\0\0\x3c\x11\0\0\
\x2e\xe4\x03\0\xf0\x26\0\0\xee\x05\0\0\x18\x1a\0\0\x18\x48\x07\0\xf8\x26\0\0\
\xee\x05\0\0\xf0\x19\0\0\x27\x40\x07\0\0\x27\0\0\xee\x05\0\0\x3d\x1a\0\0\x22\
\x58\x07\0\x08\x27\0\0\xee\x05\0\0\x63\x1a\0\0\x0d\x5c\x07\0\x10\x27\0\0\xee\
\x05\0\0\x93\x1a\0\0\x0d\x60\x07\0\x30\x27\0\0\xee\x05\0\0\xc8\x1a\0\0\x33\x70\
\x07\0\x48\x27\0\0\xee\x05\0\0\xc8\x1a\0\0\x0d\x70\x07\0\x68\x27\0\0\xee\x05\0\
\0\xc8\x1a\0\0\x0d\x70\x07\0\x70\x27\0\0\xee\x05\0\0\x29\x1b\0\0\x0d\x74\x07\0\
\x90\x27\0\0\xee\x05\0\0\xf4\x14\0\0\x2a\x8c\x07\0\x98\x27\0\0\xee\x05\0\0\x8f\
\x15\0\0\x26\x88\x07\0\xa0\x27\0\0\xee\x05\0\0\xd7\x15\0\0\x1f\x9c\x07\0\xb0\
\x27\0\0\xee\x05\0\0\xd7\x15\0\0\x0d\x9c\x07\0\xb8\x27\0\0\xee\x05\0\0\x0d\x16\
\0\0\x0d\xa0\x07\0\xc8\x27\0\0\xee\x05\0\0\0\0\0\0\0\0\0\0\xd8\x27\0\0\xee\x05\
\0\0\x3e\x16\0\0\x15\xb0\x07\0\xe0\x27\0\0\xee\x05\0\0\x3e\x16\0\0\x19\xb0\x07\
\0\xf8\x27\0\0\xb7\x07\0\0\x19\x09\0\0\x11\x4c\x01\0\0\x28\0\0\xee\x05\0\0\x5b\
\x16\0\0\x0d\xb4\x07\0\x08\x28\0\0\xee\x05\0\0\x91\x16\0\0\x0d\xb8\x07\0\x18\
\x28\0\0\xee\x05\0\0\0\0\0\0\0\0\0\0\x28\x28\0\0\xee\x05\0\0\xc5\x16\0\0\x23\
\xcc\x07\0\x38\x28\0\0\xee\x05\0\0\xc5\x16\0\0\x0d\xcc\x07\0\x40\x28\0\0\xee\
\x05\0\0\xfc\x16\0\0\x0d\xd0\x07\0\x50\x28\0\0\xee\x05\0\0\0\0\0\0\0\0\0\0\x60\
\x28\0\0\xee\x05\0\0\x2f\x17\0\0\x17\xe0\x07\0\x68\x28\0\0\xee\x05\0\0\x2f\x17\
\0\0\x1c\xe0\x07\0\x78\x28\0\0\xb7\x07\0\0\x19\x09\0\0\x11\x4c\x01\0\x80\x28\0\
\0\xee\x05\0\0\x4f\x17\0\0\x0d\xe4\x07\0\x88\x28\0\0\xee\x05\0\0\x87\x17\0\0\
\x0d\xe8\x07\0\x98\x28\0\0\xee\x05\0\0\0\0\0\0\0\0\0\0\xb0\x28\0\0\xee\x05\0\0\
\x63\x1b\0\0\x0f\xfc\x07\0\xc0\x28\0\0\xee\x05\0\0\0\0\0\0\0\0\0\0\xc8\x28\0\0\
\xee\x05\0\0\x8a\x1b\0\0\x2e\0\x08\0\xe8\x28\0\0\xee\x05\0\0\xee\x1b\0\0\x0d\
\x04\x08\0\xf0\x28\0\0\xee\x05\0\0\x92\x18\0\0\x0d\x08\x08\0\x10\x29\0\0\xee\
\x05\0\0\x03\x1c\0\0\x1d\x24\x08\0\x30\x29\0\0\xee\x05\0\0\x2a\x1c\0\0\x0d\x28\
\x08\0\x40\x29\0\0\xee\x05\0\0\x46\x1c\0\0\x0d\x30\x08\0\x48\x29\0\0\xee\x05\0\
\0\x5c\x1c\0\0\x1d\x3c\x08\0\x58\x29\0\0\xee\x05\0\0\x5c\x1c\0\0\x0d\x3c\x08\0\
\x68\x29\0\0\xee\x05\0\0\x7f\x1c\0\0\x12\x40\x08\0\x70\x29\0\0\xee\x05\0\0\x9a\
\x1c\0\0\x36\x44\x08\0\x88\x29\0\0\xee\x05\0\0\0\0\0\0\0\0\0\0\x90\x29\0\0\xee\
\x05\0\0\x9a\x1c\0\0\x11\x44\x08\0\xa8\x29\0\0\xee\x05\0\0\x9a\x1c\0\0\x11\x44\
\x08\0\xb0\x29\0\0\xee\x05\0\0\xff\x1c\0\0\x11\x50\x08\0\xd8\x29\0\0\xee\x05\0\
\0\xff\x1c\0\0\x11\x50\x08\0\xe0\x29\0\0\xee\x05\0\0\x4a\x1d\0\0\x11\x54\x08\0\
\0\x2a\0\0\xee\x05\0\0\xff\x1c\0\0\x11\xc0\x08\0\x28\x2a\0\0\xee\x05\0\0\xff\
\x1c\0\0\x11\xc0\x08\0\x30\x2a\0\0\xee\x05\0\0\x88\x1d\0\0\x11\xc4\x08\0\x58\
\x2a\0\0\xb7\x07\0\0\xc6\x1d\0\0\x0b\0\x02\0\x70\x2a\0\0\xb7\x07\0\0\xd8\x1d\0\
\0\x0f\xfc\x01\0\x88\x2a\0\0\xb7\x07\0\0\xc6\x1d\0\0\x0b\0\x02\0\xb0\x2a\0\0\
\xb7\x07\0\0\x04\x1e\0\0\x0d\x04\x02\0\xc0\x2a\0\0\xb7\x07\0\0\x15\x1e\0\0\x14\
\x08\x02\0\xf0\x2a\0\0\xb7\x07\0\0\x63\x1e\0\0\x11\x0c\x02\0\0\x2b\0\0\xb7\x07\
\0\0\x8a\x1e\0\0\x0d\x24\x02\0\x58\x2b\0\0\xb7\x07\0\0\xd8\x1d\0\0\x0d\x28\x02\
\0\x90\x2b\0\0\xb7\x07\0\0\xc6\x1d\0\0\x0b\x2c\x02\0\xa0\x2b\0\0\xb7\x07\0\0\
\x04\x1e\0\0\x0d\x30\x02\0\xa8\x2b\0\0\xb7\x07\0\0\xc3\x1e\0\0\x37\x34\x02\0\
\xb8\x2b\0\0\xb7\x07\0\0\xc3\x1e\0\0\x14\x34\x02\0\xe0\x2b\0\0\xb7\x07\0\0\x63\
\x1e\0\0\x11\x38\x02\0\xf0\x2b\0\0\xb7\x07\0\0\x1a\x1f\0\0\x0d\x50\x02\0\x48\
\x2c\0\0\xb7\x07\0\0\xc6\x1d\0\0\x0b\x58\x02\0\x50\x2c\0\0\xb7\x07\0\0\x04\x1e\
\0\0\x0d\x5c\x02\0\x58\x2c\0\0\xb7\x07\0\0\x57\x1f\0\0\x37\x60\x02\0\x68\x2c\0\
\0\xb7\x07\0\0\x57\x1f\0\0\x14\x60\x02\0\x90\x2c\0\0\xb7\x07\0\0\x63\x1e\0\0\
\x11\x64\x02\0\xa0\x2c\0\0\xb7\x07\0\0\xb0\x1f\0\0\x15\x78\x02\0\xb0\x2c\0\0\
\xb7\x07\0\0\xca\x1f\0\0\x09\x7c\x02\0\xc0\x2c\0\0\xb7\x07\0\0\xd9\x1f\0\0\x0f\
\x80\x02\0\xc8\x2c\0\0\xb7\x07\0\0\xf1\x1f\0\0\x2c\x84\x02\0\xe8\x2c\0\0\xb7\
\x07\0\0\xf1\x1f\0\0\x2a\x84\x02\0\xf0\x2c\0\0\xb7\x07\0\0\x29\x20\0\0\x0d\x88\
\x02\0\xf8\x2c\0\0\xb7\x07\0\0\x29\x20\0\0\x33\x88\x02\0\x08\x2d\0\0\xb7\x07\0\
\0\x29\x20\0\0\x2c\x88\x02\0\x20\x2d\0\0\xb7\x07\0\0\x29\x20\0\0\x2a\x88\x02\0\
\x28\x2d\0\0\xb7\x07\0\0\x61\x20\0\0\x0d\x8c\x02\0\x38\x2d\0\0\xb7\x07\0\0\x61\
\x20\0\0\x33\x8c\x02\0\x48\x2d\0\0\xb7\x07\0\0\x61\x20\0\0\x2c\x8c\x02\0\x58\
\x2d\0\0\xb7\x07\0\0\x61\x20\0\0\x2a\x8c\x02\0\x68\x2d\0\0\xb7\x07\0\0\0\0\0\0\
\0\0\0\0\x70\x2d\0\0\xb7\x07\0\0\x99\x20\0\0\x10\x90\x02\0\xa0\x2d\0\0\xee\x05\
\0\0\xdf\x20\0\0\x0d\xdc\x08\0\xa8\x2d\0\0\xee\x05\0\0\xfb\x20\0\0\x0d\xe0\x08\
\0\xb8\x2d\0\0\xee\x05\0\0\0\0\0\0\0\0\0\0\xc8\x2d\0\0\xee\x05\0\0\x2b\x21\0\0\
\x19\x7c\x08\0\xd8\x2d\0\0\xee\x05\0\0\x53\x21\0\0\x1c\x90\x08\0\xe0\x2d\0\0\
\xee\x05\0\0\x53\x21\0\0\x14\x90\x08\0\xe8\x2d\0\0\xee\x05\0\0\xa4\x21\0\0\x1c\
\x94\x08\0\x08\x2e\0\0\xee\x05\0\0\xa4\x21\0\0\x14\x94\x08\0\x18\x2e\0\0\xee\
\x05\0\0\x2b\x21\0\0\x19\x7c\x08\0\x30\x2e\0\0\xee\x05\0\0\xf5\x21\0\0\x18\x9c\
\x08\0\x50\x2e\0\0\xee\x05\0\0\x34\x22\0\0\x11\xa0\x08\0\x60\x2e\0\0\xee\x05\0\
\0\x54\x22\0\0\x3e\xb4\x08\0\x88\x2e\0\0\xb7\x07\0\0\xc6\x1d\0\0\x0b\0\x02\0\
\xb0\x2e\0\0\xee\x05\0\0\x54\x22\0\0\x2a\xb4\x08\0\xc0\x2e\0\0\xb7\x07\0\0\xa8\
\x22\0\0\x12\xe8\x01\0\xf0\x2e\0\0\xb7\x07\0\0\xc6\x1d\0\0\x0b\0\x02\0\0\x2f\0\
\0\xb7\x07\0\0\x04\x1e\0\0\x0d\x04\x02\0\x08\x2f\0\0\xb7\x07\0\0\x15\x1e\0\0\
\x14\x08\x02\0\x38\x2f\0\0\xb7\x07\0\0\x63\x1e\0\0\x11\x0c\x02\0\x48\x2f\0\0\
\xb7\x07\0\0\x8a\x1e\0\0\x0d\x24\x02\0\xa8\x2f\0\0\xb7\x07\0\0\xd8\x1d\0\0\x0d\
\x28\x02\0\xc8\x2f\0\0\xb7\x07\0\0\xc6\x1d\0\0\x0b\x2c\x02\0\xd0\x2f\0\0\xb7\
\x07\0\0\x04\x1e\0\0\x0d\x30\x02\0\xd8\x2f\0\0\xb7\x07\0\0\xc3\x1e\0\0\x37\x34\
\x02\0\xe8\x2f\0\0\xb7\x07\0\0\xc3\x1e\0\0\x14\x34\x02\0\x10\x30\0\0\xb7\x07\0\
\0\x63\x1e\0\0\x11\x38\x02\0\x20\x30\0\0\xb7\x07\0\0\x1a\x1f\0\0\x0d\x50\x02\0\
\x88\x30\0\0\xb7\x07\0\0\xc6\x1d\0\0\x0b\x58\x02\0\x90\x30\0\0\xb7\x07\0\0\x04\
\x1e\0\0\x0d\x5c\x02\0\xa0\x30\0\0\xb7\x07\0\0\x57\x1f\0\0\x37\x60\x02\0\xa8\
\x30\0\0\xb7\x07\0\0\x57\x1f\0\0\x14\x60\x02\0\xd0\x30\0\0\xb7\x07\0\0\x63\x1e\
\0\0\x11\x64\x02\0\xe8\x30\0\0\xb7\x07\0\0\xb0\x1f\0\0\x15\x78\x02\0\xf8\x30\0\
\0\xb7\x07\0\0\xca\x1f\0\0\x09\x7c\x02\0\x08\x31\0\0\xb7\x07\0\0\xd9\x1f\0\0\
\x0f\x80\x02\0\x10\x31\0\0\xb7\x07\0\0\xf1\x1f\0\0\x2c\x84\x02\0\x40\x31\0\0\
\xb7\x07\0\0\xf1\x1f\0\0\x2a\x84\x02\0\x48\x31\0\0\xb7\x07\0\0\x29\x20\0\0\x0d\
\x88\x02\0\x50\x31\0\0\xb7\x07\0\0\x29\x20\0\0\x33\x88\x02\0\x60\x31\0\0\xb7\
\x07\0\0\x29\x20\0\0\x2c\x88\x02\0\x88\x31\0\0\xb7\x07\0\0\x29\x20\0\0\x2a\x88\
\x02\0\x90\x31\0\0\xb7\x07\0\0\x61\x20\0\0\x0d\x8c\x02\0\xa0\x31\0\0\xb7\x07\0\
\0\x61\x20\0\0\x33\x8c\x02\0\xa8\x31\0\0\xb7\x07\0\0\x61\x20\0\0\x2c\x8c\x02\0\
\xc8\x31\0\0\xb7\x07\0\0\x61\x20\0\0\x2a\x8c\x02\0\xd8\x31\0\0\xb7\x07\0\0\0\0\
\0\0\0\0\0\0\xe0\x31\0\0\xb7\x07\0\0\x99\x20\0\0\x10\x90\x02\0\x10\x32\0\0\xee\
\x05\0\0\xdf\x20\0\0\x0d\xdc\x08\0\x28\x32\0\0\xee\x05\0\0\xbf\x22\0\0\x0d\x04\
\x09\0\x58\x32\0\0\xee\x05\0\0\xbf\x22\0\0\x0d\x04\x09\0\x60\x32\0\0\xee\x05\0\
\0\x33\x23\0\0\x0d\x0c\x09\0\x88\x32\0\0\xee\x05\0\0\x80\x23\0\0\x2c\x1c\x09\0\
\x98\x32\0\0\xee\x05\0\0\x80\x23\0\0\x0d\x1c\x09\0\xc8\x32\0\0\xee\x05\0\0\x80\
\x23\0\0\x0d\x1c\x09\0\xd0\x32\0\0\xee\x05\0\0\xe7\x23\0\0\x0d\x24\x09\0\xf0\
\x32\0\0\xee\x05\0\0\x39\x24\0\0\x11\xa4\x08\0\0\x33\0\0\xee\x05\0\0\0\0\0\0\0\
\0\0\0\x20\x33\0\0\xee\x05\0\0\x6d\x24\0\0\x1d\x4c\x09\0\x30\x33\0\0\xee\x05\0\
\0\x9d\x24\0\0\x1d\x48\x09\0\x38\x33\0\0\xee\x05\0\0\xc9\x24\0\0\x4e\x50\x09\0\
\x40\x33\0\0\xee\x05\0\0\xc9\x24\0\0\x66\x50\x09\0\x48\x33\0\0\xee\x05\0\0\xc9\
\x24\0\0\x0d\x50\x09\0\x68\x33\0\0\xee\x05\0\0\xc9\x24\0\0\x0d\x50\x09\0\x70\
\x33\0\0\xee\x05\0\0\x94\x25\0\0\x0d\x54\x09\0\x98\x33\0\0\xee\x05\0\0\xe5\x25\
\0\0\x22\xd8\x09\0\xa8\x33\0\0\xee\x05\0\0\xe5\x25\0\0\x09\xd8\x09\0\xd0\x33\0\
\0\xee\x05\0\0\xe5\x25\0\0\x09\xd8\x09\0\xd8\x33\0\0\xee\x05\0\0\x75\x26\0\0\
\x09\xdc\x09\0\0\x34\0\0\xee\x05\0\0\xc4\x26\0\0\x09\xec\x09\0\x20\x34\0\0\xee\
\x05\0\0\xd7\x26\0\0\x26\xf0\x09\0\x28\x34\0\0\xee\x05\0\0\xd7\x26\0\0\x5e\xf0\
\x09\0\x30\x34\0\0\xee\x05\0\0\xd7\x26\0\0\x0d\xf0\x09\0\x58\x34\0\0\xee\x05\0\
\0\xd7\x26\0\0\x0d\xf0\x09\0\x60\x34\0\0\xee\x05\0\0\x6b\x27\0\0\x0d\xf4\x09\0\
\x80\x34\0\0\x18\x2a\0\0\x5c\x2a\0\0\0\x80\0\0\x90\x34\0\0\x18\x2a\0\0\x58\x06\
\0\0\x09\xa8\0\0\xa0\x34\0\0\x18\x2a\0\0\x58\x06\0\0\x09\xa8\0\0\xa8\x34\0\0\
\x18\x2a\0\0\x96\x06\0\0\x09\xac\0\0\xd0\x34\0\0\x18\x2a\0\0\xd9\x06\0\0\x2c\
\xc0\0\0\xd8\x34\0\0\x18\x2a\0\0\x84\x2a\0\0\x28\xbc\0\0\xe0\x34\0\0\x18\x2a\0\
\0\x5a\x07\0\0\x1b\xd0\0\0\xf0\x34\0\0\x18\x2a\0\0\x5a\x07\0\0\x09\xd0\0\0\xf8\
\x34\0\0\x18\x2a\0\0\x8c\x07\0\0\x09\xd4\0\0\x08\x35\0\0\x18\x2a\0\0\0\0\0\0\0\
\0\0\0\x20\x35\0\0\x18\x2a\0\0\xb5\x07\0\0\x01\x2c\x06\0\x38\x35\0\0\xb7\x07\0\
\0\xf1\x07\0\0\x0e\x64\x01\0\x48\x35\0\0\xb7\x07\0\0\xf1\x07\0\0\x31\x64\x01\0\
\x50\x35\0\0\xb7\x07\0\0\xf1\x07\0\0\x09\x64\x01\0\x58\x35\0\0\xb7\x07\0\0\x31\
\x08\0\0\x0d\x78\x01\0\x60\x35\0\0\xb7\x07\0\0\x31\x08\0\0\x15\x78\x01\0\x68\
\x35\0\0\xb7\x07\0\0\x31\x08\0\0\x09\x78\x01\0\x70\x35\0\0\xb7\x07\0\0\x4b\x08\
\0\0\x0e\x84\x01\0\x78\x35\0\0\x18\x2a\0\0\x74\x08\0\0\x09\xe4\0\0\x80\x35\0\0\
\x18\x2a\0\0\x9c\x08\0\0\x0d\xf0\0\0\x90\x35\0\0\x18\x2a\0\0\x9c\x08\0\0\x09\
\xf0\0\0\x98\x35\0\0\x18\x2a\0\0\xcb\x08\0\0\x09\xf4\0\0\xb8\x35\0\0\x18\x2a\0\
\0\xfc\x08\0\0\x15\x04\x01\0\xc0\x35\0\0\x18\x2a\0\0\xfc\x08\0\0\x19\x04\x01\0\
\xd0\x35\0\0\xb7\x07\0\0\x19\x09\0\0\x11\x4c\x01\0\xe0\x35\0\0\x18\x2a\0\0\x3d\
\x09\0\0\x09\x08\x01\0\xe8\x35\0\0\x18\x2a\0\0\x6f\x09\0\0\x09\x0c\x01\0\x08\
\x36\0\0\x18\x2a\0\0\x9b\x09\0\0\x1f\x20\x01\0\x18\x36\0\0\x18\x2a\0\0\x9b\x09\
\0\0\x09\x20\x01\0\x20\x36\0\0\x18\x2a\0\0\xce\x09\0\0\x09\x24\x01\0\x40\x36\0\
\0\x18\x2a\0\0\xf9\x09\0\0\x0e\x30\x01\0\x48\x36\0\0\x18\x2a\0\0\xf9\x09\0\0\
\x13\x30\x01\0\x50\x36\0\0\x18\x2a\0\0\xf9\x09\0\0\x09\x30\x01\0\x58\x36\0\0\
\x18\x2a\0\0\x2b\x0a\0\0\x09\x34\x01\0\x78\x36\0\0\x18\x2a\0\0\x5d\x0a\0\0\x17\
\x44\x01\0\x80\x36\0\0\x18\x2a\0\0\x5d\x0a\0\0\x1c\x44\x01\0\x90\x36\0\0\xb7\
\x07\0\0\x19\x09\0\0\x11\x4c\x01\0\xa0\x36\0\0\x18\x2a\0\0\x7d\x0a\0\0\x09\x48\
\x01\0\xa8\x36\0\0\x18\x2a\0\0\xb1\x0a\0\0\x09\x4c\x01\0\xc8\x36\0\0\x18\x2a\0\
\0\xe1\x0a\0\0\x0e\x5c\x01\0\xd0\x36\0\0\x18\x2a\0\0\xe1\x0a\0\0\x24\x5c\x01\0\
\xd8\x36\0\0\x18\x2a\0\0\xe1\x0a\0\0\x2c\x5c\x01\0\xe0\x36\0\0\x18\x2a\0\0\xe1\
\x0a\0\0\x09\x5c\x01\0\xe8\x36\0\0\x18\x2a\0\0\x27\x0b\0\0\x0e\x6c\x01\0\xf0\
\x36\0\0\x18\x2a\0\0\x27\x0b\0\0\x25\x6c\x01\0\xf8\x36\0\0\x18\x2a\0\0\x27\x0b\
\0\0\x2d\x6c\x01\0\0\x37\0\0\x18\x2a\0\0\x27\x0b\0\0\x09\x6c\x01\0\x08\x37\0\0\
\x18\x2a\0\0\xb1\x2a\0\0\x21\xa4\x01\0\x10\x37\0\0\x18\x2a\0\0\xdd\x2a\0\0\x1d\
\xa0\x01\0\x28\x37\0\0\x18\x2a\0\0\xb1\x2a\0\0\x09\xa4\x01\0\x30\x37\0\0\x18\
\x2a\0\0\xe2\x0d\0\0\x09\xa8\x01\0\x50\x37\0\0\xb7\x07\0\0\x10\x0e\0\0\x0e\xac\
\x01\0\x58\x37\0\0\xb7\x07\0\0\x10\x0e\0\0\x09\xac\x01\0\x60\x37\0\0\xb7\x07\0\
\0\x10\x0e\0\0\x12\xac\x01\0\x68\x37\0\0\xb7\x07\0\0\x10\x0e\0\0\x1b\xac\x01\0\
\x70\x37\0\0\xb7\x07\0\0\x10\x0e\0\0\x16\xac\x01\0\x78\x37\0\0\xb7\x07\0\0\x10\
\x0e\0\0\x1f\xac\x01\0\x80\x37\0\0\xb7\x07\0\0\x10\x0e\0\0\x28\xac\x01\0\x88\
\x37\0\0\xb7\x07\0\0\x10\x0e\0\0\x23\xac\x01\0\x90\x37\0\0\xb7\x07\0\0\x10\x0e\
\0\0\x09\xac\x01\0\x98\x37\0\0\xb7\x07\0\0\x52\x0e\0\0\x0e\xb0\x01\0\xa0\x37\0\
\0\xb7\x07\0\0\x52\x0e\0\0\x09\xb0\x01\0\xa8\x37\0\0\xb7\x07\0\0\x52\x0e\0\0\
\x12\xb0\x01\0\xb0\x37\0\0\xb7\x07\0\0\x52\x0e\0\0\x1a\xb0\x01\0\xb8\x37\0\0\
\xb7\x07\0\0\x52\x0e\0\0\x15\xb0\x01\0\xc0\x37\0\0\xb7\x07\0\0\x52\x0e\0\0\x1e\
\xb0\x01\0\xc8\x37\0\0\xb7\x07\0\0\x52\x0e\0\0\x27\xb0\x01\0\xd0\x37\0\0\xb7\
\x07\0\0\x52\x0e\0\0\x22\xb0\x01\0\xd8\x37\0\0\xb7\x07\0\0\x52\x0e\0\0\x09\xb0\
\x01\0\xe0\x37\0\0\xb7\x07\0\0\xc4\x0e\0\0\x0e\xc4\x01\0\xe8\x37\0\0\xb7\x07\0\
\0\xc4\x0e\0\0\x09\xc4\x01\0\xf0\x37\0\0\xb7\x07\0\0\xc4\x0e\0\0\x09\xc4\x01\0\
\xf8\x37\0\0\xb7\x07\0\0\x07\x0f\0\0\x0e\xcc\x01\0\0\x38\0\0\xb7\x07\0\0\x07\
\x0f\0\0\x09\xcc\x01\0\x08\x38\0\0\x18\x2a\0\0\x3b\x2b\0\0\x09\xc4\x01\0\x10\
\x38\0\0\x18\x2a\0\0\x6f\x2b\0\0\x17\x78\x02\0\x28\x38\0\0\xb7\x07\0\0\x9a\x2b\
\0\0\x1e\x10\x04\0\x38\x38\0\0\x18\x2a\0\0\xd3\x2b\0\0\x28\x7c\x02\0\x40\x38\0\
\0\xb7\x07\0\0\x02\x2c\0\0\x1d\xb4\x03\0\x68\x38\0\0\xb7\x07\0\0\x9a\x2b\0\0\
\x1e\x10\x04\0\x70\x38\0\0\xb7\x07\0\0\x02\x2c\0\0\x1d\xb4\x03\0\x90\x38\0\0\
\xb7\x07\0\0\x9a\x2b\0\0\x34\x10\x04\0\x98\x38\0\0\xb7\x07\0\0\x39\x2c\0\0\x1e\
\x14\x04\0\xa0\x38\0\0\xb7\x07\0\0\x02\x2c\0\0\x1d\xb4\x03\0\xb0\x38\0\0\xb7\
\x07\0\0\x39\x2c\0\0\x1e\x14\x04\0\xc0\x38\0\0\xb7\x07\0\0\x02\x2c\0\0\x1d\xb4\
\x03\0\xf0\x38\0\0\xb7\x07\0\0\x39\x2c\0\0\x30\x14\x04\0\xf8\x38\0\0\xb7\x07\0\
\0\x9a\x2b\0\0\x1e\x10\x04\0\0\x39\0\0\xb7\x07\0\0\x02\x2c\0\0\x1d\xb4\x03\0\
\x10\x39\0\0\xb7\x07\0\0\x9a\x2b\0\0\x1e\x10\x04\0\x20\x39\0\0\xb7\x07\0\0\x02\
\x2c\0\0\x1d\xb4\x03\0\x50\x39\0\0\xb7\x07\0\0\x9a\x2b\0\0\x34\x10\x04\0\x58\
\x39\0\0\xb7\x07\0\0\x39\x2c\0\0\x1e\x14\x04\0\x60\x39\0\0\xb7\x07\0\0\x02\x2c\
\0\0\x1d\xb4\x03\0\x70\x39\0\0\xb7\x07\0\0\x39\x2c\0\0\x1e\x14\x04\0\x80\x39\0\
\0\xb7\x07\0\0\x02\x2c\0\0\x1d\xb4\x03\0\xb0\x39\0\0\xb7\x07\0\0\x39\x2c\0\0\
\x30\x14\x04\0\xb8\x39\0\0\xb7\x07\0\0\x9a\x2b\0\0\x1e\x10\x04\0\xc0\x39\0\0\
\xb7\x07\0\0\x02\x2c\0\0\x1d\xb4\x03\0\xd0\x39\0\0\xb7\x07\0\0\x9a\x2b\0\0\x1e\
\x10\x04\0\xe0\x39\0\0\xb7\x07\0\0\x02\x2c\0\0\x1d\xb4\x03\0\x10\x3a\0\0\xb7\
\x07\0\0\x9a\x2b\0\0\x34\x10\x04\0\x18\x3a\0\0\xb7\x07\0\0\x39\x2c\0\0\x1e\x14\
\x04\0\x20\x3a\0\0\xb7\x07\0\0\x02\x2c\0\0\x1d\xb4\x03\0\x30\x3a\0\0\xb7\x07\0\
\0\x39\x2c\0\0\x1e\x14\x04\0\x40\x3a\0\0\xb7\x07\0\0\x02\x2c\0\0\x1d\xb4\x03\0\
\x70\x3a\0\0\xb7\x07\0\0\x39\x2c\0\0\x30\x14\x04\0\x78\x3a\0\0\xb7\x07\0\0\x9a\
\x2b\0\0\x1e\x10\x04\0\x80\x3a\0\0\xb7\x07\0\0\x02\x2c\0\0\x1d\xb4\x03\0\x90\
\x3a\0\0\xb7\x07\0\0\x9a\x2b\0\0\x1e\x10\x04\0\xa0\x3a\0\0\xb7\x07\0\0\x02\x2c\
\0\0\x1d\xb4\x03\0\xd0\x3a\0\0\xb7\x07\0\0\x9a\x2b\0\0\x34\x10\x04\0\xd8\x3a\0\
\0\xb7\x07\0\0\x39\x2c\0\0\x1e\x14\x04\0\xe0\x3a\0\0\xb7\x07\0\0\x02\x2c\0\0\
\x1d\xb4\x03\0\xf0\x3a\0\0\xb7\x07\0\0\x39\x2c\0\0\x1e\x14\x04\0\0\x3b\0\0\xb7\
\x07\0\0\x02\x2c\0\0\x1d\xb4\x03\0\x30\x3b\0\0\xb7\x07\0\0\x39\x2c\0\0\x30\x14\
\x04\0\x38\x3b\0\0\xb7\x07\0\0\x9a\x2b\0\0\x1e\x10\x04\0\x40\x3b\0\0\xb7\x07\0\
\0\x02\x2c\0\0\x1d\xb4\x03\0\x50\x3b\0\0\xb7\x07\0\0\x9a\x2b\0\0\x1e\x10\x04\0\
\x60\x3b\0\0\xb7\x07\0\0\x02\x2c\0\0\x1d\xb4\x03\0\x90\x3b\0\0\xb7\x07\0\0\x9a\
\x2b\0\0\x34\x10\x04\0\x98\x3b\0\0\xb7\x07\0\0\x39\x2c\0\0\x1e\x14\x04\0\xa0\
\x3b\0\0\xb7\x07\0\0\x02\x2c\0\0\x1d\xb4\x03\0\xb0\x3b\0\0\xb7\x07\0\0\x39\x2c\
\0\0\x1e\x14\x04\0\xc0\x3b\0\0\xb7\x07\0\0\x02\x2c\0\0\x1d\xb4\x03\0\xf0\x3b\0\
\0\xb7\x07\0\0\x39\x2c\0\0\x30\x14\x04\0\xf8\x3b\0\0\xb7\x07\0\0\x9a\x2b\0\0\
\x1e\x10\x04\0\0\x3c\0\0\xb7\x07\0\0\x02\x2c\0\0\x1d\xb4\x03\0\x10\x3c\0\0\xb7\
\x07\0\0\x9a\x2b\0\0\x1e\x10\x04\0\x20\x3c\0\0\xb7\x07\0\0\x02\x2c\0\0\x1d\xb4\
\x03\0\x50\x3c\0\0\xb7\x07\0\0\x9a\x2b\0\0\x34\x10\x04\0\x58\x3c\0\0\xb7\x07\0\
\0\x39\x2c\0\0\x1e\x14\x04\0\x60\x3c\0\0\xb7\x07\0\0\x02\x2c\0\0\x1d\xb4\x03\0\
\x70\x3c\0\0\xb7\x07\0\0\x39\x2c\0\0\x1e\x14\x04\0\x80\x3c\0\0\xb7\x07\0\0\x02\
\x2c\0\0\x1d\xb4\x03\0\xb0\x3c\0\0\xb7\x07\0\0\x39\x2c\0\0\x30\x14\x04\0\xb8\
\x3c\0\0\xb7\x07\0\0\x9a\x2b\0\0\x1e\x10\x04\0\xc0\x3c\0\0\xb7\x07\0\0\x02\x2c\
\0\0\x1d\xb4\x03\0\xd0\x3c\0\0\xb7\x07\0\0\x9a\x2b\0\0\x1e\x10\x04\0\xe0\x3c\0\
\0\xb7\x07\0\0\x02\x2c\0\0\x1d\xb4\x03\0\x10\x3d\0\0\xb7\x07\0\0\x9a\x2b\0\0\
\x34\x10\x04\0\x18\x3d\0\0\xb7\x07\0\0\x39\x2c\0\0\x1e\x14\x04\0\x20\x3d\0\0\
\xb7\x07\0\0\x02\x2c\0\0\x1d\xb4\x03\0\x30\x3d\0\0\xb7\x07\0\0\x39\x2c\0\0\x1e\
\x14\x04\0\x40\x3d\0\0\xb7\x07\0\0\x02\x2c\0\0\x1d\xb4\x03\0\x70\x3d\0\0\xb7\
\x07\0\0\x39\x2c\0\0\x30\x14\x04\0\x78\x3d\0\0\xb7\x07\0\0\x9a\x2b\0\0\x1e\x10\
\x04\0\x80\x3d\0\0\xb7\x07\0\0\x02\x2c\0\0\x1d\xb4\x03\0\x90\x3d\0\0\xb7\x07\0\
\0\x9a\x2b\0\0\x1e\x10\x04\0\xa0\x3d\0\0\xb7\x07\0\0\x02\x2c\0\0\x1d\xb4\x03\0\
\xd0\x3d\0\0\xb7\x07\0\0\x9a\x2b\0\0\x34\x10\x04\0\xd8\x3d\0\0\xb7\x07\0\0\x39\
\x2c\0\0\x1e\x14\x04\0\xe0\x3d\0\0\xb7\x07\0\0\x02\x2c\0\0\x1d\xb4\x03\0\xf0\
\x3d\0\0\xb7\x07\0\0\x39\x2c\0\0\x1e\x14\x04\0\0\x3e\0\0\xb7\x07\0\0\x02\x2c\0\
\0\x1d\xb4\x03\0\x30\x3e\0\0\xb7\x07\0\0\x39\x2c\0\0\x30\x14\x04\0\x38\x3e\0\0\
\xb7\x07\0\0\x9a\x2b\0\0\x1e\x10\x04\0\x40\x3e\0\0\xb7\x07\0\0\x02\x2c\0\0\x1d\
\xb4\x03\0\x50\x3e\0\0\xb7\x07\0\0\x9a\x2b\0\0\x1e\x10\x04\0\x60\x3e\0\0\xb7\
\x07\0\0\x02\x2c\0\0\x1d\xb4\x03\0\x90\x3e\0\0\xb7\x07\0\0\x9a\x2b\0\0\x34\x10\
\x04\0\x98\x3e\0\0\xb7\x07\0\0\x39\x2c\0\0\x1e\x14\x04\0\xa0\x3e\0\0\xb7\x07\0\
\0\x02\x2c\0\0\x1d\xb4\x03\0\xb0\x3e\0\0\xb7\x07\0\0\x39\x2c\0\0\x1e\x14\x04\0\
\xc0\x3e\0\0\xb7\x07\0\0\x02\x2c\0\0\x1d\xb4\x03\0\xf0\x3e\0\0\xb7\x07\0\0\x39\
\x2c\0\0\x30\x14\x04\0\xf8\x3e\0\0\xb7\x07\0\0\x9a\x2b\0\0\x1e\x10\x04\0\0\x3f\
\0\0\xb7\x07\0\0\x02\x2c\0\0\x1d\xb4\x03\0\x10\x3f\0\0\xb7\x07\0\0\x9a\x2b\0\0\
\x1e\x10\x04\0\x20\x3f\0\0\xb7\x07\0\0\x02\x2c\0\0\x1d\xb4\x03\0\x50\x3f\0\0\
\xb7\x07\0\0\x9a\x2b\0\0\x34\x10\x04\0\x58\x3f\0\0\xb7\x07\0\0\x39\x2c\0\0\x1e\
\x14\x04\0\x60\x3f\0\0\xb7\x07\0\0\x02\x2c\0\0\x1d\xb4\x03\0\x70\x3f\0\0\xb7\
\x07\0\0\x39\x2c\0\0\x1e\x14\x04\0\x80\x3f\0\0\xb7\x07\0\0\x02\x2c\0\0\x1d\xb4\
\x03\0\xb0\x3f\0\0\xb7\x07\0\0\x39\x2c\0\0\x30\x14\x04\0\xb8\x3f\0\0\xb7\x07\0\
\0\x9a\x2b\0\0\x1e\x10\x04\0\xc0\x3f\0\0\xb7\x07\0\0\x02\x2c\0\0\x1d\xb4\x03\0\
\xd0\x3f\0\0\xb7\x07\0\0\x9a\x2b\0\0\x1e\x10\x04\0\xe0\x3f\0\0\xb7\x07\0\0\x02\
\x2c\0\0\x1d\xb4\x03\0\x10\x40\0\0\xb7\x07\0\0\x9a\x2b\0\0\x34\x10\x04\0\x18\
\x40\0\0\xb7\x07\0\0\x39\x2c\0\0\x1e\x14\x04\0\x20\x40\0\0\xb7\x07\0\0\x02\x2c\
\0\0\x1d\xb4\x03\0\x30\x40\0\0\xb7\x07\0\0\x39\x2c\0\0\x1e\x14\x04\0\x40\x40\0\
\0\xb7\x07\0\0\x02\x2c\0\0\x1d\xb4\x03\0\x70\x40\0\0\xb7\x07\0\0\x39\x2c\0\0\
\x30\x14\x04\0\x78\x40\0\0\xb7\x07\0\0\x9a\x2b\0\0\x1e\x10\x04\0\x80\x40\0\0\
\xb7\x07\0\0\x02\x2c\0\0\x1d\xb4\x03\0\x90\x40\0\0\xb7\x07\0\0\x9a\x2b\0\0\x1e\
\x10\x04\0\xa0\x40\0\0\xb7\x07\0\0\x02\x2c\0\0\x1d\xb4\x03\0\xd0\x40\0\0\xb7\
\x07\0\0\x9a\x2b\0\0\x34\x10\x04\0\xd8\x40\0\0\xb7\x07\0\0\x39\x2c\0\0\x1e\x14\
\x04\0\xe0\x40\0\0\xb7\x07\0\0\x02\x2c\0\0\x1d\xb4\x03\0\xf0\x40\0\0\xb7\x07\0\
\0\x39\x2c\0\0\x1e\x14\x04\0\0\x41\0\0\xb7\x07\0\0\x02\x2c\0\0\x1d\xb4\x03\0\
\x30\x41\0\0\xb7\x07\0\0\x39\x2c\0\0\x30\x14\x04\0\x38\x41\0\0\xb7\x07\0\0\x6e\
\x2c\0\0\x13\x24\x04\0\x40\x41\0\0\xb7\x07\0\0\x8d\x2c\0\0\x13\x20\x04\0\x48\
\x41\0\0\x18\x2a\0\0\xac\x2c\0\0\x2b\x8c\x02\0\x50\x41\0\0\x18\x2a\0\0\xac\x2c\
\0\0\x22\x8c\x02\0\x58\x41\0\0\x18\x2a\0\0\xb6\x11\0\0\x19\x74\x02\0\x60\x41\0\
\0\x18\x2a\0\0\xac\x2c\0\0\x29\x8c\x02\0\x68\x41\0\0\x18\x2a\0\0\xe0\x2c\0\0\
\x10\x90\x02\0\x78\x41\0\0\x18\x2a\0\0\xe0\x2c\0\0\x0e\x90\x02\0\x80\x41\0\0\
\x18\x2a\0\0\xff\x2c\0\0\x17\x98\x02\0\xa0\x41\0\0\x18\x2a\0\0\xc4\x26\0\0\x09\
\xa0\x02\0\xb0\x41\0\0\x18\x2a\0\0\xc4\x26\0\0\x09\xa0\x02\0\xc0\x41\0\0\xb7\
\x07\0\0\x9a\x2b\0\0\x1e\x10\x04\0\xd0\x41\0\0\x18\x2a\0\0\x2e\x2d\0\0\x2c\xa4\
\x02\0\xd8\x41\0\0\xb7\x07\0\0\x02\x2c\0\0\x1d\xb4\x03\0\xe8\x41\0\0\xb7\x07\0\
\0\x9a\x2b\0\0\x1e\x10\x04\0\xf8\x41\0\0\xb7\x07\0\0\x02\x2c\0\0\x1d\xb4\x03\0\
\x28\x42\0\0\xb7\x07\0\0\x9a\x2b\0\0\x34\x10\x04\0\x30\x42\0\0\xb7\x07\0\0\x39\
\x2c\0\0\x1e\x14\x04\0\x38\x42\0\0\xb7\x07\0\0\x02\x2c\0\0\x1d\xb4\x03\0\x48\
\x42\0\0\xb7\x07\0\0\x39\x2c\0\0\x1e\x14\x04\0\x58\x42\0\0\xb7\x07\0\0\x02\x2c\
\0\0\x1d\xb4\x03\0\x88\x42\0\0\xb7\x07\0\0\x39\x2c\0\0\x30\x14\x04\0\x90\x42\0\
\0\xb7\x07\0\0\x9a\x2b\0\0\x1e\x10\x04\0\x98\x42\0\0\xb7\x07\0\0\x02\x2c\0\0\
\x1d\xb4\x03\0\xa8\x42\0\0\xb7\x07\0\0\x9a\x2b\0\0\x1e\x10\x04\0\xb8\x42\0\0\
\xb7\x07\0\0\x02\x2c\0\0\x1d\xb4\x03\0\xe8\x42\0\0\xb7\x07\0\0\x9a\x2b\0\0\x34\
\x10\x04\0\xf0\x42\0\0\xb7\x07\0\0\x39\x2c\0\0\x1e\x14\x04\0\xf8\x42\0\0\xb7\
\x07\0\0\x02\x2c\0\0\x1d\xb4\x03\0\x08\x43\0\0\xb7\x07\0\0\x39\x2c\0\0\x1e\x14\
\x04\0\x18\x43\0\0\xb7\x07\0\0\x02\x2c\0\0\x1d\xb4\x03\0\x48\x43\0\0\xb7\x07\0\
\0\x39\x2c\0\0\x30\x14\x04\0\x50\x43\0\0\xb7\x07\0\0\x9a\x2b\0\0\x1e\x10\x04\0\
\x58\x43\0\0\xb7\x07\0\0\x02\x2c\0\0\x1d\xb4\x03\0\x68\x43\0\0\xb7\x07\0\0\x9a\
\x2b\0\0\x1e\x10\x04\0\x78\x43\0\0\xb7\x07\0\0\x02\x2c\0\0\x1d\xb4\x03\0\xa8\
\x43\0\0\xb7\x07\0\0\x9a\x2b\0\0\x34\x10\x04\0\xb0\x43\0\0\xb7\x07\0\0\x39\x2c\
\0\0\x1e\x14\x04\0\xb8\x43\0\0\xb7\x07\0\0\x02\x2c\0\0\x1d\xb4\x03\0\xc8\x43\0\
\0\xb7\x07\0\0\x39\x2c\0\0\x1e\x14\x04\0\xd8\x43\0\0\xb7\x07\0\0\x02\x2c\0\0\
\x1d\xb4\x03\0\x08\x44\0\0\xb7\x07\0\0\x39\x2c\0\0\x30\x14\x04\0\x10\x44\0\0\
\xb7\x07\0\0\x9a\x2b\0\0\x1e\x10\x04\0\x18\x44\0\0\xb7\x07\0\0\x02\x2c\0\0\x1d\
\xb4\x03\0\x28\x44\0\0\xb7\x07\0\0\x9a\x2b\0\0\x1e\x10\x04\0\x38\x44\0\0\xb7\
\x07\0\0\x02\x2c\0\0\x1d\xb4\x03\0\x68\x44\0\0\xb7\x07\0\0\x9a\x2b\0\0\x34\x10\
\x04\0\x70\x44\0\0\xb7\x07\0\0\x39\x2c\0\0\x1e\x14\x04\0\x78\x44\0\0\xb7\x07\0\
\0\x02\x2c\0\0\x1d\xb4\x03\0\x88\x44\0\0\xb7\x07\0\0\x39\x2c\0\0\x1e\x14\x04\0\
\x98\x44\0\0\xb7\x07\0\0\x02\x2c\0\0\x1d\xb4\x03\0\xc8\x44\0\0\xb7\x07\0\0\x39\
\x2c\0\0\x30\x14\x04\0\xd0\x44\0\0\xb7\x07\0\0\x9a\x2b\0\0\x1e\x10\x04\0\xd8\
\x44\0\0\xb7\x07\0\0\x02\x2c\0\0\x1d\xb4\x03\0\xe8\x44\0\0\xb7\x07\0\0\x9a\x2b\
\0\0\x1e\x10\x04\0\xf8\x44\0\0\xb7\x07\0\0\x02\x2c\0\0\x1d\xb4\x03\0\x28\x45\0\
\0\xb7\x07\0\0\x9a\x2b\0\0\x34\x10\x04\0\x30\x45\0\0\xb7\x07\0\0\x39\x2c\0\0\
\x1e\x14\x04\0\x38\x45\0\0\xb7\x07\0\0\x02\x2c\0\0\x1d\xb4\x03\0\x48\x45\0\0\
\xb7\x07\0\0\x39\x2c\0\0\x1e\x14\x04\0\x58\x45\0\0\xb7\x07\0\0\x02\x2c\0\0\x1d\
\xb4\x03\0\x88\x45\0\0\xb7\x07\0\0\x39\x2c\0\0\x30\x14\x04\0\x90\x45\0\0\xb7\
\x07\0\0\x9a\x2b\0\0\x1e\x10\x04\0\x98\x45\0\0\xb7\x07\0\0\x02\x2c\0\0\x1d\xb4\
\x03\0\xa8\x45\0\0\xb7\x07\0\0\x9a\x2b\0\0\x1e\x10\x04\0\xb8\x45\0\0\xb7\x07\0\
\0\x02\x2c\0\0\x1d\xb4\x03\0\xe8\x45\0\0\xb7\x07\0\0\x9a\x2b\0\0\x34\x10\x04\0\
\xf0\x45\0\0\xb7\x07\0\0\x39\x2c\0\0\x1e\x14\x04\0\xf8\x45\0\0\xb7\x07\0\0\x02\
\x2c\0\0\x1d\xb4\x03\0\x08\x46\0\0\xb7\x07\0\0\x39\x2c\0\0\x1e\x14\x04\0\x18\
\x46\0\0\xb7\x07\0\0\x02\x2c\0\0\x1d\xb4\x03\0\x48\x46\0\0\xb7\x07\0\0\x39\x2c\
\0\0\x30\x14\x04\0\x50\x46\0\0\xb7\x07\0\0\x9a\x2b\0\0\x1e\x10\x04\0\x58\x46\0\
\0\xb7\x07\0\0\x02\x2c\0\0\x1d\xb4\x03\0\x68\x46\0\0\xb7\x07\0\0\x9a\x2b\0\0\
\x1e\x10\x04\0\x78\x46\0\0\xb7\x07\0\0\x02\x2c\0\0\x1d\xb4\x03\0\xa8\x46\0\0\
\xb7\x07\0\0\x9a\x2b\0\0\x34\x10\x04\0\xb0\x46\0\0\xb7\x07\0\0\x39\x2c\0\0\x1e\
\x14\x04\0\xb8\x46\0\0\xb7\x07\0\0\x02\x2c\0\0\x1d\xb4\x03\0\xc8\x46\0\0\xb7\
\x07\0\0\x39\x2c\0\0\x1e\x14\x04\0\xd8\x46\0\0\xb7\x07\0\0\x02\x2c\0\0\x1d\xb4\
\x03\0\x08\x47\0\0\xb7\x07\0\0\x39\x2c\0\0\x30\x14\x04\0\x10\x47\0\0\xb7\x07\0\
\0\x9a\x2b\0\0\x1e\x10\x04\0\x18\x47\0\0\xb7\x07\0\0\x02\x2c\0\0\x1d\xb4\x03\0\
\x28\x47\0\0\xb7\x07\0\0\x9a\x2b\0\0\x1e\x10\x04\0\x38\x47\0\0\xb7\x07\0\0\x02\
\x2c\0\0\x1d\xb4\x03\0\x68\x47\0\0\xb7\x07\0\0\x9a\x2b\0\0\x34\x10\x04\0\x70\
\x47\0\0\xb7\x07\0\0\x39\x2c\0\0\x1e\x14\x04\0\x78\x47\0\0\xb7\x07\0\0\x02\x2c\
\0\0\x1d\xb4\x03\0\x88\x47\0\0\xb7\x07\0\0\x39\x2c\0\0\x1e\x14\x04\0\x98\x47\0\
\0\xb7\x07\0\0\x02\x2c\0\0\x1d\xb4\x03\0\xc8\x47\0\0\xb7\x07\0\0\x39\x2c\0\0\
\x30\x14\x04\0\xd0\x47\0\0\xb7\x07\0\0\x9a\x2b\0\0\x1e\x10\x04\0\xd8\x47\0\0\
\xb7\x07\0\0\x02\x2c\0\0\x1d\xb4\x03\0\xe8\x47\0\0\xb7\x07\0\0\x9a\x2b\0\0\x1e\
\x10\x04\0\xf8\x47\0\0\xb7\x07\0\0\x02\x2c\0\0\x1d\xb4\x03\0\x28\x48\0\0\xb7\
\x07\0\0\x9a\x2b\0\0\x34\x10\x04\0\x30\x48\0\0\xb7\x07\0\0\x39\x2c\0\0\x1e\x14\
\x04\0\x38\x48\0\0\xb7\x07\0\0\x02\x2c\0\0\x1d\xb4\x03\0\x48\x48\0\0\xb7\x07\0\
\0\x39\x2c\0\0\x1e\x14\x04\0\x58\x48\0\0\xb7\x07\0\0\x02\x2c\0\0\x1d\xb4\x03\0\
\x88\x48\0\0\xb7\x07\0\0\x39\x2c\0\0\x30\x14\x04\0\x90\x48\0\0\xb7\x07\0\0\x9a\
\x2b\0\0\x1e\x10\x04\0\x98\x48\0\0\xb7\x07\0\0\x02\x2c\0\0\x1d\xb4\x03\0\xa8\
\x48\0\0\xb7\x07\0\0\x9a\x2b\0\0\x1e\x10\x04\0\xb8\x48\0\0\xb7\x07\0\0\x02\x2c\
\0\0\x1d\xb4\x03\0\xe8\x48\0\0\xb7\x07\0\0\x9a\x2b\0\0\x34\x10\x04\0\xf0\x48\0\
\0\xb7\x07\0\0\x39\x2c\0\0\x1e\x14\x04\0\xf8\x48\0\0\xb7\x07\0\0\x02\x2c\0\0\
\x1d\xb4\x03\0\x08\x49\0\0\xb7\x07\0\0\x39\x2c\0\0\x1e\x14\x04\0\x18\x49\0\0\
\xb7\x07\0\0\x02\x2c\0\0\x1d\xb4\x03\0\x48\x49\0\0\xb7\x07\0\0\x39\x2c\0\0\x30\
\x14\x04\0\x50\x49\0\0\xb7\x07\0\0\x9a\x2b\0\0\x1e\x10\x04\0\x58\x49\0\0\xb7\
\x07\0\0\x02\x2c\0\0\x1d\xb4\x03\0\x68\x49\0\0\xb7\x07\0\0\x9a\x2b\0\0\x1e\x10\
\x04\0\x78\x49\0\0\xb7\x07\0\0\x02\x2c\0\0\x1d\xb4\x03\0\xa8\x49\0\0\xb7\x07\0\
\0\x9a\x2b\0\0\x34\x10\x04\0\xb0\x49\0\0\xb7\x07\0\0\x39\x2c\0\0\x1e\x14\x04\0\
\xb8\x49\0\0\xb7\x07\0\0\x02\x2c\0\0\x1d\xb4\x03\0\xc8\x49\0\0\xb7\x07\0\0\x39\
\x2c\0\0\x1e\x14\x04\0\xd8\x49\0\0\xb7\x07\0\0\x02\x2c\0\0\x1d\xb4\x03\0\x08\
\x4a\0\0\xb7\x07\0\0\x39\x2c\0\0\x30\x14\x04\0\x10\x4a\0\0\xb7\x07\0\0\x9a\x2b\
\0\0\x1e\x10\x04\0\x18\x4a\0\0\xb7\x07\0\0\x02\x2c\0\0\x1d\xb4\x03\0\x28\x4a\0\
\0\xb7\x07\0\0\x9a\x2b\0\0\x1e\x10\x04\0\x38\x4a\0\0\xb7\x07\0\0\x02\x2c\0\0\
\x1d\xb4\x03\0\x68\x4a\0\0\xb7\x07\0\0\x9a\x2b\0\0\x34\x10\x04\0\x70\x4a\0\0\
\xb7\x07\0\0\x39\x2c\0\0\x1e\x14\x04\0\x78\x4a\0\0\xb7\x07\0\0\x02\x2c\0\0\x1d\
\xb4\x03\0\x88\x4a\0\0\xb7\x07\0\0\x39\x2c\0\0\x1e\x14\x04\0\x98\x4a\0\0\xb7\
\x07\0\0\x02\x2c\0\0\x1d\xb4\x03\0\xc8\x4a\0\0\xb7\x07\0\0\x39\x2c\0\0\x30\x14\
\x04\0\xd0\x4a\0\0\xb7\x07\0\0\x6e\x2c\0\0\x13\x24\x04\0\xd8\x4a\0\0\xb7\x07\0\
\0\x8d\x2c\0\0\x13\x20\x04\0\xe0\x4a\0\0\x18\x2a\0\0\x61\x2d\0\0\x29\xb0\x02\0\
\xe8\x4a\0\0\x18\x2a\0\0\x61\x2d\0\0\x20\xb0\x02\0\xf0\x4a\0\0\x18\x2a\0\0\x61\
\x2d\0\0\x27\xb0\x02\0\0\x4b\0\0\x18\x2a\0\0\x93\x2d\0\0\x18\xb4\x02\0\x10\x4b\
\0\0\x18\x2a\0\0\x93\x2d\0\0\x16\xb4\x02\0\x18\x4b\0\0\x18\x2a\0\0\xba\x2d\0\0\
\x1e\xc4\x02\0\x28\x4b\0\0\x18\x2a\0\0\x07\x2e\0\0\x09\xd8\x02\0\x30\x4b\0\0\
\x18\x2a\0\0\x33\x2e\0\0\x09\xdc\x02\0\x50\x4b\0\0\x18\x2a\0\0\x69\x2e\0\0\x2e\
\xe8\x02\0\x70\x4b\0\0\x18\x2a\0\0\x69\x2e\0\0\x09\xe8\x02\0\x88\x4b\0\0\x18\
\x2a\0\0\x69\x2e\0\0\x09\xe8\x02\0\x90\x4b\0\0\x18\x2a\0\0\xc2\x2e\0\0\x09\xec\
\x02\0\xb0\x4b\0\0\x18\x2a\0\0\xf7\x2e\0\0\x0f\x04\x03\0\xc0\x4b\0\0\xb7\x07\0\
\0\x9a\x2b\0\0\x1e\x10\x04\0\xc8\x4b\0\0\x18\x2a\0\0\x1f\x2f\0\0\x0f\0\x03\0\
\xd8\x4b\0\0\xb7\x07\0\0\x02\x2c\0\0\x1d\xb4\x03\0\0\x4c\0\0\xb7\x07\0\0\x9a\
\x2b\0\0\x1e\x10\x04\0\x08\x4c\0\0\xb7\x07\0\0\x02\x2c\0\0\x1d\xb4\x03\0\x28\
\x4c\0\0\xb7\x07\0\0\x9a\x2b\0\0\x34\x10\x04\0\x30\x4c\0\0\xb7\x07\0\0\x39\x2c\
\0\0\x1e\x14\x04\0\x38\x4c\0\0\xb7\x07\0\0\x02\x2c\0\0\x1d\xb4\x03\0\x48\x4c\0\
\0\xb7\x07\0\0\x39\x2c\0\0\x1e\x14\x04\0\x58\x4c\0\0\xb7\x07\0\0\x02\x2c\0\0\
\x1d\xb4\x03\0\x88\x4c\0\0\xb7\x07\0\0\x39\x2c\0\0\x30\x14\x04\0\x90\x4c\0\0\
\xb7\x07\0\0\x9a\x2b\0\0\x1e\x10\x04\0\x98\x4c\0\0\xb7\x07\0\0\x02\x2c\0\0\x1d\
\xb4\x03\0\xa8\x4c\0\0\xb7\x07\0\0\x9a\x2b\0\0\x1e\x10\x04\0\xb8\x4c\0\0\xb7\
\x07\0\0\x02\x2c\0\0\x1d\xb4\x03\0\xe8\x4c\0\0\xb7\x07\0\0\x9a\x2b\0\0\x34\x10\
\x04\0\xf0\x4c\0\0\xb7\x07\0\0\x39\x2c\0\0\x1e\x14\x04\0\xf8\x4c\0\0\xb7\x07\0\
\0\x02\x2c\0\0\x1d\xb4\x03\0\x08\x4d\0\0\xb7\x07\0\0\x39\x2c\0\0\x1e\x14\x04\0\
\x18\x4d\0\0\xb7\x07\0\0\x02\x2c\0\0\x1d\xb4\x03\0\x48\x4d\0\0\xb7\x07\0\0\x39\
\x2c\0\0\x30\x14\x04\0\x50\x4d\0\0\xb7\x07\0\0\x9a\x2b\0\0\x1e\x10\x04\0\x58\
\x4d\0\0\xb7\x07\0\0\x02\x2c\0\0\x1d\xb4\x03\0\x68\x4d\0\0\xb7\x07\0\0\x9a\x2b\
\0\0\x1e\x10\x04\0\x78\x4d\0\0\xb7\x07\0\0\x02\x2c\0\0\x1d\xb4\x03\0\xa8\x4d\0\
\0\xb7\x07\0\0\x9a\x2b\0\0\x34\x10\x04\0\xb0\x4d\0\0\xb7\x07\0\0\x39\x2c\0\0\
\x1e\x14\x04\0\xb8\x4d\0\0\xb7\x07\0\0\x02\x2c\0\0\x1d\xb4\x03\0\xc8\x4d\0\0\
\xb7\x07\0\0\x39\x2c\0\0\x1e\x14\x04\0\xd8\x4d\0\0\xb7\x07\0\0\x02\x2c\0\0\x1d\
\xb4\x03\0\x08\x4e\0\0\xb7\x07\0\0\x39\x2c\0\0\x30\x14\x04\0\x10\x4e\0\0\xb7\
\x07\0\0\x9a\x2b\0\0\x1e\x10\x04\0\x18\x4e\0\0\xb7\x07\0\0\x02\x2c\0\0\x1d\xb4\
\x03\0\x28\x4e\0\0\xb7\x07\0\0\x9a\x2b\0\0\x1e\x10\x04\0\x38\x4e\0\0\xb7\x07\0\
\0\x02\x2c\0\0\x1d\xb4\x03\0\x68\x4e\0\0\xb7\x07\0\0\x9a\x2b\0\0\x34\x10\x04\0\
\x70\x4e\0\0\xb7\x07\0\0\x39\x2c\0\0\x1e\x14\x04\0\x78\x4e\0\0\xb7\x07\0\0\x02\
\x2c\0\0\x1d\xb4\x03\0\x88\x4e\0\0\xb7\x07\0\0\x39\x2c\0\0\x1e\x14\x04\0\x98\
\x4e\0\0\xb7\x07\0\0\x02\x2c\0\0\x1d\xb4\x03\0\xc8\x4e\0\0\xb7\x07\0\0\x39\x2c\
\0\0\x30\x14\x04\0\xd0\x4e\0\0\xb7\x07\0\0\x9a\x2b\0\0\x1e\x10\x04\0\xd8\x4e\0\
\0\xb7\x07\0\0\x02\x2c\0\0\x1d\xb4\x03\0\xe8\x4e\0\0\xb7\x07\0\0\x9a\x2b\0\0\
\x1e\x10\x04\0\xf8\x4e\0\0\xb7\x07\0\0\x02\x2c\0\0\x1d\xb4\x03\0\x28\x4f\0\0\
\xb7\x07\0\0\x9a\x2b\0\0\x34\x10\x04\0\x30\x4f\0\0\xb7\x07\0\0\x39\x2c\0\0\x1e\
\x14\x04\0\x38\x4f\0\0\xb7\x07\0\0\x02\x2c\0\0\x1d\xb4\x03\0\x48\x4f\0\0\xb7\
\x07\0\0\x39\x2c\0\0\x1e\x14\x04\0\x58\x4f\0\0\xb7\x07\0\0\x02\x2c\0\0\x1d\xb4\
\x03\0\x88\x4f\0\0\xb7\x07\0\0\x39\x2c\0\0\x30\x14\x04\0\x90\x4f\0\0\xb7\x07\0\
\0\x9a\x2b\0\0\x1e\x10\x04\0\x98\x4f\0\0\xb7\x07\0\0\x02\x2c\0\0\x1d\xb4\x03\0\
\xa8\x4f\0\0\xb7\x07\0\0\x9a\x2b\0\0\x1e\x10\x04\0\xb8\x4f\0\0\xb7\x07\0\0\x02\
\x2c\0\0\x1d\xb4\x03\0\xe8\x4f\0\0\xb7\x07\0\0\x9a\x2b\0\0\x34\x10\x04\0\xf0\
\x4f\0\0\xb7\x07\0\0\x39\x2c\0\0\x1e\x14\x04\0\xf8\x4f\0\0\xb7\x07\0\0\x02\x2c\
\0\0\x1d\xb4\x03\0\x08\x50\0\0\xb7\x07\0\0\x39\x2c\0\0\x1e\x14\x04\0\x18\x50\0\
\0\xb7\x07\0\0\x02\x2c\0\0\x1d\xb4\x03\0\x48\x50\0\0\xb7\x07\0\0\x39\x2c\0\0\
\x30\x14\x04\0\x50\x50\0\0\xb7\x07\0\0\x9a\x2b\0\0\x1e\x10\x04\0\x58\x50\0\0\
\xb7\x07\0\0\x02\x2c\0\0\x1d\xb4\x03\0\x68\x50\0\0\xb7\x07\0\0\x9a\x2b\0\0\x1e\
\x10\x04\0\x78\x50\0\0\xb7\x07\0\0\x02\x2c\0\0\x1d\xb4\x03\0\xa8\x50\0\0\xb7\
\x07\0\0\x9a\x2b\0\0\x34\x10\x04\0\xb0\x50\0\0\xb7\x07\0\0\x39\x2c\0\0\x1e\x14\
\x04\0\xb8\x50\0\0\xb7\x07\0\0\x02\x2c\0\0\x1d\xb4\x03\0\xc8\x50\0\0\xb7\x07\0\
\0\x39\x2c\0\0\x1e\x14\x04\0\xd8\x50\0\0\xb7\x07\0\0\x02\x2c\0\0\x1d\xb4\x03\0\
\x08\x51\0\0\xb7\x07\0\0\x39\x2c\0\0\x30\x14\x04\0\x10\x51\0\0\xb7\x07\0\0\x9a\
\x2b\0\0\x1e\x10\x04\0\x18\x51\0\0\xb7\x07\0\0\x02\x2c\0\0\x1d\xb4\x03\0\x28\
\x51\0\0\xb7\x07\0\0\x9a\x2b\0\0\x1e\x10\x04\0\x38\x51\0\0\xb7\x07\0\0\x02\x2c\
\0\0\x1d\xb4\x03\0\x68\x51\0\0\xb7\x07\0\0\x9a\x2b\0\0\x34\x10\x04\0\x70\x51\0\
\0\xb7\x07\0\0\x39\x2c\0\0\x1e\x14\x04\0\x78\x51\0\0\xb7\x07\0\0\x02\x2c\0\0\
\x1d\xb4\x03\0\x88\x51\0\0\xb7\x07\0\0\x39\x2c\0\0\x1e\x14\x04\0\x98\x51\0\0\
\xb7\x07\0\0\x02\x2c\0\0\x1d\xb4\x03\0\xc8\x51\0\0\xb7\x07\0\0\x39\x2c\0\0\x30\
\x14\x04\0\xd0\x51\0\0\xb7\x07\0\0\x9a\x2b\0\0\x1e\x10\x04\0\xd8\x51\0\0\xb7\
\x07\0\0\x02\x2c\0\0\x1d\xb4\x03\0\xe8\x51\0\0\xb7\x07\0\0\x9a\x2b\0\0\x1e\x10\
\x04\0\xf8\x51\0\0\xb7\x07\0\0\x02\x2c\0\0\x1d\xb4\x03\0\x28\x52\0\0\xb7\x07\0\
\0\x9a\x2b\0\0\x34\x10\x04\0\x30\x52\0\0\xb7\x07\0\0\x39\x2c\0\0\x1e\x14\x04\0\
\x38\x52\0\0\xb7\x07\0\0\x02\x2c\0\0\x1d\xb4\x03\0\x48\x52\0\0\xb7\x07\0\0\x39\
\x2c\0\0\x1e\x14\x04\0\x58\x52\0\0\xb7\x07\0\0\x02\x2c\0\0\x1d\xb4\x03\0\x88\
\x52\0\0\xb7\x07\0\0\x39\x2c\0\0\x30\x14\x04\0\x90\x52\0\0\xb7\x07\0\0\x9a\x2b\
\0\0\x1e\x10\x04\0\x98\x52\0\0\xb7\x07\0\0\x02\x2c\0\0\x1d\xb4\x03\0\xa8\x52\0\
\0\xb7\x07\0\0\x9a\x2b\0\0\x1e\x10\x04\0\xb8\x52\0\0\xb7\x07\0\0\x02\x2c\0\0\
\x1d\xb4\x03\0\xe8\x52\0\0\xb7\x07\0\0\x9a\x2b\0\0\x34\x10\x04\0\xf0\x52\0\0\
\xb7\x07\0\0\x39\x2c\0\0\x1e\x14\x04\0\xf8\x52\0\0\xb7\x07\0\0\x02\x2c\0\0\x1d\
\xb4\x03\0\x08\x53\0\0\xb7\x07\0\0\x39\x2c\0\0\x1e\x14\x04\0\x18\x53\0\0\xb7\
\x07\0\0\x02\x2c\0\0\x1d\xb4\x03\0\x48\x53\0\0\xb7\x07\0\0\x39\x2c\0\0\x30\x14\
\x04\0\x50\x53\0\0\xb7\x07\0\0\x9a\x2b\0\0\x1e\x10\x04\0\x58\x53\0\0\xb7\x07\0\
\0\x02\x2c\0\0\x1d\xb4\x03\0\x68\x53\0\0\xb7\x07\0\0\x9a\x2b\0\0\x1e\x10\x04\0\
\x78\x53\0\0\xb7\x07\0\0\x02\x2c\0\0\x1d\xb4\x03\0\xa8\x53\0\0\xb7\x07\0\0\x9a\
\x2b\0\0\x34\x10\x04\0\xb0\x53\0\0\xb7\x07\0\0\x39\x2c\0\0\x1e\x14\x04\0\xb8\
\x53\0\0\xb7\x07\0\0\x02\x2c\0\0\x1d\xb4\x03\0\xc8\x53\0\0\xb7\x07\0\0\x39\x2c\
\0\0\x1e\x14\x04\0\xd8\x53\0\0\xb7\x07\0\0\x02\x2c\0\0\x1d\xb4\x03\0\x08\x54\0\
\0\xb7\x07\0\0\x39\x2c\0\0\x30\x14\x04\0\x10\x54\0\0\xb7\x07\0\0\x9a\x2b\0\0\
\x1e\x10\x04\0\x18\x54\0\0\xb7\x07\0\0\x02\x2c\0\0\x1d\xb4\x03\0\x28\x54\0\0\
\xb7\x07\0\0\x9a\x2b\0\0\x1e\x10\x04\0\x38\x54\0\0\xb7\x07\0\0\x02\x2c\0\0\x1d\
\xb4\x03\0\x68\x54\0\0\xb7\x07\0\0\x9a\x2b\0\0\x34\x10\x04\0\x70\x54\0\0\xb7\
\x07\0\0\x39\x2c\0\0\x1e\x14\x04\0\x78\x54\0\0\xb7\x07\0\0\x02\x2c\0\0\x1d\xb4\
\x03\0\x88\x54\0\0\xb7\x07\0\0\x39\x2c\0\0\x1e\x14\x04\0\x98\x54\0\0\xb7\x07\0\
\0\x02\x2c\0\0\x1d\xb4\x03\0\xc8\x54\0\0\xb7\x07\0\0\x39\x2c\0\0\x30\x14\x04\0\
\xd8\x54\0\0\x18\x2a\0\0\x45\x2f\0\0\x09\x10\x03\0\xe8\x54\0\0\x18\x2a\0\0\x89\
\x2f\0\0\x0f\x1c\x03\0\xf8\x54\0\0\x18\x2a\0\0\0\0\0\0\0\0\0\0\0\x55\0\0\x18\
\x2a\0\0\x9f\x2f\0\0\x24\x20\x03\0\x20\x55\0\0\x18\x2a\0\0\xec\x2f\0\0\x0d\x24\
\x03\0\x30\x55\0\0\x18\x2a\0\0\0\0\0\0\0\0\0\0\x38\x55\0\0\x18\x2a\0\0\x15\x30\
\0\0\x1b\x14\x03\0\x40\x55\0\0\x18\x2a\0\0\x39\x30\0\0\x1b\x28\x03\0\x50\x55\0\
\0\x18\x2a\0\0\x63\x1b\0\0\x0f\x30\x03\0\x60\x55\0\0\x18\x2a\0\0\0\0\0\0\0\0\0\
\0\x68\x55\0\0\x18\x2a\0\0\x60\x30\0\0\x2e\x34\x03\0\x88\x55\0\0\x18\x2a\0\0\
\xee\x1b\0\0\x0d\x38\x03\0\x90\x55\0\0\x18\x2a\0\0\xc4\x30\0\0\x0d\x3c\x03\0\
\xa8\x55\0\0\x18\x2a\0\0\xbe\x18\0\0\x1c\x4c\x03\0\xb8\x55\0\0\x18\x2a\0\0\xf1\
\x30\0\0\x0d\x50\x03\0\xe8\x55\0\0\x18\x2a\0\0\x1a\x31\0\0\x31\x70\x03\0\xf0\
\x55\0\0\x18\x2a\0\0\x1a\x31\0\0\x0d\x70\x03\0\x10\x56\0\0\x18\x2a\0\0\x1a\x31\
\0\0\x0d\x70\x03\0\x18\x56\0\0\x18\x2a\0\0\x64\x31\0\0\x0d\x74\x03\0\x38\x56\0\
\0\x18\x2a\0\0\x9c\x31\0\0\x0d\x88\x03\0\x58\x56\0\0\x18\x2a\0\0\x9c\x31\0\0\
\x0d\x88\x03\0\x60\x56\0\0\x18\x2a\0\0\x02\x32\0\0\x0d\x8c\x03\0\x80\x56\0\0\
\x18\x2a\0\0\xf4\x14\0\0\x2a\xa4\x03\0\x88\x56\0\0\x18\x2a\0\0\x47\x32\0\0\x26\
\xa0\x03\0\x90\x56\0\0\x18\x2a\0\0\xd7\x15\0\0\x1f\xb4\x03\0\xa0\x56\0\0\x18\
\x2a\0\0\xd7\x15\0\0\x0d\xb4\x03\0\xa8\x56\0\0\x18\x2a\0\0\x0d\x16\0\0\x0d\xb8\
\x03\0\xc8\x56\0\0\x18\x2a\0\0\x3e\x16\0\0\x15\xc8\x03\0\xd0\x56\0\0\x18\x2a\0\
\0\x3e\x16\0\0\x19\xc8\x03\0\xe0\x56\0\0\xb7\x07\0\0\x19\x09\0\0\x11\x4c\x01\0\
\xf0\x56\0\0\x18\x2a\0\0\x5b\x16\0\0\x0d\xcc\x03\0\xf8\x56\0\0\x18\x2a\0\0\x91\
\x16\0\0\x0d\xd0\x03\0\x18\x57\0\0\x18\x2a\0\0\xc5\x16\0\0\x23\xe4\x03\0\x28\
\x57\0\0\x18\x2a\0\0\xc5\x16\0\0\x0d\xe4\x03\0\x30\x57\0\0\x18\x2a\0\0\xfc\x16\
\0\0\x0d\xe8\x03\0\x40\x57\0\0\x18\x2a\0\0\0\0\0\0\0\0\0\0\x50\x57\0\0\x18\x2a\
\0\0\x2f\x17\0\0\x17\xf8\x03\0\x58\x57\0\0\x18\x2a\0\0\x2f\x17\0\0\x1c\xf8\x03\
\0\x68\x57\0\0\xb7\x07\0\0\x19\x09\0\0\x11\x4c\x01\0\x70\x57\0\0\x18\x2a\0\0\
\x4f\x17\0\0\x0d\xfc\x03\0\x78\x57\0\0\x18\x2a\0\0\x87\x17\0\0\x0d\0\x04\0\x88\
\x57\0\0\x18\x2a\0\0\0\0\0\0\0\0\0\0\x98\x57\0\0\x18\x2a\0\0\x72\x32\0\0\x18\
\x14\x04\0\xa8\x57\0\0\x18\x2a\0\0\x9f\x32\0\0\x17\x34\x04\0\xc0\x57\0\0\x18\
\x2a\0\0\x9f\x32\0\0\x15\x34\x04\0\xc8\x57\0\0\x18\x2a\0\0\xc8\x32\0\0\x0d\x18\
\x04\0\xd0\x57\0\0\x18\x2a\0\0\xff\x32\0\0\x2d\x3c\x04\0\xe0\x57\0\0\x18\x2a\0\
\0\x55\x33\0\0\x22\xc0\x04\0\xf0\x57\0\0\x18\x2a\0\0\x55\x33\0\0\x0d\xc0\x04\0\
\xf8\x57\0\0\x18\x2a\0\0\x7d\x33\0\0\x23\xb0\x04\0\x08\x58\0\0\x18\x2a\0\0\x7f\
\x1c\0\0\x12\xc4\x04\0\x10\x58\0\0\x18\x2a\0\0\x9a\x1c\0\0\x36\xc8\x04\0\x20\
\x58\0\0\x18\x2a\0\0\x7d\x33\0\0\x23\xb0\x04\0\x28\x58\0\0\x18\x2a\0\0\x9a\x1c\
\0\0\x11\xc8\x04\0\x40\x58\0\0\x18\x2a\0\0\x9a\x1c\0\0\x11\xc8\x04\0\x68\x58\0\
\0\xb7\x07\0\0\xc6\x1d\0\0\x0b\xcc\x02\0\xb0\x58\0\0\xb7\x07\0\0\x04\x1e\0\0\
\x0d\xd0\x02\0\xc0\x58\0\0\xb7\x07\0\0\xa4\x33\0\0\x14\xd4\x02\0\xf0\x58\0\0\
\xb7\x07\0\0\x63\x1e\0\0\x11\xd8\x02\0\x08\x59\0\0\xb7\x07\0\0\x8a\x1e\0\0\x0d\
\xf0\x02\0\x48\x59\0\0\xb7\x07\0\0\xd8\x1d\0\0\x0d\xf4\x02\0\x80\x59\0\0\xb7\
\x07\0\0\xc6\x1d\0\0\x0b\xf8\x02\0\x90\x59\0\0\xb7\x07\0\0\x04\x1e\0\0\x0d\xfc\
\x02\0\x98\x59\0\0\xb7\x07\0\0\0\x34\0\0\x31\0\x03\0\xa8\x59\0\0\xb7\x07\0\0\0\
\x34\0\0\x14\0\x03\0\xd0\x59\0\0\xb7\x07\0\0\x63\x1e\0\0\x11\x04\x03\0\xe8\x59\
\0\0\xb7\x07\0\0\x1a\x1f\0\0\x0d\x1c\x03\0\x38\x5a\0\0\xb7\x07\0\0\xc6\x1d\0\0\
\x0b\x24\x03\0\x40\x5a\0\0\xb7\x07\0\0\x04\x1e\0\0\x0d\x28\x03\0\x48\x5a\0\0\
\xb7\x07\0\0\x57\x34\0\0\x31\x2c\x03\0\x58\x5a\0\0\xb7\x07\0\0\x57\x34\0\0\x14\
\x2c\x03\0\x80\x5a\0\0\xb7\x07\0\0\x63\x1e\0\0\x11\x30\x03\0\x90\x5a\0\0\xb7\
\x07\0\0\xb0\x1f\0\0\x15\x48\x03\0\xa0\x5a\0\0\xb7\x07\0\0\xca\x1f\0\0\x09\x4c\
\x03\0\xb0\x5a\0\0\xb7\x07\0\0\xd9\x1f\0\0\x0f\x50\x03\0\xb8\x5a\0\0\xb7\x07\0\
\0\xf1\x1f\0\0\x2c\x54\x03\0\xd8\x5a\0\0\xb7\x07\0\0\xf1\x1f\0\0\x2a\x54\x03\0\
\xe0\x5a\0\0\xb7\x07\0\0\x29\x20\0\0\x0d\x58\x03\0\xe8\x5a\0\0\xb7\x07\0\0\x29\
\x20\0\0\x33\x58\x03\0\xf8\x5a\0\0\xb7\x07\0\0\x29\x20\0\0\x2c\x58\x03\0\x10\
\x5b\0\0\xb7\x07\0\0\x29\x20\0\0\x2a\x58\x03\0\x18\x5b\0\0\xb7\x07\0\0\x61\x20\
\0\0\x0d\x5c\x03\0\x28\x5b\0\0\xb7\x07\0\0\x61\x20\0\0\x33\x5c\x03\0\x38\x5b\0\
\0\xb7\x07\0\0\x61\x20\0\0\x2c\x5c\x03\0\x48\x5b\0\0\xb7\x07\0\0\x61\x20\0\0\
\x2a\x5c\x03\0\x58\x5b\0\0\xb7\x07\0\0\0\0\0\0\0\0\0\0\x60\x5b\0\0\xb7\x07\0\0\
\xb0\x34\0\0\x10\x60\x03\0\x90\x5b\0\0\x18\x2a\0\0\xdf\x20\0\0\x0d\x1c\x05\0\
\x98\x5b\0\0\x18\x2a\0\0\xfb\x20\0\0\x0d\x20\x05\0\xa8\x5b\0\0\x18\x2a\0\0\0\0\
\0\0\0\0\0\0\xb8\x5b\0\0\x18\x2a\0\0\x2b\x21\0\0\x19\xd4\x04\0\xc8\x5b\0\0\x18\
\x2a\0\0\xf6\x34\0\0\x1c\xe0\x04\0\xf8\x5b\0\0\x18\x2a\0\0\xf6\x34\0\0\x14\xe0\
\x04\0\0\x5c\0\0\x18\x2a\0\0\x47\x35\0\0\x14\xe4\x04\0\x10\x5c\0\0\x18\x2a\0\0\
\x2b\x21\0\0\x19\xd4\x04\0\x28\x5c\0\0\x18\x2a\0\0\xf5\x21\0\0\x18\xec\x04\0\
\x48\x5c\0\0\x18\x2a\0\0\x34\x22\0\0\x11\xf0\x04\0\x58\x5c\0\0\x18\x2a\0\0\x98\
\x35\0\0\x3c\x04\x05\0\x80\x5c\0\0\xb7\x07\0\0\xc6\x1d\0\0\x0b\xcc\x02\0\xa8\
\x5c\0\0\x18\x2a\0\0\x98\x35\0\0\x29\x04\x05\0\xb8\x5c\0\0\xb7\x07\0\0\xa8\x22\
\0\0\x12\xb4\x02\0\xe8\x5c\0\0\xb7\x07\0\0\xc6\x1d\0\0\x0b\xcc\x02\0\xf8\x5c\0\
\0\xb7\x07\0\0\x04\x1e\0\0\x0d\xd0\x02\0\0\x5d\0\0\xb7\x07\0\0\xa4\x33\0\0\x14\
\xd4\x02\0\x30\x5d\0\0\xb7\x07\0\0\x63\x1e\0\0\x11\xd8\x02\0\x40\x5d\0\0\xb7\
\x07\0\0\x8a\x1e\0\0\x0d\xf0\x02\0\xa0\x5d\0\0\xb7\x07\0\0\xd8\x1d\0\0\x0d\xf4\
\x02\0\xc0\x5d\0\0\xb7\x07\0\0\xc6\x1d\0\0\x0b\xf8\x02\0\xc8\x5d\0\0\xb7\x07\0\
\0\x04\x1e\0\0\x0d\xfc\x02\0\xd0\x5d\0\0\xb7\x07\0\0\0\x34\0\0\x31\0\x03\0\xe0\
\x5d\0\0\xb7\x07\0\0\0\x34\0\0\x14\0\x03\0\x08\x5e\0\0\xb7\x07\0\0\x63\x1e\0\0\
\x11\x04\x03\0\x18\x5e\0\0\xb7\x07\0\0\x1a\x1f\0\0\x0d\x1c\x03\0\x80\x5e\0\0\
\xb7\x07\0\0\xc6\x1d\0\0\x0b\x24\x03\0\x88\x5e\0\0\xb7\x07\0\0\x04\x1e\0\0\x0d\
\x28\x03\0\x98\x5e\0\0\xb7\x07\0\0\x57\x34\0\0\x31\x2c\x03\0\xa0\x5e\0\0\xb7\
\x07\0\0\x57\x34\0\0\x14\x2c\x03\0\xc8\x5e\0\0\xb7\x07\0\0\x63\x1e\0\0\x11\x30\
\x03\0\xe0\x5e\0\0\xb7\x07\0\0\xb0\x1f\0\0\x15\x48\x03\0\xf0\x5e\0\0\xb7\x07\0\
\0\xca\x1f\0\0\x09\x4c\x03\0\0\x5f\0\0\xb7\x07\0\0\xd9\x1f\0\0\x0f\x50\x03\0\
\x08\x5f\0\0\xb7\x07\0\0\xf1\x1f\0\0\x2c\x54\x03\0\x38\x5f\0\0\xb7\x07\0\0\xf1\
\x1f\0\0\x2a\x54\x03\0\x40\x5f\0\0\xb7\x07\0\0\x29\x20\0\0\x0d\x58\x03\0\x48\
\x5f\0\0\xb7\x07\0\0\x29\x20\0\0\x33\x58\x03\0\x58\x5f\0\0\xb7\x07\0\0\x29\x20\
\0\0\x2c\x58\x03\0\x80\x5f\0\0\xb7\x07\0\0\x29\x20\0\0\x2a\x58\x03\0\x88\x5f\0\
\0\xb7\x07\0\0\x61\x20\0\0\x0d\x5c\x03\0\x98\x5f\0\0\xb7\x07\0\0\x61\x20\0\0\
\x33\x5c\x03\0\xa0\x5f\0\0\xb7\x07\0\0\x61\x20\0\0\x2c\x5c\x03\0\xc0\x5f\0\0\
\xb7\x07\0\0\x61\x20\0\0\x2a\x5c\x03\0\xd0\x5f\0\0\xb7\x07\0\0\0\0\0\0\0\0\0\0\
\xd8\x5f\0\0\xb7\x07\0\0\xb0\x34\0\0\x10\x60\x03\0\x08\x60\0\0\x18\x2a\0\0\xdf\
\x20\0\0\x0d\x1c\x05\0\x20\x60\0\0\x18\x2a\0\0\xea\x35\0\0\x0d\x34\x05\0\x50\
\x60\0\0\x18\x2a\0\0\xea\x35\0\0\x0d\x34\x05\0\x58\x60\0\0\x18\x2a\0\0\x33\x23\
\0\0\x0d\x38\x05\0\x80\x60\0\0\x18\x2a\0\0\x80\x23\0\0\x2c\x48\x05\0\x88\x60\0\
\0\x18\x2a\0\0\x80\x23\0\0\x0d\x48\x05\0\xb8\x60\0\0\x18\x2a\0\0\x80\x23\0\0\
\x0d\x48\x05\0\xc0\x60\0\0\x18\x2a\0\0\xe7\x23\0\0\x0d\x50\x05\0\xe0\x60\0\0\
\x18\x2a\0\0\x39\x24\0\0\x11\xf4\x04\0\xf0\x60\0\0\x18\x2a\0\0\0\0\0\0\0\0\0\0\
\0\x61\0\0\x18\x2a\0\0\x63\x36\0\0\x22\x74\x05\0\x08\x61\0\0\x18\x2a\0\0\x9d\
\x36\0\0\x4e\x7c\x05\0\x18\x61\0\0\x18\x2a\0\0\x9d\x36\0\0\x6b\x7c\x05\0\x20\
\x61\0\0\x18\x2a\0\0\x9d\x36\0\0\x0d\x7c\x05\0\x48\x61\0\0\x18\x2a\0\0\x9d\x36\
\0\0\x0d\x7c\x05\0\x50\x61\0\0\x18\x2a\0\0\x94\x25\0\0\x0d\x80\x05\0\x78\x61\0\
\0\x18\x2a\0\0\x6e\x37\0\0\x22\xf8\x05\0\x88\x61\0\0\x18\x2a\0\0\x6e\x37\0\0\
\x09\xf8\x05\0\xb0\x61\0\0\x18\x2a\0\0\x6e\x37\0\0\x09\xf8\x05\0\xb8\x61\0\0\
\x18\x2a\0\0\x75\x26\0\0\x09\xfc\x05\0\xe0\x61\0\0\x18\x2a\0\0\xc4\x26\0\0\x09\
\x0c\x06\0\xf8\x61\0\0\x18\x2a\0\0\xfe\x37\0\0\x26\x10\x06\0\x08\x62\0\0\x18\
\x2a\0\0\xfe\x37\0\0\x64\x10\x06\0\x10\x62\0\0\x18\x2a\0\0\xfe\x37\0\0\x0d\x10\
\x06\0\x38\x62\0\0\x18\x2a\0\0\xfe\x37\0\0\x0d\x10\x06\0\x40\x62\0\0\x18\x2a\0\
\0\x6b\x27\0\0\x0d\x14\x06\0\x10\0\0\0\xa8\x38\0\0\x51\0\0\0\x50\0\0\0\x23\0\0\
\0\xc2\x27\0\0\0\0\0\0\x58\0\0\0\x23\0\0\0\xc7\x27\0\0\0\0\0\0\xb0\0\0\0\x2c\0\
\0\0\xcc\x27\0\0\0\0\0\0\xd8\0\0\0\x2c\0\0\0\xd0\x27\0\0\0\0\0\0\xf0\0\0\0\x2c\
\0\0\0\xcc\x27\0\0\0\0\0\0\0\x01\0\0\x2c\0\0\0\xd4\x27\0\0\0\0\0\0\x38\x01\0\0\
\x2c\0\0\0\xd4\x27\0\0\0\0\0\0\xc0\x01\0\0\x34\0\0\0\xd8\x27\0\0\0\0\0\0\xf8\
\x01\0\0\x34\0\0\0\xd8\x27\0\0\0\0\0\0\x48\x02\0\0\x34\0\0\0\xd0\x27\0\0\0\0\0\
\0\x58\x02\0\0\x34\0\0\0\xd4\x27\0\0\0\0\0\0\x68\x02\0\0\x34\0\0\0\xd0\x27\0\0\
\0\0\0\0\x78\x02\0\0\x34\0\0\0\xd4\x27\0\0\0\0\0\0\xe8\x02\0\0\x23\0\0\0\xdc\
\x27\0\0\0\0\0\0\xc8\x03\0\0\x2c\0\0\0\xe0\x27\0\0\0\0\0\0\x18\x04\0\0\x34\0\0\
\0\xcc\x27\0\0\0\0\0\0\x38\x04\0\0\x34\0\0\0\xe4\x27\0\0\0\0\0\0\x58\x04\0\0\
\x34\0\0\0\xdc\x27\0\0\0\0\0\0\x78\x04\0\0\x34\0\0\0\xcc\x27\0\0\0\0\0\0\x98\
\x04\0\0\x34\0\0\0\xe4\x27\0\0\0\0\0\0\xb8\x04\0\0\x34\0\0\0\xdc\x27\0\0\0\0\0\
\0\xd8\x04\0\0\x34\0\0\0\xdc\x27\0\0\0\0\0\0\xf8\x04\0\0\x34\0\0\0\xe9\x27\0\0\
\0\0\0\0\xc0\x05\0\0\x34\0\0\0\xed\x27\0\0\0\0\0\0\xe8\x0f\0\0\x34\0\0\0\xe4\
\x27\0\0\0\0\0\0\0\x10\0\0\x34\0\0\0\xed\x27\0\0\0\0\0\0\x08\x10\0\0\x34\0\0\0\
\xe0\x27\0\0\0\0\0\0\x38\x1a\0\0\x34\0\0\0\xe0\x27\0\0\0\0\0\0\x40\x1a\0\0\x23\
\0\0\0\xd4\x27\0\0\0\0\0\0\xd0\x1a\0\0\x23\0\0\0\xc2\x27\0\0\0\0\0\0\xd8\x1a\0\
\0\x23\0\0\0\xc7\x27\0\0\0\0\0\0\x18\x1b\0\0\x2c\0\0\0\xd4\x27\0\0\0\0\0\0\xa0\
\x1b\0\0\x34\0\0\0\xd8\x27\0\0\0\0\0\0\x18\x1c\0\0\x2c\0\0\0\xe0\x27\0\0\0\0\0\
\0\0\x27\0\0\x23\0\0\0\xd4\x27\0\0\0\0\0\0\x90\x27\0\0\x23\0\0\0\xc2\x27\0\0\0\
\0\0\0\x98\x27\0\0\x23\0\0\0\xc7\x27\0\0\0\0\0\0\xd8\x27\0\0\x2c\0\0\0\xd4\x27\
\0\0\0\0\0\0\x60\x28\0\0\x34\0\0\0\xd8\x27\0\0\0\0\0\0\x30\x32\0\0\x2c\0\0\0\
\xdc\x27\0\0\0\0\0\0\x80\x32\0\0\x34\0\0\0\xc7\x27\0\0\0\0\0\0\x90\x33\0\0\x34\
\0\0\0\xc7\x27\0\0\0\0\0\0\x10\x34\0\0\x34\0\0\0\xc7\x27\0\0\0\0\0\0\xd0\x34\0\
\0\x23\0\0\0\xc2\x27\0\0\0\0\0\0\xd8\x34\0\0\x23\0\0\0\xc7\x27\0\0\0\0\0\0\x30\
\x35\0\0\x2c\0\0\0\xcc\x27\0\0\0\0\0\0\x58\x35\0\0\x2c\0\0\0\xd0\x27\0\0\0\0\0\
\0\x70\x35\0\0\x2c\0\0\0\xcc\x27\0\0\0\0\0\0\x80\x35\0\0\x2c\0\0\0\xd4\x27\0\0\
\0\0\0\0\xb8\x35\0\0\x2c\0\0\0\xd4\x27\0\0\0\0\0\0\x40\x36\0\0\x34\0\0\0\xd8\
\x27\0\0\0\0\0\0\x78\x36\0\0\x34\0\0\0\xd8\x27\0\0\0\0\0\0\xc8\x36\0\0\x34\0\0\
\0\xd0\x27\0\0\0\0\0\0\xd8\x36\0\0\x34\0\0\0\xd4\x27\0\0\0\0\0\0\xe8\x36\0\0\
\x34\0\0\0\xd0\x27\0\0\0\0\0\0\xf8\x36\0\0\x34\0\0\0\xd4\x27\0\0\0\0\0\0\x10\
\x37\0\0\x2c\0\0\0\xe0\x27\0\0\0\0\0\0\x50\x37\0\0\x34\0\0\0\xcc\x27\0\0\0\0\0\
\0\x68\x37\0\0\x34\0\0\0\xe4\x27\0\0\0\0\0\0\x80\x37\0\0\x34\0\0\0\xdc\x27\0\0\
\0\0\0\0\x98\x37\0\0\x34\0\0\0\xcc\x27\0\0\0\0\0\0\xb0\x37\0\0\x34\0\0\0\xe4\
\x27\0\0\0\0\0\0\xc8\x37\0\0\x34\0\0\0\xdc\x27\0\0\0\0\0\0\xe0\x37\0\0\x34\0\0\
\0\xdc\x27\0\0\0\0\0\0\xf8\x37\0\0\x34\0\0\0\xe9\x27\0\0\0\0\0\0\x10\x38\0\0\
\x34\0\0\0\xed\x27\0\0\0\0\0\0\x58\x41\0\0\x34\0\0\0\xe4\x27\0\0\0\0\0\0\x78\
\x41\0\0\x34\0\0\0\xed\x27\0\0\0\0\0\0\x80\x41\0\0\x34\0\0\0\xe0\x27\0\0\0\0\0\
\0\x10\x4b\0\0\x34\0\0\0\xe0\x27\0\0\0\0\0\0\x18\x4b\0\0\x23\0\0\0\xd4\x27\0\0\
\0\0\0\0\x80\x56\0\0\x23\0\0\0\xc2\x27\0\0\0\0\0\0\x88\x56\0\0\x23\0\0\0\xc7\
\x27\0\0\0\0\0\0\xc8\x56\0\0\x2c\0\0\0\xd4\x27\0\0\0\0\0\0\x50\x57\0\0\x34\0\0\
\0\xd8\x27\0\0\0\0\0\0\xc0\x57\0\0\x2c\0\0\0\xe0\x27\0\0\0\0\0\0\xf8\x57\0\0\
\x23\0\0\0\xd4\x27\0\0\0\0\0\0\x28\x60\0\0\x2c\0\0\0\xdc\x27\0\0\0\0\0\0\x78\
\x60\0\0\x34\0\0\0\xc7\x27\0\0\0\0\0\0\x70\x61\0\0\x34\0\0\0\xc7\x27\0\0\0\0\0\
\0\xf0\x61\0\0\x34\0\0\0\xc7\x27\0\0\0\0\0\0\0\0\0\0\0\0\0\0\0\0\0\0\0\0\0\0\0\
\0\0\0\0\0\0\0\0\0\0\0\0\0\0\0\0\0\0\0\0\0\0\0\0\0\0\0\0\0\0\0\0\0\0\0\0\0\0\0\
\0\0\0\0\0\0\0\0\0\0\0\0\x01\0\0\0\x03\0\0\0\x20\0\0\0\0\0\0\0\0\0\0\0\0\0\0\0\
\x40\0\0\0\0\0\0\0\x6f\x08\0\0\0\0\0\0\0\0\0\0\0\0\0\0\x01\0\0\0\0\0\0\0\0\0\0\
\0\0\0\0\0\x09\0\0\0\x02\0\0\0\0\0\0\0\0\0\0\0\0\0\0\0\0\0\0\0\xb0\x08\0\0\0\0\
\0\0\xa0\x11\0\0\0\0\0\0\x01\0\0\0\0\0\0\0\x08\0\0\0\0\0\0\0\x18\0\0\0\0\0\0\0\
\x11\0\0\0\x01\0\0\0\x06\0\0\0\0\0\0\0\0\0\0\0\0\0\0\0\x50\x1a\0\0\0\0\0\0\x60\
\x62\0\0\0\0\0\0\0\0\0\0\0\0\0\0\x08\0\0\0\0\0\0\0\0\0\0\0\0\0\0\0\x14\0\0\0\
\x01\0\0\0\x02\0\0\0\0\0\0\0\0\0\0\0\0\0\0\0\xb0\x7c\0\0\0\0\0\0\x99\x06\0\0\0\
\0\0\0\0\0\0\0\0\0\0\0\x01\0\0\0\0\0\0\0\0\0\0\0\0\0\0\0\x1c\0\0\0\x01\0\0\0\
\x03\0\0\0\0\0\0\0\0\0\0\0\0\0\0\0\x50\x83\0\0\0\0\0\0\xa0\0\0\0\0\0\0\0\0\0\0\
\0\0\0\0\0\x08\0\0\0\0\0\0\0\0\0\0\0\0\0\0\0\x22\0\0\0\x01\0\0\0\x03\0\0\0\0\0\
\0\0\0\0\0\0\0\0\0\0\xf0\x83\0\0\0\0\0\0\x04\0\0\0\0\0\0\0\0\0\0\0\0\0\0\0\x01\
\0\0\0\0\0\0\0\0\0\0\0\0\0\0\0\x37\x05\0\0\x09\0\0\0\x40\0\0\0\0\0\0\0\0\0\0\0\
\0\0\0\0\xf8\x83\0\0\0\0\0\0\xe0\x03\0\0\0\0\0\0\x02\0\0\0\x03\0\0\0\x08\0\0\0\
\0\0\0\0\x10\0\0\0\0\0\0\0\x61\x08\0\0\x01\0\0\0\0\0\0\0\0\0\0\0\0\0\0\0\0\0\0\
\0\xd8\x87\0\0\0\0\0\0\xbb\x48\0\0\0\0\0\0\0\0\0\0\0\0\0\0\x08\0\0\0\0\0\0\0\0\
\0\0\0\0\0\0\0\x66\x08\0\0\x01\0\0\0\0\0\0\0\0\0\0\0\0\0\0\0\0\0\0\0\x98\xd0\0\
\0\0\0\0\0\xa4\x5b\0\0\0\0\0\0\0\0\0\0\0\0\0\0\x08\0\0\0\0\0\0\0\0\0\0\0\0\0\0\
\0";

	*sz = sizeof(data) - 1;
	return (const void *)data;
}

#ifdef __cplusplus
struct tc_bpf *tc_bpf::open(const struct bpf_object_open_opts *opts) { return tc_bpf__open_opts(opts); }
struct tc_bpf *tc_bpf::open_and_load() { return tc_bpf__open_and_load(); }
int tc_bpf::load(struct tc_bpf *skel) { return tc_bpf__load(skel); }
int tc_bpf::attach(struct tc_bpf *skel) { return tc_bpf__attach(skel); }
void tc_bpf::detach(struct tc_bpf *skel) { tc_bpf__detach(skel); }
void tc_bpf::destroy(struct tc_bpf *skel) { tc_bpf__destroy(skel); }
const void *tc_bpf::elf_bytes(size_t *sz) { return tc_bpf__elf_bytes(sz); }
#endif /* __cplusplus */

__attribute__((unused)) static void
tc_bpf__assert(struct tc_bpf *s __attribute__((unused)))
{
#ifdef __cplusplus
#define _Static_assert static_assert
#endif
#ifdef __cplusplus
#undef _Static_assert
#endif
}

#endif /* __TC_BPF_SKEL_H__ */
