/* SPDX-License-Identifier: (LGPL-2.1 OR BSD-2-Clause) */

/* THIS FILE IS AUTOGENERATED BY BPFTOOL! */
#ifndef __TC_EGRESS_BPF_SKEL_H__
#define __TC_EGRESS_BPF_SKEL_H__

#include <errno.h>
#include <stdlib.h>
#include <bpf/libbpf.h>

struct tc_egress_bpf {
	struct bpf_object_skeleton *skeleton;
	struct bpf_object *obj;
	struct {
		struct bpf_map *ack_ingress_fix;
		struct bpf_map *seq_egress_fix;
		struct bpf_map *rand_byte_map;
		struct bpf_map *ack_egress_fix;
		struct bpf_map *rodata;
	} maps;
	struct {
		struct bpf_program *tc_egress;
	} progs;
	struct {
		struct bpf_link *tc_egress;
	} links;

#ifdef __cplusplus
	static inline struct tc_egress_bpf *open(const struct bpf_object_open_opts *opts = nullptr);
	static inline struct tc_egress_bpf *open_and_load();
	static inline int load(struct tc_egress_bpf *skel);
	static inline int attach(struct tc_egress_bpf *skel);
	static inline void detach(struct tc_egress_bpf *skel);
	static inline void destroy(struct tc_egress_bpf *skel);
	static inline const void *elf_bytes(size_t *sz);
#endif /* __cplusplus */
};

static void
tc_egress_bpf__destroy(struct tc_egress_bpf *obj)
{
	if (!obj)
		return;
	if (obj->skeleton)
		bpf_object__destroy_skeleton(obj->skeleton);
	free(obj);
}

static inline int
tc_egress_bpf__create_skeleton(struct tc_egress_bpf *obj);

static inline struct tc_egress_bpf *
tc_egress_bpf__open_opts(const struct bpf_object_open_opts *opts)
{
	struct tc_egress_bpf *obj;
	int err;

	obj = (struct tc_egress_bpf *)calloc(1, sizeof(*obj));
	if (!obj) {
		errno = ENOMEM;
		return NULL;
	}

	err = tc_egress_bpf__create_skeleton(obj);
	if (err)
		goto err_out;

	err = bpf_object__open_skeleton(obj->skeleton, opts);
	if (err)
		goto err_out;

	return obj;
err_out:
	tc_egress_bpf__destroy(obj);
	errno = -err;
	return NULL;
}

static inline struct tc_egress_bpf *
tc_egress_bpf__open(void)
{
	return tc_egress_bpf__open_opts(NULL);
}

static inline int
tc_egress_bpf__load(struct tc_egress_bpf *obj)
{
	return bpf_object__load_skeleton(obj->skeleton);
}

static inline struct tc_egress_bpf *
tc_egress_bpf__open_and_load(void)
{
	struct tc_egress_bpf *obj;
	int err;

	obj = tc_egress_bpf__open();
	if (!obj)
		return NULL;
	err = tc_egress_bpf__load(obj);
	if (err) {
		tc_egress_bpf__destroy(obj);
		errno = -err;
		return NULL;
	}
	return obj;
}

static inline int
tc_egress_bpf__attach(struct tc_egress_bpf *obj)
{
	return bpf_object__attach_skeleton(obj->skeleton);
}

static inline void
tc_egress_bpf__detach(struct tc_egress_bpf *obj)
{
	bpf_object__detach_skeleton(obj->skeleton);
}

static inline const void *tc_egress_bpf__elf_bytes(size_t *sz);

static inline int
tc_egress_bpf__create_skeleton(struct tc_egress_bpf *obj)
{
	struct bpf_object_skeleton *s;
	int err;

	s = (struct bpf_object_skeleton *)calloc(1, sizeof(*s));
	if (!s)	{
		err = -ENOMEM;
		goto err;
	}

	s->sz = sizeof(*s);
	s->name = "tc_egress_bpf";
	s->obj = &obj->obj;

	/* maps */
	s->map_cnt = 5;
	s->map_skel_sz = sizeof(*s->maps);
	s->maps = (struct bpf_map_skeleton *)calloc(s->map_cnt, s->map_skel_sz);
	if (!s->maps) {
		err = -ENOMEM;
		goto err;
	}

	s->maps[0].name = "ack_ingress_fix";
	s->maps[0].map = &obj->maps.ack_ingress_fix;

	s->maps[1].name = "seq_egress_fix";
	s->maps[1].map = &obj->maps.seq_egress_fix;

	s->maps[2].name = "rand_byte_map";
	s->maps[2].map = &obj->maps.rand_byte_map;

	s->maps[3].name = "ack_egress_fix";
	s->maps[3].map = &obj->maps.ack_egress_fix;

	s->maps[4].name = "tc_egres.rodata";
	s->maps[4].map = &obj->maps.rodata;

	/* programs */
	s->prog_cnt = 1;
	s->prog_skel_sz = sizeof(*s->progs);
	s->progs = (struct bpf_prog_skeleton *)calloc(s->prog_cnt, s->prog_skel_sz);
	if (!s->progs) {
		err = -ENOMEM;
		goto err;
	}

	s->progs[0].name = "tc_egress";
	s->progs[0].prog = &obj->progs.tc_egress;
	s->progs[0].link = &obj->links.tc_egress;

	s->data = tc_egress_bpf__elf_bytes(&s->data_sz);

	obj->skeleton = s;
	return 0;
err:
	bpf_object__destroy_skeleton(s);
	return err;
}

static inline const void *tc_egress_bpf__elf_bytes(size_t *sz)
{
	static const char data[] __attribute__((__aligned__(8))) = "\
\x7f\x45\x4c\x46\x02\x01\x01\0\0\0\0\0\0\0\0\0\x01\0\xf7\0\x01\0\0\0\0\0\0\0\0\
\0\0\0\0\0\0\0\0\0\0\0\x10\xab\0\0\0\0\0\0\0\0\0\0\x40\0\0\0\0\0\x40\0\x1d\0\
\x01\0\xbf\x16\0\0\0\0\0\0\xb7\x09\0\0\0\0\0\0\xb7\x02\0\0\0\0\0\0\x85\0\0\0\
\x27\0\0\0\x15\0\x06\0\0\0\0\0\x18\x01\0\0\0\0\0\0\0\0\0\0\0\0\0\0\xb7\x02\0\0\
\x2b\0\0\0\x85\0\0\0\x06\0\0\0\xbf\x90\0\0\0\0\0\0\x95\0\0\0\0\0\0\0\x61\x68\0\
\0\0\0\0\0\x61\x67\x4c\0\0\0\0\0\x61\x62\x50\0\0\0\0\0\xbf\x71\0\0\0\0\0\0\x07\
\x01\0\0\x0e\0\0\0\xb7\x09\0\0\x02\0\0\0\x2d\x21\xf7\xff\0\0\0\0\xbf\x71\0\0\0\
\0\0\0\x07\x01\0\0\x22\0\0\0\xb7\x09\0\0\x02\0\0\0\x2d\x21\xf3\xff\0\0\0\0\xbf\
\x71\0\0\0\0\0\0\x07\x01\0\0\x18\0\0\0\xb7\x09\0\0\0\0\0\0\x2d\x21\xef\xff\0\0\
\0\0\x69\x71\x0c\0\0\0\0\0\xb7\x09\0\0\0\0\0\0\x55\x01\xec\xff\x08\0\0\0\xb7\
\x01\0\0\x09\0\0\0\xbf\x73\0\0\0\0\0\0\x0f\x13\0\0\0\0\0\0\x71\x31\x0e\0\0\0\0\
\0\xb7\x09\0\0\0\0\0\0\x55\x01\xe6\xff\x06\0\0\0\xb7\x03\0\0\0\0\0\0\xbf\x71\0\
\0\0\0\0\0\x0f\x31\0\0\0\0\0\0\x71\x13\x0e\0\0\0\0\0\x57\x03\0\0\x0f\0\0\0\xb7\
\x04\0\0\x05\0\0\0\xb7\x09\0\0\x02\0\0\0\x2d\x34\xde\xff\0\0\0\0\x07\x01\0\0\
\x0e\0\0\0\x71\x13\0\0\0\0\0\0\x67\x03\0\0\x02\0\0\0\x57\x03\0\0\x3c\0\0\0\xbf\
\x71\0\0\0\0\0\0\x0f\x31\0\0\0\0\0\0\xbf\x15\0\0\0\0\0\0\x07\x05\0\0\x0e\0\0\0\
\xb7\x09\0\0\x02\0\0\0\x2d\x25\xd4\xff\0\0\0\0\x07\x01\0\0\x22\0\0\0\xb7\x09\0\
\0\x02\0\0\0\x2d\x21\xd1\xff\0\0\0\0\x69\x51\x0c\0\0\0\0\0\x57\x01\0\0\xf0\0\0\
\0\xb7\x04\0\0\x50\0\0\0\xb7\x09\0\0\x02\0\0\0\x2d\x14\xcc\xff\0\0\0\0\x69\x51\
\x0c\0\0\0\0\0\x77\x01\0\0\x02\0\0\0\x57\x01\0\0\x3c\0\0\0\xbf\x54\0\0\0\0\0\0\
\x0f\x14\0\0\0\0\0\0\xb7\x09\0\0\x02\0\0\0\x2d\x24\xc5\xff\0\0\0\0\x69\x52\x02\
\0\0\0\0\0\xb7\x09\0\0\0\0\0\0\x15\x02\xc2\xff\0\x16\0\0\x69\x52\0\0\0\0\0\0\
\xb7\x09\0\0\0\0\0\0\x15\x02\xbf\xff\0\x16\0\0\x69\x52\x02\0\0\0\0\0\xb7\x09\0\
\0\0\0\0\0\x15\x02\xbc\xff\x0d\x3d\0\0\x69\x52\0\0\0\0\0\0\xb7\x09\0\0\0\0\0\0\
\x15\x02\xb9\xff\x0d\x3d\0\0\x0f\x31\0\0\0\0\0\0\xb7\x02\0\0\x02\0\0\0\xbf\x73\
\0\0\0\0\0\0\x0f\x23\0\0\0\0\0\0\x69\x33\x0e\0\0\0\0\0\x7b\x3a\x88\xff\0\0\0\0\
\xdc\x03\0\0\x10\0\0\0\xb7\x09\0\0\x02\0\0\0\x2d\x31\xb0\xff\0\0\0\0\x69\x52\
\x0c\0\0\0\0\0\x57\x02\0\0\0\x02\0\0\x15\x02\x07\0\0\0\0\0\x69\x52\x0c\0\0\0\0\
\0\x57\x02\0\0\0\x10\0\0\x55\x02\x04\0\0\0\0\0\x69\x52\x0c\0\0\0\0\0\x57\x02\0\
\0\0\x04\0\0\xb7\x09\0\0\0\0\0\0\x15\x02\xa6\xff\0\0\0\0\x69\x52\x0c\0\0\0\0\0\
\x57\x02\0\0\0\x02\0\0\x15\x02\x07\0\0\0\0\0\x69\x52\x0c\0\0\0\0\0\x57\x02\0\0\
\0\x10\0\0\x15\x02\x04\0\0\0\0\0\x69\x52\x0c\0\0\0\0\0\x57\x02\0\0\0\x04\0\0\
\xb7\x09\0\0\0\0\0\0\x15\x02\x9c\xff\0\0\0\0\xbf\x32\0\0\0\0\0\0\x1f\x12\0\0\0\
\0\0\0\x7b\x2a\x80\xff\0\0\0\0\x69\x51\x0c\0\0\0\0\0\x57\x01\0\0\0\x02\0\0\x55\
\x01\x06\0\0\0\0\0\x69\x51\x0c\0\0\0\0\0\x79\xa2\x80\xff\0\0\0\0\x55\x02\x03\0\
\0\0\0\0\x57\x01\0\0\0\x10\0\0\xb7\x09\0\0\0\0\0\0\x55\x01\x90\xff\0\0\0\0\x69\
\x51\x0c\0\0\0\0\0\x57\x01\0\0\0\x04\0\0\xb7\x09\0\0\0\0\0\0\x55\x01\x8c\xff\0\
\0\0\0\x69\x51\x0c\0\0\0\0\0\x57\x01\0\0\0\x01\0\0\xb7\x09\0\0\0\0\0\0\x55\x01\
\x88\xff\0\0\0\0\x7b\x3a\x68\xff\0\0\0\0\x18\x01\0\0\x2b\0\0\0\0\0\0\0\0\0\0\0\
\xb7\x02\0\0\x1e\0\0\0\xbf\x83\0\0\0\0\0\0\xbf\x59\0\0\0\0\0\0\x85\0\0\0\x06\0\
\0\0\xb7\x01\0\0\0\0\0\0\x7b\x1a\xf8\xff\0\0\0\0\x7b\x1a\xf0\xff\0\0\0\0\x7b\
\x1a\xe8\xff\0\0\0\0\x7b\x1a\xe0\xff\0\0\0\0\x7b\x1a\xd8\xff\0\0\0\0\x7b\x1a\
\xd0\xff\0\0\0\0\x7b\x1a\xc8\xff\0\0\0\0\x7b\x1a\xc0\xff\0\0\0\0\xbf\xa2\0\0\0\
\0\0\0\x07\x02\0\0\xc0\xff\xff\xff\xb7\x01\0\0\x02\0\0\0\x73\x12\0\0\0\0\0\0\
\x61\x61\x28\0\0\0\0\0\x63\x12\x08\0\0\0\0\0\xbf\x71\0\0\0\0\0\0\x07\x01\0\0\
\x0e\0\0\0\x71\x13\x01\0\0\0\0\0\x73\x32\x0c\0\0\0\0\0\xb7\x03\0\0\x06\0\0\0\
\x73\x32\x01\0\0\0\0\0\x69\x93\0\0\0\0\0\0\x6b\x32\x02\0\0\0\0\0\x7b\x9a\x70\
\xff\0\0\0\0\x69\x93\x02\0\0\0\0\0\x6b\x32\x04\0\0\0\0\0\x61\x13\x0c\0\0\0\0\0\
\x63\x32\x10\0\0\0\0\0\x61\x11\x10\0\0\0\0\0\x63\x12\x20\0\0\0\0\0\xb7\x01\0\0\
\x05\xdc\0\0\x6b\x12\x06\0\0\0\0\0\xbf\x61\0\0\0\0\0\0\xb7\x03\0\0\x40\0\0\0\
\xb7\x04\0\0\x02\0\0\0\x85\0\0\0\x45\0\0\0\x15\0\x01\0\x08\0\0\0\x55\0\x05\0\0\
\0\0\0\xbf\xa1\0\0\0\0\0\0\x07\x01\0\0\xc0\xff\xff\xff\x69\x19\x06\0\0\0\0\0\
\xbf\x93\0\0\0\0\0\0\x55\x09\x06\0\0\0\0\0\x18\x01\0\0\x49\0\0\0\0\0\0\0\0\0\0\
\0\xb7\x02\0\0\x2a\0\0\0\x85\0\0\0\x06\0\0\0\xb7\x03\0\0\0\0\0\0\xb7\x09\0\0\
\xdc\x05\0\0\x18\x01\0\0\x73\0\0\0\0\0\0\0\0\0\0\0\xb7\x02\0\0\x14\0\0\0\x85\0\
\0\0\x06\0\0\0\x07\x07\0\0\x0e\0\0\0\x61\x71\x10\0\0\0\0\0\x63\x1a\xb0\xff\0\0\
\0\0\x61\x71\x0c\0\0\0\0\0\x63\x1a\xb4\xff\0\0\0\0\xbf\x91\0\0\0\0\0\0\x79\xa2\
\x68\xff\0\0\0\0\x1f\x21\0\0\0\0\0\0\xb7\x02\0\0\0\0\0\0\x7b\x2a\x60\xff\0\0\0\
\0\xb7\x02\0\0\x01\0\0\0\x2d\x91\x01\0\0\0\0\0\xb7\x02\0\0\0\0\0\0\x79\xa3\x70\
\xff\0\0\0\0\x69\x33\x02\0\0\0\0\0\x6b\x3a\xb8\xff\0\0\0\0\xb7\x03\0\0\0\0\0\0\
\x7b\x3a\x78\xff\0\0\0\0\x55\x02\x01\0\0\0\0\0\x7b\x1a\x78\xff\0\0\0\0\xb7\x01\
\0\0\xdc\x05\0\0\x79\xa2\x78\xff\0\0\0\0\x2d\x21\x02\0\0\0\0\0\xb7\x01\0\0\xdc\
\x05\0\0\x7b\x1a\x78\xff\0\0\0\0\x79\xa2\x70\xff\0\0\0\0\x69\x21\0\0\0\0\0\0\
\x6b\x1a\xba\xff\0\0\0\0\x61\x71\x0c\0\0\0\0\0\x63\x1a\xa0\xff\0\0\0\0\x61\x71\
\x10\0\0\0\0\0\x63\x1a\xa4\xff\0\0\0\0\x69\x21\0\0\0\0\0\0\x6b\x1a\xa8\xff\0\0\
\0\0\x69\x21\x02\0\0\0\0\0\x6b\x1a\xaa\xff\0\0\0\0\x61\x21\x04\0\0\0\0\0\x7b\
\x1a\x58\xff\0\0\0\0\xbf\xa2\0\0\0\0\0\0\x07\x02\0\0\xb0\xff\xff\xff\x18\x01\0\
\0\0\0\0\0\0\0\0\0\0\0\0\0\x85\0\0\0\x01\0\0\0\x15\0\x02\0\0\0\0\0\x61\x01\0\0\
\0\0\0\0\x7b\x1a\x60\xff\0\0\0\0\x79\xa1\x70\xff\0\0\0\0\x61\x11\x04\0\0\0\0\0\
\x79\xa2\x80\xff\0\0\0\0\xdc\x02\0\0\x20\0\0\0\xbf\x27\0\0\0\0\0\0\x0f\x21\0\0\
\0\0\0\0\x63\x1a\x98\xff\0\0\0\0\xbf\xa2\0\0\0\0\0\0\x07\x02\0\0\xb0\xff\xff\
\xff\xbf\xa3\0\0\0\0\0\0\x07\x03\0\0\x98\xff\xff\xff\xb7\x09\0\0\0\0\0\0\x18\
\x01\0\0\0\0\0\0\0\0\0\0\0\0\0\0\xb7\x04\0\0\0\0\0\0\x85\0\0\0\x02\0\0\0\x79\
\xa1\x78\xff\0\0\0\0\x67\x01\0\0\x20\0\0\0\x77\x01\0\0\x20\0\0\0\xb7\x02\0\0\
\x04\0\0\0\x2d\x12\x10\0\0\0\0\0\x18\x01\0\0\x87\0\0\0\0\0\0\0\0\0\0\0\xb7\x02\
\0\0\x32\0\0\0\x79\xa7\x78\xff\0\0\0\0\xbf\x73\0\0\0\0\0\0\x85\0\0\0\x06\0\0\0\
\x0f\x87\0\0\0\0\0\0\xbf\x61\0\0\0\0\0\0\xbf\x72\0\0\0\0\0\0\xb7\x03\0\0\0\0\0\
\0\x85\0\0\0\x26\0\0\0\x15\0\x29\0\0\0\0\0\x18\x01\0\0\xb9\0\0\0\0\0\0\0\0\0\0\
\0\xb7\x02\0\0\x29\0\0\0\x05\0\x22\0\0\0\0\0\x18\x01\0\0\xd4\x01\0\0\0\0\0\0\0\
\0\0\0\xb7\x02\0\0\x26\0\0\0\x85\0\0\0\x06\0\0\0\xbf\xa2\0\0\0\0\0\0\x07\x02\0\
\0\xa0\xff\xff\xff\x18\x01\0\0\0\0\0\0\0\0\0\0\0\0\0\0\x85\0\0\0\x01\0\0\0\x15\
\0\xef\xfe\0\0\0\0\x61\x08\0\0\0\0\0\0\x79\xa1\x70\xff\0\0\0\0\x63\x81\x04\0\0\
\0\0\0\xbf\x81\0\0\0\0\0\0\x0f\x71\0\0\0\0\0\0\x63\x1a\x90\xff\0\0\0\0\xbf\xa2\
\0\0\0\0\0\0\x07\x02\0\0\xa0\xff\xff\xff\xbf\xa3\0\0\0\0\0\0\x07\x03\0\0\x90\
\xff\xff\xff\x18\x01\0\0\0\0\0\0\0\0\0\0\0\0\0\0\xb7\x04\0\0\x02\0\0\0\x85\0\0\
\0\x02\0\0\0\xbf\x61\0\0\0\0\0\0\xb7\x02\0\0\x10\0\0\0\x79\xa3\x58\xff\0\0\0\0\
\xbf\x84\0\0\0\0\0\0\xb7\x05\0\0\x04\0\0\0\x85\0\0\0\x0b\0\0\0\x15\0\xda\xfe\0\
\0\0\0\x18\x01\0\0\xfa\x01\0\0\0\0\0\0\0\0\0\0\xb7\x02\0\0\x37\0\0\0\x85\0\0\0\
\x06\0\0\0\xb7\x09\0\0\x02\0\0\0\x05\0\xd4\xfe\0\0\0\0\xb7\x09\0\0\x02\0\0\0\
\x61\x61\0\0\0\0\0\0\x7b\x1a\x80\xff\0\0\0\0\x61\x61\x4c\0\0\0\0\0\x61\x62\x50\
\0\0\0\0\0\xbf\x13\0\0\0\0\0\0\x07\x03\0\0\x0e\0\0\0\x2d\x23\xcc\xfe\0\0\0\0\
\xbf\x13\0\0\0\0\0\0\x07\x03\0\0\x22\0\0\0\x2d\x23\xc9\xfe\0\0\0\0\xbf\x18\0\0\
\0\0\0\0\x07\x08\0\0\x0e\0\0\0\x71\x87\0\0\0\0\0\0\x67\x07\0\0\x02\0\0\0\x57\
\x07\0\0\x3c\0\0\0\x0f\x78\0\0\0\0\0\0\x2d\x28\xc2\xfe\0\0\0\0\xbf\x83\0\0\0\0\
\0\0\x07\x03\0\0\x14\0\0\0\x2d\x23\xbf\xfe\0\0\0\0\x69\x83\x0c\0\0\0\0\0\x77\
\x03\0\0\x02\0\0\0\x57\x03\0\0\x3c\0\0\0\xbf\x84\0\0\0\0\0\0\x0f\x34\0\0\0\0\0\
\0\x2d\x24\xb9\xfe\0\0\0\0\xb7\x02\0\0\x02\0\0\0\x0f\x21\0\0\0\0\0\0\x79\xa2\
\x68\xff\0\0\0\0\x79\xa4\x78\xff\0\0\0\0\x0f\x42\0\0\0\0\0\0\xbf\x24\0\0\0\0\0\
\0\xdc\x04\0\0\x10\0\0\0\x7b\x4a\x50\xff\0\0\0\0\x6b\x41\x0e\0\0\0\0\0\x57\x02\
\0\0\xff\xff\0\0\x1f\x72\0\0\0\0\0\0\x7b\x2a\x48\xff\0\0\0\0\x1f\x32\0\0\0\0\0\
\0\x7b\x2a\x70\xff\0\0\0\0\xbf\xa2\0\0\0\0\0\0\x07\x02\0\0\xa0\xff\xff\xff\x18\
\x01\0\0\0\0\0\0\0\0\0\0\0\0\0\0\x85\0\0\0\x01\0\0\0\x15\0\x1c\0\0\0\0\0\x79\
\xa1\x60\xff\0\0\0\0\x67\x01\0\0\x20\0\0\0\x77\x01\0\0\x20\0\0\0\x79\xa2\x58\
\xff\0\0\0\0\x7b\x2a\x78\xff\0\0\0\0\xbf\x12\0\0\0\0\0\0\x15\x01\x24\0\0\0\0\0\
\x61\x81\x04\0\0\0\0\0\xdc\x01\0\0\x20\0\0\0\x79\xa3\x58\xff\0\0\0\0\x7b\x3a\
\x78\xff\0\0\0\0\x2d\x12\x1f\0\0\0\0\0\x61\x01\0\0\0\0\0\0\x63\x18\x04\0\0\0\0\
\0\x79\xa2\x70\xff\0\0\0\0\xdc\x02\0\0\x20\0\0\0\x7b\x1a\x78\xff\0\0\0\0\x0f\
\x21\0\0\0\0\0\0\x63\x1a\x90\xff\0\0\0\0\xbf\xa2\0\0\0\0\0\0\x07\x02\0\0\xa0\
\xff\xff\xff\xbf\xa3\0\0\0\0\0\0\x07\x03\0\0\x90\xff\xff\xff\x18\x01\0\0\0\0\0\
\0\0\0\0\0\0\0\0\0\xb7\x04\0\0\x02\0\0\0\x85\0\0\0\x02\0\0\0\x05\0\x0f\0\0\0\0\
\0\x61\x81\x04\0\0\0\0\0\x79\xa2\x70\xff\0\0\0\0\xdc\x02\0\0\x20\0\0\0\x0f\x21\
\0\0\0\0\0\0\x63\x1a\x90\xff\0\0\0\0\xbf\xa2\0\0\0\0\0\0\x07\x02\0\0\xa0\xff\
\xff\xff\xbf\xa3\0\0\0\0\0\0\x07\x03\0\0\x90\xff\xff\xff\x18\x01\0\0\0\0\0\0\0\
\0\0\0\0\0\0\0\xb7\x04\0\0\x01\0\0\0\x85\0\0\0\x02\0\0\0\x79\xa1\x58\xff\0\0\0\
\0\x7b\x1a\x78\xff\0\0\0\0\xb7\x08\0\0\0\0\0\0\x63\x8a\x90\xff\0\0\0\0\xbf\xa3\
\0\0\0\0\0\0\x07\x03\0\0\x90\xff\xff\xff\xb7\x01\0\0\0\0\0\0\xb7\x02\0\0\0\0\0\
\0\xb7\x04\0\0\x04\0\0\0\xb7\x05\0\0\0\0\0\0\x85\0\0\0\x1c\0\0\0\x7b\x0a\x70\
\xff\0\0\0\0\x6d\x08\x6f\xfe\0\0\0\0\x79\xa1\x80\xff\0\0\0\0\x67\x01\0\0\x20\0\
\0\0\x77\x01\0\0\x20\0\0\0\xb7\x02\0\0\x04\0\0\0\x2d\x12\x6a\xfe\0\0\0\0\x79\
\xa2\x80\xff\0\0\0\0\x07\x02\0\0\xfc\xff\xff\xff\xbf\xa3\0\0\0\0\0\0\x07\x03\0\
\0\x90\xff\xff\xff\xbf\x61\0\0\0\0\0\0\xb7\x04\0\0\x04\0\0\0\xb7\x05\0\0\0\0\0\
\0\x85\0\0\0\x09\0\0\0\x55\0\x61\xfe\0\0\0\0\x18\x01\0\0\xe2\0\0\0\0\0\0\0\0\0\
\0\0\xb7\x02\0\0\x1f\0\0\0\x79\xa3\x80\xff\0\0\0\0\x85\0\0\0\x06\0\0\0\xbf\x61\
\0\0\0\0\0\0\xb7\x02\0\0\x0a\0\0\0\x79\xa3\x88\xff\0\0\0\0\x79\xa4\x50\xff\0\0\
\0\0\xb7\x05\0\0\x02\0\0\0\x85\0\0\0\x0a\0\0\0\x15\0\x04\0\0\0\0\0\x18\x01\0\0\
\x01\x01\0\0\0\0\0\0\0\0\0\0\xb7\x02\0\0\x31\0\0\0\x05\0\x50\xfe\0\0\0\0\xbf\
\x61\0\0\0\0\0\0\xb7\x02\0\0\x10\0\0\0\xb7\x03\0\0\0\0\0\0\x79\xa4\x70\xff\0\0\
\0\0\xb7\x05\0\0\0\0\0\0\x85\0\0\0\x0b\0\0\0\x15\0\x04\0\0\0\0\0\x18\x01\0\0\
\x32\x01\0\0\0\0\0\0\0\0\0\0\xb7\x02\0\0\x36\0\0\0\x05\0\x45\xfe\0\0\0\0\x79\
\xa4\x78\xff\0\0\0\0\x67\x04\0\0\x20\0\0\0\x77\x04\0\0\x20\0\0\0\xbf\x61\0\0\0\
\0\0\0\xb7\x02\0\0\x10\0\0\0\x79\xa3\x58\xff\0\0\0\0\xb7\x05\0\0\x04\0\0\0\x85\
\0\0\0\x0b\0\0\0\x15\0\x04\0\0\0\0\0\x18\x01\0\0\x68\x01\0\0\0\0\0\0\0\0\0\0\
\xb7\x02\0\0\x37\0\0\0\x05\0\x38\xfe\0\0\0\0\x79\xa3\x68\xff\0\0\0\0\x1f\x73\0\
\0\0\0\0\0\xdc\x03\0\0\x10\0\0\0\x79\xa4\x48\xff\0\0\0\0\xdc\x04\0\0\x10\0\0\0\
\xbf\x61\0\0\0\0\0\0\xb7\x02\0\0\x10\0\0\0\xb7\x05\0\0\x12\0\0\0\x85\0\0\0\x0b\
\0\0\0\x15\0\x04\0\0\0\0\0\x18\x01\0\0\x9f\x01\0\0\0\0\0\0\0\0\0\0\xb7\x02\0\0\
\x35\0\0\0\x05\0\x2a\xfe\0\0\0\0\xb7\x09\0\0\0\0\0\0\x05\0\x29\xfe\0\0\0\0\x46\
\x61\x69\x6c\x65\x64\x20\x74\x6f\x20\x70\x75\x6c\x6c\x20\x64\x61\x74\x61\x20\
\x61\x74\x20\x62\x70\x66\x5f\x73\x6b\x62\x5f\x70\x75\x6c\x6c\x5f\x64\x61\x74\
\x61\x2e\x0a\0\x49\x6e\x69\x74\x69\x61\x6c\x20\x70\x61\x63\x6b\x65\x74\x20\x6c\
\x65\x6e\x67\x74\x68\x20\x69\x73\x3a\x20\x25\x75\x0a\0\x53\x6f\x6d\x65\x74\x68\
\x69\x6e\x67\x20\x77\x65\x6e\x74\x20\x77\x72\x6f\x6e\x67\x20\x77\x69\x74\x68\
\x20\x46\x49\x42\x5f\x4d\x54\x55\x20\x6c\x6f\x6f\x6b\x75\x70\x2e\0\x54\x68\x65\
\x20\x46\x69\x62\x2d\x4d\x54\x55\x20\x69\x73\x3a\x20\x25\x75\x0a\0\x50\x61\x64\
\x20\x42\x79\x74\x65\x73\x3a\x20\x25\x75\x2e\x20\x50\x61\x63\x6b\x65\x74\x20\
\x6c\x65\x6e\x67\x74\x68\x20\x69\x73\x20\x3c\x20\x50\x4d\x54\x55\x2e\x20\x50\
\x61\x64\x64\x69\x6e\x67\x2e\x0a\0\x45\x72\x72\x6f\x72\x20\x77\x69\x74\x68\x20\
\x63\x68\x61\x6e\x67\x69\x6e\x67\x20\x74\x61\x69\x6c\x20\x74\x6f\x20\x74\x68\
\x65\x20\x70\x61\x63\x6b\x65\x74\x21\x0a\0\x4d\x6f\x64\x69\x66\x69\x65\x64\x20\
\x70\x61\x63\x6b\x65\x74\x20\x6c\x65\x6e\x67\x74\x68\x20\x69\x73\x3a\x20\x25\
\x75\x0a\0\x53\x6f\x6d\x65\x74\x68\x69\x6e\x67\x20\x77\x65\x6e\x74\x20\x77\x72\
\x6f\x6e\x67\x20\x77\x69\x74\x68\x20\x49\x50\x20\x6c\x33\x5f\x63\x73\x75\x6d\
\x5f\x72\x65\x70\x6c\x61\x63\x65\x28\x29\x2e\x0a\0\x53\x6f\x6d\x65\x74\x68\x69\
\x6e\x67\x20\x77\x65\x6e\x74\x20\x77\x72\x6f\x6e\x67\x20\x77\x69\x74\x68\x20\
\x50\x41\x59\x4c\x4f\x41\x44\x20\x6c\x34\x5f\x63\x73\x75\x6d\x5f\x72\x65\x70\
\x6c\x61\x63\x65\x28\x29\x2e\x0a\0\x53\x6f\x6d\x65\x74\x68\x69\x6e\x67\x20\x77\
\x65\x6e\x74\x20\x77\x72\x6f\x6e\x67\x20\x77\x69\x74\x68\x20\x54\x43\x50\x2d\
\x3e\x53\x45\x51\x20\x6c\x34\x5f\x63\x73\x75\x6d\x5f\x72\x65\x70\x6c\x61\x63\
\x65\x28\x29\x2e\x0a\0\x53\x6f\x6d\x65\x74\x68\x69\x6e\x67\x20\x77\x65\x6e\x74\
\x20\x77\x72\x6f\x6e\x67\x20\x77\x69\x74\x68\x20\x50\x53\x45\x55\x44\x4f\x20\
\x6c\x34\x5f\x63\x73\x75\x6d\x5f\x72\x65\x70\x6c\x61\x63\x65\x28\x29\x2e\x0a\0\
\x50\x61\x63\x6b\x65\x74\x20\x6c\x65\x6e\x67\x74\x68\x20\x69\x73\x20\x3e\x3d\
\x20\x50\x4d\x54\x55\x2e\x20\x44\x6f\x6e\x27\x74\x20\x50\x61\x64\x2e\x0a\0\x53\
\x6f\x6d\x65\x74\x68\x69\x6e\x67\x20\x77\x65\x6e\x74\x20\x77\x72\x6f\x6e\x67\
\x20\x77\x69\x74\x68\x20\x54\x43\x50\x2d\x3e\x53\x45\x51\x20\x6c\x34\x5f\x63\
\x73\x75\x6d\x5f\x72\x65\x70\x6c\x61\x63\x65\x28\x29\x2e\x0a\0\0\0\0\0\0\0\0\0\
\0\0\0\0\0\0\0\0\0\0\0\0\0\0\0\0\0\0\0\0\0\0\0\0\0\0\0\0\0\0\0\0\0\0\0\0\0\0\0\
\0\0\0\0\0\0\0\0\0\0\0\0\0\0\0\0\0\0\0\0\0\0\0\0\0\0\0\0\0\0\0\0\0\0\0\0\0\0\0\
\0\0\0\0\0\0\0\0\0\0\0\0\0\0\0\0\0\0\0\0\0\0\0\0\0\0\0\0\0\0\0\0\0\0\0\0\0\0\0\
\0\0\0\0\0\0\0\0\0\0\x47\x50\x4c\0\x09\x02\0\0\x05\0\x08\0\x1b\0\0\0\x6c\0\0\0\
\x78\0\0\0\x86\0\0\0\x99\0\0\0\xa1\0\0\0\xab\0\0\0\xba\0\0\0\xd5\0\0\0\xdd\0\0\
\0\xed\0\0\0\xf6\0\0\0\xff\0\0\0\x10\x01\0\0\x18\x01\0\0\x20\x01\0\0\x31\x01\0\
\0\x68\x01\0\0\x78\x01\0\0\x80\x01\0\0\x88\x01\0\0\x90\x01\0\0\xa0\x01\0\0\xaf\
\x01\0\0\xc7\x01\0\0\xd9\x01\0\0\xe9\x01\0\0\xf1\x01\0\0\x04\0\x08\x01\x51\x04\
\x08\x80\x1e\x01\x56\0\x04\x70\xf0\x0b\x01\x57\x04\xd0\x13\x90\x15\x01\x51\0\
\x04\x80\x01\xf0\x0b\x03\x77\x0e\x9f\x04\xe0\x13\x90\x15\x03\x71\x0e\x9f\0\x04\
\xd0\x01\x98\x02\x01\x57\0\x04\x98\x03\xa8\x03\x03\x77\x0e\x9f\0\x04\x98\x03\
\xc0\x08\x01\x55\x04\xb0\x14\x80\x19\x01\x58\0\x04\xe8\x14\xd8\x15\x0d\x73\0\
\xa8\xab\x80\x80\0\xa8\xaf\x80\x80\0\x9f\x04\xd8\x15\x98\x16\x01\x53\0\x04\xb8\
\x05\xb0\x08\x01\x53\0\x04\xf8\x06\x80\x07\x01\x52\x04\x80\x07\x80\x1e\x02\x7a\
\x38\0\x04\x80\x07\x88\x08\x02\x7a\x38\0\x04\xe0\x0a\x88\x0b\x02\x30\x9f\0\x04\
\xe0\x0a\x88\x0d\x02\x30\x9f\x04\x88\x0d\x80\x1e\x02\x7a\x30\0\x04\xe0\x0a\xb8\
\x0b\x01\x50\0\x04\x90\x0c\xb8\x0f\x01\x59\0\x04\x90\x0e\xd0\x0e\x02\x30\x9f\
\x04\xd8\x0e\x80\x1e\x02\x7a\x18\0\x04\x90\x0e\x98\x0e\x01\x51\x04\x98\x0e\xf8\
\x11\x02\x7a\x10\x04\xf8\x11\x90\x13\x01\x58\x04\xa8\x13\xb0\x17\x02\x7a\x10\
\x04\xb0\x17\x80\x18\x02\x7a\x30\x04\x80\x18\xf8\x18\x02\x7a\x10\x04\xf8\x18\
\x80\x1e\x02\x7a\x30\0\x04\x90\x0e\x98\x0e\x01\x51\x04\x98\x0e\x80\x1e\x02\x7a\
\x10\0\x04\xc0\x0e\xd8\x0f\x01\x50\0\x04\xc8\x11\xc0\x12\x01\x50\0\x04\xa8\x15\
\xd0\x15\x01\x52\0\x04\xe8\x15\xf0\x15\x01\x52\x04\xf0\x15\xf0\x1d\x02\x7a\x28\
\0\x04\x98\x16\xf8\x17\x01\x50\x04\x80\x18\xe8\x18\x01\x50\0\x04\xf8\x18\xc0\
\x19\x02\x30\x9f\x04\xc0\x19\xc8\x19\x01\x50\x04\xc8\x19\xf0\x1d\x02\x7a\x28\0\
\x04\x80\x19\x88\x19\x02\x30\x9f\x04\x88\x19\xf0\x1d\x03\x7a\xc8\0\0\x04\xc0\
\x19\xc8\x19\x01\x50\x04\xc8\x19\xf0\x1d\x02\x7a\x28\0\x04\x90\x1d\x98\x1d\x01\
\x53\0\x04\x98\x1d\xa0\x1d\x02\x7a\0\x04\xa0\x1d\xa8\x1d\x01\x54\0\x01\x11\x01\
\x25\x25\x13\x05\x03\x25\x72\x17\x10\x17\x1b\x25\x11\x1b\x12\x06\x73\x17\x74\
\x17\x8c\x01\x17\0\0\x02\x24\0\x03\x25\x3e\x0b\x0b\x0b\0\0\x03\x34\0\x03\x25\
\x49\x13\x3a\x0b\x3b\x05\0\0\x04\x26\0\x49\x13\0\0\x05\x0f\0\x49\x13\0\0\x06\
\x15\x01\x49\x13\x27\x19\0\0\x07\x05\0\x49\x13\0\0\x08\x13\x01\x03\x25\x0b\x0b\
\x3a\x0b\x3b\x05\0\0\x09\x0d\0\x03\x25\x49\x13\x3a\x0b\x3b\x05\x38\x0b\0\0\x0a\
\x0d\0\x49\x13\x3a\x0b\x3b\x05\x38\x0b\0\0\x0b\x17\x01\x0b\x0b\x3a\x0b\x3b\x05\
\0\0\x0c\x16\0\x49\x13\x03\x25\x3a\x0b\x3b\x0b\0\0\x0d\x01\x01\x49\x13\0\0\x0e\
\x21\0\x49\x13\x37\x0b\0\0\x0f\x24\0\x03\x25\x0b\x0b\x3e\x0b\0\0\x10\x13\x01\
\x0b\x0b\x3a\x0b\x3b\x05\0\0\x11\x16\0\x49\x13\x03\x25\x3a\x0b\x3b\x05\0\0\x12\
\x2e\x01\x11\x1b\x12\x06\x40\x18\x7a\x19\x03\x25\x3a\x0b\x3b\x0b\x27\x19\x49\
\x13\x3f\x19\0\0\x13\x34\0\x03\x25\x49\x13\x3a\x0b\x3b\x0b\x02\x18\0\0\x14\x34\
\0\x03\x25\x49\x13\x3a\x0b\x3b\x05\x02\x18\0\0\x15\x05\0\x02\x22\x03\x25\x3a\
\x0b\x3b\x0b\x49\x13\0\0\x16\x34\0\x02\x18\x03\x25\x3a\x0b\x3b\x0b\x49\x13\0\0\
\x17\x34\0\x02\x18\x03\x25\x3a\x0b\x3b\x05\x49\x13\0\0\x18\x34\0\x02\x22\x03\
\x25\x3a\x0b\x3b\x0b\x49\x13\0\0\x19\x34\0\x02\x22\x03\x25\x3a\x0b\x3b\x05\x49\
\x13\0\0\x1a\x34\0\x03\x25\x3a\x0b\x3b\x0b\x49\x13\0\0\x1b\x34\0\x03\x25\x3a\
\x0b\x3b\x05\x49\x13\0\0\x1c\x1d\x01\x31\x13\x11\x1b\x12\x06\x58\x0b\x59\x0b\
\x57\x0b\0\0\x1d\x05\0\x02\x18\x31\x13\0\0\x1e\x34\0\x31\x13\0\0\x1f\x34\0\x02\
\x22\x31\x13\0\0\x20\x05\0\x02\x22\x31\x13\0\0\x21\x1d\x01\x31\x13\x55\x23\x58\
\x0b\x59\x0b\x57\x0b\0\0\x22\x0b\x01\x55\x23\0\0\x23\x1d\0\x31\x13\x11\x1b\x12\
\x06\x58\x0b\x59\x05\x57\x0b\0\0\x24\x1d\x01\x31\x13\x11\x1b\x12\x06\x58\x0b\
\x59\x05\x57\x0b\0\0\x25\x0b\x01\x11\x1b\x12\x06\0\0\x26\x34\0\x03\x25\x49\x13\
\x3a\x0b\x3b\x0b\0\0\x27\x18\0\0\0\x28\x0f\0\0\0\x29\x13\x01\x03\x25\x0b\x0b\
\x3a\x0b\x3b\x06\0\0\x2a\x0d\0\x03\x25\x49\x13\x3a\x0b\x3b\x06\x38\x0b\0\0\x2b\
\x0d\0\x49\x13\x3a\x0b\x3b\x06\x38\x0b\0\0\x2c\x17\x01\x0b\x0b\x3a\x0b\x3b\x06\
\0\0\x2d\x13\x01\x0b\x0b\x3a\x0b\x3b\x06\0\0\x2e\x26\0\0\0\x2f\x15\0\x49\x13\
\x27\x19\0\0\x30\x34\0\x03\x25\x49\x13\x3f\x19\x3a\x0b\x3b\x05\x02\x18\0\0\x31\
\x34\0\x03\x25\x49\x13\x3f\x19\x3a\x0b\x3b\x0b\x02\x18\0\0\x32\x13\x01\x0b\x0b\
\x3a\x0b\x3b\x0b\0\0\x33\x0d\0\x03\x25\x49\x13\x3a\x0b\x3b\x0b\x38\x0b\0\0\x34\
\x21\0\x49\x13\x37\x05\0\0\x35\x13\x01\x03\x25\x0b\x0b\x3a\x0b\x3b\x0b\0\0\x36\
\x13\x01\x03\x25\x0b\x05\x3a\x0b\x3b\x0b\0\0\x37\x04\x01\x49\x13\x0b\x0b\x3a\
\x0b\x3b\x05\0\0\x38\x28\0\x03\x25\x1c\x0f\0\0\x39\x04\x01\x49\x13\x0b\x0b\x3a\
\x0b\x3b\x06\0\0\x3a\x04\x01\x49\x13\x0b\x0b\x3a\x0b\x3b\x0b\0\0\x3b\x0d\0\x03\
\x25\x49\x13\x3a\x0b\x3b\x05\x0b\x0b\x0d\x0b\x0c\x0b\x38\x0b\0\0\x3c\x2e\x01\
\x03\x25\x3a\x0b\x3b\x0b\x27\x19\x49\x13\x20\x21\x01\0\0\x3d\x05\0\x03\x25\x3a\
\x0b\x3b\x0b\x49\x13\0\0\0\x3c\x0f\0\0\x05\0\x01\x08\0\0\0\0\x01\0\x0c\0\x01\
\x08\0\0\0\0\0\0\0\x02\x12\0\x0f\0\0\x08\0\0\0\x0c\0\0\0\x0c\0\0\0\x02\xdd\x07\
\x02\x02\xdc\x07\x04\x03\x03\x3c\0\0\0\x02\x17\x04\x04\x41\0\0\0\x05\x46\0\0\0\
\x06\x56\0\0\0\x07\x5a\0\0\0\x07\xd8\x01\0\0\0\x02\x04\x05\x08\x05\x5f\0\0\0\
\x08\x50\xc0\x01\x02\x89\x09\x05\xd8\x01\0\0\x01\x03\x89\0\x09\x08\xd8\x01\0\0\
\x01\x04\x89\x04\x09\x09\xd8\x01\0\0\x01\x05\x89\x08\x09\x0a\xd8\x01\0\0\x01\
\x06\x89\x0c\x09\x0b\xd8\x01\0\0\x01\x07\x89\x10\x09\x0c\xd8\x01\0\0\x01\x08\
\x89\x14\x09\x0d\xd8\x01\0\0\x01\x09\x89\x18\x09\x0e\xd8\x01\0\0\x01\x0a\x89\
\x1c\x09\x0f\xd8\x01\0\0\x01\x0b\x89\x20\x09\x10\xd8\x01\0\0\x01\x0c\x89\x24\
\x09\x11\xd8\x01\0\0\x01\x0d\x89\x28\x09\x12\xd8\x01\0\0\x01\x0e\x89\x2c\x09\
\x13\xe4\x01\0\0\x01\x0f\x89\x30\x09\x15\xd8\x01\0\0\x01\x10\x89\x44\x09\x16\
\xd8\x01\0\0\x01\x11\x89\x48\x09\x17\xd8\x01\0\0\x01\x12\x89\x4c\x09\x18\xd8\
\x01\0\0\x01\x13\x89\x50\x09\x19\xd8\x01\0\0\x01\x14\x89\x54\x09\x1a\xd8\x01\0\
\0\x01\x15\x89\x58\x09\x1b\xd8\x01\0\0\x01\x16\x89\x5c\x09\x1c\xd8\x01\0\0\x01\
\x17\x89\x60\x09\x1d\xf4\x01\0\0\x01\x18\x89\x64\x09\x1e\xf4\x01\0\0\x01\x19\
\x89\x74\x09\x1f\xd8\x01\0\0\x01\x1a\x89\x84\x09\x20\xd8\x01\0\0\x01\x1b\x89\
\x88\x09\x21\xd8\x01\0\0\x01\x1c\x89\x8c\x0a\x72\x01\0\0\x01\x1d\x89\x90\x0b\
\x08\x01\x1d\x89\x09\x22\0\x02\0\0\x01\x1e\x89\0\0\x09\x3a\x03\x03\0\0\x01\x20\
\x89\x98\x09\x3d\xd8\x01\0\0\x01\x21\x89\xa0\x09\x3e\xd8\x01\0\0\x01\x22\x89\
\xa4\x0a\xa9\x01\0\0\x01\x23\x89\xa8\x0b\x08\x01\x23\x89\x09\x3f\x0f\x03\0\0\
\x01\x24\x89\0\0\x09\x4d\xd8\x01\0\0\x01\x26\x89\xb0\x09\x4e\xe5\x02\0\0\x01\
\x27\x89\xb4\x09\x4f\x03\x03\0\0\x01\x28\x89\xb8\0\x0c\xe0\x01\0\0\x07\x01\x0e\
\x02\x06\x07\x04\x0d\xd8\x01\0\0\x0e\xf0\x01\0\0\x05\0\x0f\x14\x08\x07\x0d\xd8\
\x01\0\0\x0e\xf0\x01\0\0\x04\0\x05\x05\x02\0\0\x08\x39\x38\x01\xd8\x88\x09\x23\
\xd9\x02\0\0\x01\xd9\x88\0\x09\x26\xd9\x02\0\0\x01\xda\x88\x02\x09\x27\xd9\x02\
\0\0\x01\xdb\x88\x04\x09\x28\xe5\x02\0\0\x01\xdc\x88\x06\x09\x2b\xe5\x02\0\0\
\x01\xdd\x88\x07\x09\x2c\xe5\x02\0\0\x01\xde\x88\x08\x09\x2d\xe5\x02\0\0\x01\
\xdf\x88\x09\x09\x2e\xf1\x02\0\0\x01\xe0\x88\x0a\x09\x30\xf1\x02\0\0\x01\xe1\
\x88\x0c\x09\x31\xf1\x02\0\0\x01\xe2\x88\x0e\x0a\x78\x02\0\0\x01\xe3\x88\x10\
\x0b\x20\x01\xe3\x88\x0a\x86\x02\0\0\x01\xe4\x88\0\x10\x08\x01\xe4\x88\x09\x32\
\xfa\x02\0\0\x01\xe5\x88\0\x09\x34\xfa\x02\0\0\x01\xe6\x88\x04\0\x0a\xa9\x02\0\
\0\x01\xe8\x88\0\x10\x20\x01\xe8\x88\x09\x35\xf4\x01\0\0\x01\xe9\x88\0\x09\x36\
\xf4\x01\0\0\x01\xea\x88\x10\0\0\x09\x37\xd8\x01\0\0\x01\xed\x88\x30\x09\x38\
\xfa\x02\0\0\x01\xee\x88\x34\0\x0c\xe1\x02\0\0\x25\x01\x0a\x02\x24\x07\x02\x0c\
\xed\x02\0\0\x2a\x01\x08\x02\x29\x08\x01\x11\xd9\x02\0\0\x2f\x01\x10\x18\x11\
\xd8\x01\0\0\x33\x01\x12\x18\x0c\x0b\x03\0\0\x3c\x01\x12\x02\x3b\x07\x08\x05\
\x14\x03\0\0\x08\x4c\x50\x01\xf1\x88\x09\x40\xd8\x01\0\0\x01\xf2\x88\0\x09\x1a\
\xd8\x01\0\0\x01\xf3\x88\x04\x09\x41\xd8\x01\0\0\x01\xf4\x88\x08\x09\x0b\xd8\
\x01\0\0\x01\xf5\x88\x0c\x09\x09\xd8\x01\0\0\x01\xf6\x88\x10\x09\x0f\xd8\x01\0\
\0\x01\xf7\x88\x14\x09\x42\xd8\x01\0\0\x01\xf8\x88\x18\x09\x43\xf4\x01\0\0\x01\
\xf9\x88\x1c\x09\x44\xd8\x01\0\0\x01\xfa\x88\x2c\x09\x45\xf1\x02\0\0\x01\xfb\
\x88\x30\x09\x46\xd8\x01\0\0\x01\xfc\x88\x34\x09\x47\xf4\x01\0\0\x01\xfd\x88\
\x38\x09\x48\xd8\x01\0\0\x01\xfe\x88\x48\x09\x49\xa7\x03\0\0\x01\xff\x88\x4c\0\
\x0c\xaf\x03\0\0\x4b\x01\x0c\x02\x4a\x05\x04\x12\x12\0\x0f\0\0\x01\x5a\xde\0\
\xaa\xaf\x03\0\0\x13\x51\x8d\x06\0\0\0\xb9\x02\xa1\0\x13\x51\xca\x06\0\0\0\xfb\
\x02\xa1\x01\x14\x51\x74\x08\0\0\0\x14\x01\x02\xa1\x02\x14\x51\x80\x08\0\0\0\
\x17\x01\x02\xa1\x03\x14\x51\xe0\x08\0\0\0\x4b\x01\x02\xa1\x04\x14\x51\x14\x09\
\0\0\0\x4e\x01\x02\xa1\x05\x14\x51\xb4\x09\0\0\0\xbe\x01\x02\xa1\x06\x14\x51\
\xf2\x09\0\0\0\xc7\x01\x02\xa1\x07\x14\x51\x07\x0a\0\0\0\xcd\x01\x02\xa1\x08\
\x14\x51\x13\x0a\0\0\0\xd2\x01\x02\xa1\x09\x14\x51\x1f\x0a\0\0\0\xd9\x01\x02\
\xa1\x0a\x14\x51\x2b\x0a\0\0\0\xdf\x01\x02\xa1\x0b\x14\x51\x13\x0a\0\0\0\xed\
\x01\x02\xa1\x0c\x15\0\xe4\0\xaa\x5a\0\0\0\x16\x03\x91\xf8\0\xdf\0\xff\x09\x07\
\0\0\x17\x03\x91\xe8\0\xe0\0\x26\x01\xab\x0a\0\0\x17\x03\x91\xd8\0\xe1\0\x2d\
\x01\xab\x0a\0\0\x17\x03\x91\xd0\0\xe2\0\x45\x01\xda\x0a\0\0\x18\x01\xd2\0\xc4\
\xc7\x0e\0\0\x18\x02\xd7\0\xc9\xdd\x0c\0\0\x18\x05\xda\0\xdb\xa8\x0d\0\0\x18\
\x06\xe5\0\xe3\xaf\x03\0\0\x18\x07\xe6\0\xf0\xd9\x02\0\0\x18\x08\xe7\0\xf5\xd8\
\x01\0\0\x19\x0a\xe8\0\x0d\x01\xd8\x01\0\0\x19\x0b\xe9\0\x0c\x01\xd8\x01\0\0\
\x19\x0c\xea\0\x0a\x01\x56\0\0\0\x19\x0d\xeb\0\x19\x01\xd8\x01\0\0\x19\x0e\xec\
\0\x3f\x01\xd8\x01\0\0\x19\x0f\xed\0\x3c\x01\xfa\x02\0\0\x19\x10\xee\0\x3b\x01\
\xfa\x02\0\0\x19\x11\xef\0\x40\x01\xd5\x0a\0\0\x1a\x17\0\xbd\x03\x07\0\0\x1a\
\x18\0\xbe\x03\x07\0\0\x1a\xf8\0\xc1\xd8\x01\0\0\x1a\xf9\0\xd6\xaf\x03\0\0\x1b\
\xfa\0\x34\x01\xab\x0a\0\0\x1c\x85\x0e\0\0\x13\x60\0\0\0\0\xce\x0a\x1d\x01\x57\
\x8d\x0e\0\0\x1e\x9d\x0e\0\0\x1f\x03\xa5\x0e\0\0\0\x1c\xfd\x0e\0\0\x14\x28\0\0\
\0\0\xd7\x0a\x20\x04\x05\x0f\0\0\0\x1c\xfd\x0e\0\0\x15\x18\0\0\0\0\xe4\x0a\x1d\
\x01\x55\x05\x0f\0\0\0\x21\x1e\x0f\0\0\0\0\xf8\x09\x1d\x01\x55\x26\x0f\0\0\x20\
\x09\x2e\x0f\0\0\0\x22\x01\x19\x13\xf0\0\x76\x01\xd9\x02\0\0\x19\x14\xf1\0\x7b\
\x01\xd8\x01\0\0\x19\x15\x7a\0\x82\x01\x65\x0b\0\0\x19\x16\xf2\0\x97\x01\x9a\
\x09\0\0\x19\x17\xf3\0\xb3\x01\xfa\x02\0\0\x19\x18\xf4\0\xb4\x01\x9a\x09\0\0\
\x19\x19\xf5\0\xd6\x01\x37\x0f\0\0\x19\x1a\xf7\0\xd7\x01\x37\x0f\0\0\x1b\xfb\0\
\x57\x01\xd8\x01\0\0\x1b\xe9\0\x98\x01\xd8\x01\0\0\x23\xfd\x0e\0\0\x16\x08\0\0\
\0\0\x65\x01\x0e\x24\xfd\x0e\0\0\x17\x10\0\0\0\0\x6f\x01\x0e\x1d\x01\x58\x05\
\x0f\0\0\x1d\x0d\x73\0\xa8\xab\x80\x80\0\xa8\xaf\x80\x80\0\x9f\x15\x0f\0\0\0\
\x25\x18\x80\0\0\0\x17\x03\x91\xc8\0\xe3\0\x88\x01\x6a\x0b\0\0\0\x25\x19\x78\0\
\0\0\x17\x03\x91\xc8\0\xe3\0\x8e\x01\x6a\x0b\0\0\0\0\x25\x1a\x10\x01\0\0\x19\
\x12\x7a\0\xe2\x01\x65\x0b\0\0\x22\x02\x17\x03\x91\xc8\0\xe3\0\xe7\x01\x6a\x0b\
\0\0\0\0\0\x0d\x99\x06\0\0\x0e\xf0\x01\0\0\x2b\0\x04\x9e\x06\0\0\x02\x52\x06\
\x01\x26\x53\xaa\x06\0\0\x02\xb1\x04\xaf\x06\0\0\x05\xb4\x06\0\0\x06\x56\0\0\0\
\x07\xc5\x06\0\0\x07\xd8\x01\0\0\x27\0\x05\x99\x06\0\0\x0d\x99\x06\0\0\x0e\xf0\
\x01\0\0\x1e\0\x03\x54\xdf\x06\0\0\x02\x4b\x07\x04\xe4\x06\0\0\x05\xe9\x06\0\0\
\x06\x56\0\0\0\x07\x03\x07\0\0\x07\x04\x07\0\0\x07\xaf\x03\0\0\x07\xd8\x01\0\0\
\0\x28\x05\x09\x07\0\0\x29\x54\x40\x01\xc2\x05\x02\0\x2a\x1a\xe5\x02\0\0\x01\
\xc3\x05\x02\0\0\x2a\x55\xe5\x02\0\0\x01\xc4\x05\x02\0\x01\x2a\x30\xf1\x02\0\0\
\x01\xc5\x05\x02\0\x02\x2a\x31\xf1\x02\0\0\x01\xc6\x05\x02\0\x04\x2b\x4c\x07\0\
\0\x01\xc7\x05\x02\0\x06\x2c\x02\x01\xc7\x05\x02\0\x2a\x56\xd9\x02\0\0\x01\xc8\
\x05\x02\0\0\x2a\x57\xd9\x02\0\0\x01\xc9\x05\x02\0\0\0\x2a\x11\xd8\x01\0\0\x01\
\xcb\x05\x02\0\x08\x2b\x83\x07\0\0\x01\xcc\x05\x02\0\x0c\x2c\x04\x01\xcc\x05\
\x02\0\x2a\x58\xe5\x02\0\0\x01\xcd\x05\x02\0\0\x2a\x59\xfa\x02\0\0\x01\xce\x05\
\x02\0\0\x2a\x5a\xd8\x01\0\0\x01\xcf\x05\x02\0\0\0\x2b\xba\x07\0\0\x01\xd1\x05\
\x02\0\x10\x2c\x10\x01\xd1\x05\x02\0\x2a\x32\xfa\x02\0\0\x01\xd2\x05\x02\0\0\
\x2a\x35\xf4\x01\0\0\x01\xd3\x05\x02\0\0\0\x2b\xe5\x07\0\0\x01\xd5\x05\x02\0\
\x20\x2c\x10\x01\xd5\x05\x02\0\x2a\x34\xfa\x02\0\0\x01\xd6\x05\x02\0\0\x2a\x36\
\xf4\x01\0\0\x01\xd7\x05\x02\0\0\0\x2b\x10\x08\0\0\x01\xd9\x05\x02\0\x30\x2c\
\x04\x01\xd9\x05\x02\0\x2b\x22\x08\0\0\x01\xda\x05\x02\0\0\x2d\x04\x01\xda\x05\
\x02\0\x2a\x5b\xf1\x02\0\0\x01\xdb\x05\x02\0\0\x2a\x5c\xf1\x02\0\0\x01\xdc\x05\
\x02\0\x02\0\x2a\x5d\xd8\x01\0\0\x01\xde\x05\x02\0\0\0\x2a\x5e\x68\x08\0\0\x01\
\xe0\x05\x02\0\x34\x2a\x5f\x68\x08\0\0\x01\xe1\x05\x02\0\x3a\0\x0d\xe5\x02\0\0\
\x0e\xf0\x01\0\0\x06\0\x0d\x99\x06\0\0\x0e\xf0\x01\0\0\x2a\0\x0d\x99\x06\0\0\
\x0e\xf0\x01\0\0\x14\0\x26\x60\x94\x08\0\0\x02\x38\x04\x99\x08\0\0\x05\x9e\x08\
\0\0\x06\x03\x07\0\0\x07\x03\x07\0\0\x07\xae\x08\0\0\0\x05\xb3\x08\0\0\x2e\x26\
\x61\xbc\x08\0\0\x02\x4e\x04\xc1\x08\0\0\x05\xc6\x08\0\0\x06\x56\0\0\0\x07\x03\
\x07\0\0\x07\xae\x08\0\0\x07\xae\x08\0\0\x07\x03\x03\0\0\0\x0d\x99\x06\0\0\x0e\
\xf0\x01\0\0\x32\0\x03\x62\xf5\x08\0\0\x02\xee\x03\x04\xfa\x08\0\0\x05\xff\x08\
\0\0\x06\x56\0\0\0\x07\x5a\0\0\0\x07\xd8\x01\0\0\x07\x03\x03\0\0\0\x0d\x99\x06\
\0\0\x0e\xf0\x01\0\0\x29\0\x26\x63\x28\x09\0\0\x02\xc1\x04\x2d\x09\0\0\x05\x32\
\x09\0\0\x2f\xd8\x01\0\0\x26\x64\x3f\x09\0\0\x02\xe3\x04\x44\x09\0\0\x05\x49\
\x09\0\0\x06\x56\0\0\0\x07\x5a\0\0\0\x07\xd8\x01\0\0\x07\xae\x08\0\0\x07\xd8\
\x01\0\0\x07\x03\x03\0\0\0\x03\x65\x71\x09\0\0\x02\x1c\x03\x04\x76\x09\0\0\x05\
\x7b\x09\0\0\x06\x9a\x09\0\0\x07\xa6\x09\0\0\x07\xd8\x01\0\0\x07\xa6\x09\0\0\
\x07\xd8\x01\0\0\x07\xab\x09\0\0\0\x0c\xa2\x09\0\0\x67\x01\x10\x02\x66\x05\x08\
\x05\xfa\x02\0\0\x11\xd8\x01\0\0\x68\x01\x14\x18\x0d\x99\x06\0\0\x0e\xf0\x01\0\
\0\x1f\0\x03\x69\xc9\x09\0\0\x02\0\x01\x04\xce\x09\0\0\x05\xd3\x09\0\0\x06\x56\
\0\0\0\x07\x5a\0\0\0\x07\xd8\x01\0\0\x07\x03\x03\0\0\x07\x03\x03\0\0\x07\x03\
\x03\0\0\0\x0d\x99\x06\0\0\x0e\xf0\x01\0\0\x31\0\x03\x6a\xc9\x09\0\0\x02\x24\
\x01\x0d\x99\x06\0\0\x0e\xf0\x01\0\0\x36\0\x0d\x99\x06\0\0\x0e\xf0\x01\0\0\x37\
\0\x0d\x99\x06\0\0\x0e\xf0\x01\0\0\x35\0\x0d\x99\x06\0\0\x0e\xf0\x01\0\0\x26\0\
\x30\x6b\x43\x0a\0\0\0\xf9\x01\x02\xa1\x0d\x0d\x9e\x06\0\0\x0e\xf0\x01\0\0\x04\
\0\x31\x6c\x5a\x0a\0\0\0\x30\x02\xa1\x0e\x32\x20\0\x2b\x33\x41\x83\x0a\0\0\0\
\x2c\0\x33\x6d\x94\x0a\0\0\0\x2d\x08\x33\x6e\xa6\x0a\0\0\0\x2e\x10\x33\x72\xd5\
\x0a\0\0\0\x2f\x18\0\x05\x88\x0a\0\0\x0d\xaf\x03\0\0\x0e\xf0\x01\0\0\x09\0\x05\
\x99\x0a\0\0\x0d\xaf\x03\0\0\x34\xf0\x01\0\0\0\x20\0\x05\xab\x0a\0\0\x35\x71\
\x0c\0\x20\x33\x6f\xfa\x02\0\0\0\x22\0\x33\x70\xfa\x02\0\0\0\x22\x04\x33\x30\
\xf1\x02\0\0\0\x23\x08\x33\x31\xf1\x02\0\0\0\x23\x0a\0\x05\xda\x0a\0\0\x35\x74\
\x04\0\x27\x33\x73\xfa\x02\0\0\0\x29\0\0\x31\x75\xf4\x0a\0\0\0\x3b\x02\xa1\x0f\
\x32\x20\0\x36\x33\x41\x83\x0a\0\0\0\x37\0\x33\x6d\x94\x0a\0\0\0\x38\x08\x33\
\x6e\xa6\x0a\0\0\0\x39\x10\x33\x72\x1d\x0b\0\0\0\x3a\x18\0\x05\x22\x0b\0\0\x35\
\x77\x04\0\x33\x33\x76\xfa\x02\0\0\0\x34\0\0\x31\x78\x3c\x0b\0\0\0\x46\x02\xa1\
\x10\x32\x20\0\x41\x33\x41\x83\x0a\0\0\0\x42\0\x33\x6d\x94\x0a\0\0\0\x43\x08\
\x33\x6e\xa6\x0a\0\0\0\x44\x10\x33\x72\x65\x0b\0\0\0\x45\x18\0\x05\x6a\x0b\0\0\
\x35\x7a\x04\0\x3e\x33\x79\xfa\x02\0\0\0\x3f\0\0\x31\x7b\x84\x0b\0\0\0\x66\x02\
\xa1\x11\x32\x20\0\x61\x33\x41\xad\x0b\0\0\0\x62\0\x33\x6e\xbe\x0b\0\0\0\x63\
\x08\x33\x72\xc3\x0b\0\0\0\x64\x10\x33\x6d\xe5\x0b\0\0\0\x65\x18\0\x05\xb2\x0b\
\0\0\x0d\xaf\x03\0\0\x0e\xf0\x01\0\0\x02\0\x05\xd8\x01\0\0\x05\xc8\x0b\0\0\x36\
\x7d\xdc\x05\0\x5e\x33\x7c\xd8\x0b\0\0\0\x5f\0\0\x0d\xe5\x02\0\0\x34\xf0\x01\0\
\0\xdc\x05\0\x05\xea\x0b\0\0\x0d\xaf\x03\0\0\x0e\xf0\x01\0\0\x01\0\x37\xe0\x01\
\0\0\x04\x01\xe1\x69\x38\x7e\0\x38\x7f\x01\x38\x80\x02\x38\x81\x04\x38\x82\x06\
\x38\x83\x08\x38\x84\x0c\x38\x85\x11\x38\x86\x16\x38\x87\x1d\x38\x88\x21\x38\
\x89\x29\x38\x8a\x2e\x38\x8b\x2f\x38\x8c\x32\x38\x8d\x33\x38\x8e\x5c\x38\x8f\
\x5e\x38\x90\x62\x38\x91\x67\x38\x92\x6c\x38\x93\x73\x38\x94\x84\x01\x38\x95\
\x88\x01\x38\x96\x89\x01\x38\x97\x8f\x01\x38\x98\xff\x01\x38\x99\x86\x02\x38\
\x9a\x87\x02\0\x39\xe0\x01\0\0\x04\x01\xad\x05\x02\0\x38\x9b\x01\x38\x9c\x02\
\x38\x9d\x04\x38\x9e\x08\x38\x9f\x10\0\x39\xe0\x01\0\0\x04\x01\xb5\x05\x02\0\
\x38\xa0\0\x38\xa1\x01\x38\xa2\x02\x38\xa3\x03\x38\xa4\x04\x38\xa5\x05\x38\xa6\
\x06\x38\xa7\x07\x38\xa8\x08\x38\xa9\x09\0\x37\xe0\x01\0\0\x04\x01\x56\x88\x38\
\xaa\0\x38\xab\x01\x38\xac\x02\x38\xad\x04\0\x39\xe0\x01\0\0\x04\x01\x08\x05\
\x02\0\x38\xae\x10\x38\xaf\x20\x38\xb0\x40\0\x3a\xe0\x01\0\0\x04\x01\x20\x38\
\xb1\0\x38\xb2\x01\0\x05\xe2\x0c\0\0\x08\xbb\x14\x01\x4c\xb6\x3b\xb3\xe5\x02\0\
\0\x01\x4d\xb6\x01\x04\x04\0\x3b\xb4\xe5\x02\0\0\x01\x4e\xb6\x01\x04\0\0\x09\
\x58\xe5\x02\0\0\x01\x4f\xb6\x01\x09\x56\xf1\x02\0\0\x01\x50\xb6\x02\x09\xb5\
\xf1\x02\0\0\x01\x51\xb6\x04\x09\xb6\xf1\x02\0\0\x01\x52\xb6\x06\x09\xb7\xe5\
\x02\0\0\x01\x53\xb6\x08\x09\x0b\xe5\x02\0\0\x01\x54\xb6\x09\x09\xb8\x9f\x0d\0\
\0\x01\x55\xb6\x0a\x0a\x51\x0d\0\0\x01\x56\xb6\x0c\x0b\x08\x01\x56\xb6\x0a\x5f\
\x0d\0\0\x01\x57\xb6\0\x10\x08\x01\x57\xb6\x09\x6f\xfa\x02\0\0\x01\x58\xb6\0\
\x09\x70\xfa\x02\0\0\x01\x59\xb6\x04\0\x09\xba\x83\x0d\0\0\x01\x5e\xb6\0\x10\
\x08\x01\x5b\xb6\x09\x6f\xfa\x02\0\0\x01\x5c\xb6\0\x09\x70\xfa\x02\0\0\x01\x5d\
\xb6\x04\0\0\0\x11\xd9\x02\0\0\xb9\x01\xd2\xb1\x05\xad\x0d\0\0\x08\xcc\x14\x01\
\x38\xb6\x09\xbc\xf1\x02\0\0\x01\x39\xb6\0\x09\xbd\xf1\x02\0\0\x01\x3a\xb6\x02\
\x09\xbe\xfa\x02\0\0\x01\x3b\xb6\x04\x09\xbf\xfa\x02\0\0\x01\x3c\xb6\x08\x3b\
\xc0\xd9\x02\0\0\x01\x3d\xb6\x02\x04\x0c\x0c\x3b\xc1\xd9\x02\0\0\x01\x3e\xb6\
\x02\x04\x08\x0c\x3b\xc2\xd9\x02\0\0\x01\x3f\xb6\x02\x01\x07\x0c\x3b\xc3\xd9\
\x02\0\0\x01\x40\xb6\x02\x01\x06\x0c\x3b\xc4\xd9\x02\0\0\x01\x41\xb6\x02\x01\
\x05\x0c\x3b\xc5\xd9\x02\0\0\x01\x42\xb6\x02\x01\x04\x0c\x3b\xc6\xd9\x02\0\0\
\x01\x43\xb6\x02\x01\x03\x0c\x3b\xc7\xd9\x02\0\0\x01\x44\xb6\x02\x01\x02\x0c\
\x3b\xc8\xd9\x02\0\0\x01\x45\xb6\x02\x01\x01\x0c\x3b\xc9\xd9\x02\0\0\x01\x46\
\xb6\x02\x01\0\x0c\x09\xca\xf1\x02\0\0\x01\x47\xb6\x0e\x09\xb8\x9f\x0d\0\0\x01\
\x48\xb6\x10\x09\xcb\xf1\x02\0\0\x01\x49\xb6\x12\0\x02\xcd\x07\x08\x05\xe5\x02\
\0\0\x3c\xce\0\x6e\xb6\x0e\0\0\x3d\x17\0\x6e\x03\x07\0\0\x3d\x18\0\x6e\x03\x07\
\0\0\x1a\xd1\0\x70\xc2\x0e\0\0\x1a\xd2\0\x74\xc7\x0e\0\0\x1a\xd7\0\x79\xdd\x0c\
\0\0\0\x0c\xbe\x0e\0\0\xd0\x01\x35\x02\xcf\x02\x01\x04\xd8\x01\0\0\x05\xcc\x0e\
\0\0\x08\xd6\x0e\x01\x47\xb4\x09\xd3\xf1\x0e\0\0\x01\x48\xb4\0\x09\xd4\xf1\x0e\
\0\0\x01\x49\xb4\x06\x09\xd5\xf1\x02\0\0\x01\x4a\xb4\x0c\0\x0d\xed\x02\0\0\x0e\
\xf0\x01\0\0\x06\0\x3c\xd8\0\x69\xb6\x0e\0\0\x3d\x17\0\x69\x03\x07\0\0\x3d\x18\
\0\x69\x03\x07\0\0\x3d\xd1\0\x69\xd8\x01\0\0\0\x3c\xd9\0\x83\xb6\x0e\0\0\x3d\
\xda\0\x83\xa8\x0d\0\0\x3d\xdb\0\x83\xd8\x01\0\0\0\x0c\xd9\x02\0\0\xf6\x01\x16\
\0\x3a\0\0\0\x05\0\x08\0\x03\0\0\0\x0c\0\0\0\x17\0\0\0\x27\0\0\0\x04\xc8\x05\
\xe8\x06\x04\x80\x07\x80\x08\0\x04\x80\x10\x80\x11\x04\xb0\x13\x90\x19\x04\x98\
\x19\xf0\x1d\0\x04\xd0\x11\x88\x12\x04\xa0\x12\x90\x13\0\xf4\x03\0\0\x05\0\0\0\
\0\0\0\0\x27\0\0\0\x37\0\0\0\x6a\0\0\0\x7c\0\0\0\x81\0\0\0\x85\0\0\0\x92\0\0\0\
\x98\0\0\0\xa1\0\0\0\xa6\0\0\0\xb4\0\0\0\xbd\0\0\0\xca\0\0\0\xd3\0\0\0\xde\0\0\
\0\xe7\0\0\0\xf7\0\0\0\xff\0\0\0\x08\x01\0\0\x0b\x01\0\0\x1f\x01\0\0\x24\x01\0\
\0\x2f\x01\0\0\x34\x01\0\0\x3d\x01\0\0\x45\x01\0\0\x4c\x01\0\0\x57\x01\0\0\x61\
\x01\0\0\x6c\x01\0\0\x76\x01\0\0\x82\x01\0\0\x8d\x01\0\0\x97\x01\0\0\xa1\x01\0\
\0\xa7\x01\0\0\xb6\x01\0\0\xbc\x01\0\0\xc2\x01\0\0\xcd\x01\0\0\xd5\x01\0\0\xe3\
\x01\0\0\xe8\x01\0\0\xf6\x01\0\0\xff\x01\0\0\x08\x02\0\0\x10\x02\0\0\x17\x02\0\
\0\x1d\x02\0\0\x23\x02\0\0\x2c\x02\0\0\x33\x02\0\0\x3c\x02\0\0\x45\x02\0\0\x4e\
\x02\0\0\x54\x02\0\0\x5f\x02\0\0\x6d\x02\0\0\x74\x02\0\0\x87\x02\0\0\x8d\x02\0\
\0\x96\x02\0\0\x9f\x02\0\0\xa2\x02\0\0\xaf\x02\0\0\xb4\x02\0\0\xbc\x02\0\0\xc4\
\x02\0\0\xcd\x02\0\0\xd6\x02\0\0\xde\x02\0\0\xe6\x02\0\0\xec\x02\0\0\xfd\x02\0\
\0\x01\x03\0\0\x07\x03\0\0\x10\x03\0\0\x19\x03\0\0\x25\x03\0\0\x2e\x03\0\0\x38\
\x03\0\0\x40\x03\0\0\x45\x03\0\0\x56\x03\0\0\x65\x03\0\0\x71\x03\0\0\x79\x03\0\
\0\x84\x03\0\0\x88\x03\0\0\x91\x03\0\0\x9b\x03\0\0\xa8\x03\0\0\xb3\x03\0\0\xb8\
\x03\0\0\xbd\x03\0\0\xc2\x03\0\0\xd6\x03\0\0\xea\x03\0\0\xfe\x03\0\0\x12\x04\0\
\0\x26\x04\0\0\x34\x04\0\0\x3e\x04\0\0\x44\x04\0\0\x4b\x04\0\0\x5f\x04\0\0\x73\
\x04\0\0\x7d\x04\0\0\x8d\x04\0\0\x99\x04\0\0\x9d\x04\0\0\xa3\x04\0\0\xa9\x04\0\
\0\xae\x04\0\0\xb4\x04\0\0\xc0\x04\0\0\xd1\x04\0\0\xe0\x04\0\0\xeb\x04\0\0\xfb\
\x04\0\0\x0a\x05\0\0\x15\x05\0\0\x25\x05\0\0\x33\x05\0\0\x39\x05\0\0\x48\x05\0\
\0\x53\x05\0\0\x60\x05\0\0\x6d\x05\0\0\x7a\x05\0\0\x86\x05\0\0\x92\x05\0\0\x9e\
\x05\0\0\xaa\x05\0\0\xb6\x05\0\0\xc1\x05\0\0\xce\x05\0\0\xdb\x05\0\0\xe8\x05\0\
\0\xf4\x05\0\0\0\x06\0\0\x0b\x06\0\0\x17\x06\0\0\x26\x06\0\0\x34\x06\0\0\x40\
\x06\0\0\x4d\x06\0\0\x5a\x06\0\0\x67\x06\0\0\x77\x06\0\0\x84\x06\0\0\x95\x06\0\
\0\xa1\x06\0\0\xaf\x06\0\0\xbb\x06\0\0\xd1\x06\0\0\xe7\x06\0\0\x01\x07\0\0\x15\
\x07\0\0\x28\x07\0\0\x41\x07\0\0\x5c\x07\0\0\x79\x07\0\0\x93\x07\0\0\xae\x07\0\
\0\xcc\x07\0\0\xe8\x07\0\0\x02\x08\0\0\x1f\x08\0\0\x3c\x08\0\0\x44\x08\0\0\x50\
\x08\0\0\x5a\x08\0\0\x65\x08\0\0\x76\x08\0\0\x8b\x08\0\0\x9e\x08\0\0\xa4\x08\0\
\0\xa9\x08\0\0\xad\x08\0\0\xb5\x08\0\0\xb8\x08\0\0\xc1\x08\0\0\xc5\x08\0\0\xcb\
\x08\0\0\xd3\x08\0\0\xd9\x08\0\0\xdf\x08\0\0\xe6\x08\0\0\xeb\x08\0\0\xef\x08\0\
\0\xf7\x08\0\0\xfc\x08\0\0\x01\x09\0\0\x05\x09\0\0\x09\x09\0\0\x0d\x09\0\0\x11\
\x09\0\0\x15\x09\0\0\x19\x09\0\0\x1d\x09\0\0\x21\x09\0\0\x28\x09\0\0\x30\x09\0\
\0\x37\x09\0\0\x45\x09\0\0\x51\x09\0\0\x57\x09\0\0\x5c\x09\0\0\x61\x09\0\0\x65\
\x09\0\0\x6c\x09\0\0\x75\x09\0\0\x7d\x09\0\0\x84\x09\0\0\x87\x09\0\0\x98\x09\0\
\0\xa2\x09\0\0\xa6\x09\0\0\xb2\x09\0\0\xc5\x09\0\0\xd8\x09\0\0\xe2\x09\0\0\xe6\
\x09\0\0\xf6\x09\0\0\x05\x0a\0\0\x15\x0a\0\0\x21\x0a\0\0\x25\x0a\0\0\x2c\x0a\0\
\0\x33\x0a\0\0\x43\x0a\0\0\x4b\x0a\0\0\x55\x0a\0\0\x59\x0a\0\0\x5f\x0a\0\0\x75\
\x0a\0\0\x88\x0a\0\0\x95\x0a\0\0\xa3\x0a\0\0\xae\x0a\0\0\xc2\x0a\0\0\xcb\x0a\0\
\0\xd8\x0a\0\0\xdb\x0a\0\0\xe7\x0a\0\0\xeb\x0a\0\0\xf7\x0a\0\0\x04\x0b\0\0\x0a\
\x0b\0\0\x19\x0b\0\0\x55\x62\x75\x6e\x74\x75\x20\x63\x6c\x61\x6e\x67\x20\x76\
\x65\x72\x73\x69\x6f\x6e\x20\x31\x34\x2e\x30\x2e\x30\x2d\x31\x75\x62\x75\x6e\
\x74\x75\x31\x2e\x31\0\x74\x63\x5f\x65\x67\x72\x65\x73\x73\x2e\x62\x70\x66\x2e\
\x63\0\x2f\x68\x6f\x6d\x65\x2f\x75\x73\x65\x72\x2f\x44\x65\x73\x6b\x74\x6f\x70\
\x2f\x65\x42\x50\x46\x5f\x43\x6f\x64\x65\x2f\x73\x72\x63\x2f\x65\x6e\x74\x72\
\x6f\x70\x79\x2f\x73\x69\x7a\x65\x2f\x6d\x61\x69\x6e\0\x62\x70\x66\x5f\x73\x6b\
\x62\x5f\x70\x75\x6c\x6c\x5f\x64\x61\x74\x61\0\x6c\x6f\x6e\x67\0\x6c\x65\x6e\0\
\x75\x6e\x73\x69\x67\x6e\x65\x64\x20\x69\x6e\x74\0\x5f\x5f\x75\x33\x32\0\x70\
\x6b\x74\x5f\x74\x79\x70\x65\0\x6d\x61\x72\x6b\0\x71\x75\x65\x75\x65\x5f\x6d\
\x61\x70\x70\x69\x6e\x67\0\x70\x72\x6f\x74\x6f\x63\x6f\x6c\0\x76\x6c\x61\x6e\
\x5f\x70\x72\x65\x73\x65\x6e\x74\0\x76\x6c\x61\x6e\x5f\x74\x63\x69\0\x76\x6c\
\x61\x6e\x5f\x70\x72\x6f\x74\x6f\0\x70\x72\x69\x6f\x72\x69\x74\x79\0\x69\x6e\
\x67\x72\x65\x73\x73\x5f\x69\x66\x69\x6e\x64\x65\x78\0\x69\x66\x69\x6e\x64\x65\
\x78\0\x74\x63\x5f\x69\x6e\x64\x65\x78\0\x63\x62\0\x5f\x5f\x41\x52\x52\x41\x59\
\x5f\x53\x49\x5a\x45\x5f\x54\x59\x50\x45\x5f\x5f\0\x68\x61\x73\x68\0\x74\x63\
\x5f\x63\x6c\x61\x73\x73\x69\x64\0\x64\x61\x74\x61\0\x64\x61\x74\x61\x5f\x65\
\x6e\x64\0\x6e\x61\x70\x69\x5f\x69\x64\0\x66\x61\x6d\x69\x6c\x79\0\x72\x65\x6d\
\x6f\x74\x65\x5f\x69\x70\x34\0\x6c\x6f\x63\x61\x6c\x5f\x69\x70\x34\0\x72\x65\
\x6d\x6f\x74\x65\x5f\x69\x70\x36\0\x6c\x6f\x63\x61\x6c\x5f\x69\x70\x36\0\x72\
\x65\x6d\x6f\x74\x65\x5f\x70\x6f\x72\x74\0\x6c\x6f\x63\x61\x6c\x5f\x70\x6f\x72\
\x74\0\x64\x61\x74\x61\x5f\x6d\x65\x74\x61\0\x66\x6c\x6f\x77\x5f\x6b\x65\x79\
\x73\0\x6e\x68\x6f\x66\x66\0\x75\x6e\x73\x69\x67\x6e\x65\x64\x20\x73\x68\x6f\
\x72\x74\0\x5f\x5f\x75\x31\x36\0\x74\x68\x6f\x66\x66\0\x61\x64\x64\x72\x5f\x70\
\x72\x6f\x74\x6f\0\x69\x73\x5f\x66\x72\x61\x67\0\x75\x6e\x73\x69\x67\x6e\x65\
\x64\x20\x63\x68\x61\x72\0\x5f\x5f\x75\x38\0\x69\x73\x5f\x66\x69\x72\x73\x74\
\x5f\x66\x72\x61\x67\0\x69\x73\x5f\x65\x6e\x63\x61\x70\0\x69\x70\x5f\x70\x72\
\x6f\x74\x6f\0\x6e\x5f\x70\x72\x6f\x74\x6f\0\x5f\x5f\x62\x65\x31\x36\0\x73\x70\
\x6f\x72\x74\0\x64\x70\x6f\x72\x74\0\x69\x70\x76\x34\x5f\x73\x72\x63\0\x5f\x5f\
\x62\x65\x33\x32\0\x69\x70\x76\x34\x5f\x64\x73\x74\0\x69\x70\x76\x36\x5f\x73\
\x72\x63\0\x69\x70\x76\x36\x5f\x64\x73\x74\0\x66\x6c\x61\x67\x73\0\x66\x6c\x6f\
\x77\x5f\x6c\x61\x62\x65\x6c\0\x62\x70\x66\x5f\x66\x6c\x6f\x77\x5f\x6b\x65\x79\
\x73\0\x74\x73\x74\x61\x6d\x70\0\x75\x6e\x73\x69\x67\x6e\x65\x64\x20\x6c\x6f\
\x6e\x67\x20\x6c\x6f\x6e\x67\0\x5f\x5f\x75\x36\x34\0\x77\x69\x72\x65\x5f\x6c\
\x65\x6e\0\x67\x73\x6f\x5f\x73\x65\x67\x73\0\x73\x6b\0\x62\x6f\x75\x6e\x64\x5f\
\x64\x65\x76\x5f\x69\x66\0\x74\x79\x70\x65\0\x73\x72\x63\x5f\x69\x70\x34\0\x73\
\x72\x63\x5f\x69\x70\x36\0\x73\x72\x63\x5f\x70\x6f\x72\x74\0\x64\x73\x74\x5f\
\x70\x6f\x72\x74\0\x64\x73\x74\x5f\x69\x70\x34\0\x64\x73\x74\x5f\x69\x70\x36\0\
\x73\x74\x61\x74\x65\0\x72\x78\x5f\x71\x75\x65\x75\x65\x5f\x6d\x61\x70\x70\x69\
\x6e\x67\0\x69\x6e\x74\0\x5f\x5f\x73\x33\x32\0\x62\x70\x66\x5f\x73\x6f\x63\x6b\
\0\x67\x73\x6f\x5f\x73\x69\x7a\x65\0\x74\x73\x74\x61\x6d\x70\x5f\x74\x79\x70\
\x65\0\x68\x77\x74\x73\x74\x61\x6d\x70\0\x5f\x5f\x73\x6b\x5f\x62\x75\x66\x66\0\
\x5f\x5f\x5f\x5f\x66\x6d\x74\0\x63\x68\x61\x72\0\x62\x70\x66\x5f\x74\x72\x61\
\x63\x65\x5f\x70\x72\x69\x6e\x74\x6b\0\x62\x70\x66\x5f\x66\x69\x62\x5f\x6c\x6f\
\x6f\x6b\x75\x70\0\x6c\x34\x5f\x70\x72\x6f\x74\x6f\x63\x6f\x6c\0\x74\x6f\x74\
\x5f\x6c\x65\x6e\0\x6d\x74\x75\x5f\x72\x65\x73\x75\x6c\x74\0\x74\x6f\x73\0\x66\
\x6c\x6f\x77\x69\x6e\x66\x6f\0\x72\x74\x5f\x6d\x65\x74\x72\x69\x63\0\x68\x5f\
\x76\x6c\x61\x6e\x5f\x70\x72\x6f\x74\x6f\0\x68\x5f\x76\x6c\x61\x6e\x5f\x54\x43\
\x49\0\x74\x62\x69\x64\0\x73\x6d\x61\x63\0\x64\x6d\x61\x63\0\x62\x70\x66\x5f\
\x6d\x61\x70\x5f\x6c\x6f\x6f\x6b\x75\x70\x5f\x65\x6c\x65\x6d\0\x62\x70\x66\x5f\
\x6d\x61\x70\x5f\x75\x70\x64\x61\x74\x65\x5f\x65\x6c\x65\x6d\0\x62\x70\x66\x5f\
\x73\x6b\x62\x5f\x63\x68\x61\x6e\x67\x65\x5f\x74\x61\x69\x6c\0\x62\x70\x66\x5f\
\x67\x65\x74\x5f\x70\x72\x61\x6e\x64\x6f\x6d\x5f\x75\x33\x32\0\x62\x70\x66\x5f\
\x73\x6b\x62\x5f\x73\x74\x6f\x72\x65\x5f\x62\x79\x74\x65\x73\0\x62\x70\x66\x5f\
\x63\x73\x75\x6d\x5f\x64\x69\x66\x66\0\x6c\x6f\x6e\x67\x20\x6c\x6f\x6e\x67\0\
\x5f\x5f\x73\x36\x34\0\x5f\x5f\x77\x73\x75\x6d\0\x62\x70\x66\x5f\x6c\x33\x5f\
\x63\x73\x75\x6d\x5f\x72\x65\x70\x6c\x61\x63\x65\0\x62\x70\x66\x5f\x6c\x34\x5f\
\x63\x73\x75\x6d\x5f\x72\x65\x70\x6c\x61\x63\x65\0\x5f\x5f\x6c\x69\x63\x65\x6e\
\x73\x65\0\x61\x63\x6b\x5f\x69\x6e\x67\x72\x65\x73\x73\x5f\x66\x69\x78\0\x6d\
\x61\x78\x5f\x65\x6e\x74\x72\x69\x65\x73\0\x6b\x65\x79\0\x73\x61\x64\x64\x72\0\
\x64\x61\x64\x64\x72\0\x66\x6c\x6f\x77\0\x76\x61\x6c\x75\x65\0\x61\x63\x6b\x5f\
\x69\x6e\x67\x72\x65\x73\x73\0\x61\x63\x6b\x5f\x69\x6e\x67\x72\x65\x73\x73\x5f\
\x69\x6e\x66\x6f\0\x61\x63\x6b\x5f\x65\x67\x72\x65\x73\x73\x5f\x66\x69\x78\0\
\x61\x63\x6b\x5f\x65\x67\x72\x65\x73\x73\0\x61\x63\x6b\x5f\x65\x67\x72\x65\x73\
\x73\x5f\x69\x6e\x66\x6f\0\x73\x65\x71\x5f\x65\x67\x72\x65\x73\x73\x5f\x66\x69\
\x78\0\x73\x65\x71\x5f\x65\x67\x72\x65\x73\x73\0\x73\x65\x71\x5f\x65\x67\x72\
\x65\x73\x73\x5f\x69\x6e\x66\x6f\0\x72\x61\x6e\x64\x5f\x62\x79\x74\x65\x5f\x6d\
\x61\x70\0\x62\x79\x74\x65\x73\0\x72\x61\x6e\x64\x5f\x62\x79\x74\x65\x5f\x62\
\x75\x66\x66\0\x49\x50\x50\x52\x4f\x54\x4f\x5f\x49\x50\0\x49\x50\x50\x52\x4f\
\x54\x4f\x5f\x49\x43\x4d\x50\0\x49\x50\x50\x52\x4f\x54\x4f\x5f\x49\x47\x4d\x50\
\0\x49\x50\x50\x52\x4f\x54\x4f\x5f\x49\x50\x49\x50\0\x49\x50\x50\x52\x4f\x54\
\x4f\x5f\x54\x43\x50\0\x49\x50\x50\x52\x4f\x54\x4f\x5f\x45\x47\x50\0\x49\x50\
\x50\x52\x4f\x54\x4f\x5f\x50\x55\x50\0\x49\x50\x50\x52\x4f\x54\x4f\x5f\x55\x44\
\x50\0\x49\x50\x50\x52\x4f\x54\x4f\x5f\x49\x44\x50\0\x49\x50\x50\x52\x4f\x54\
\x4f\x5f\x54\x50\0\x49\x50\x50\x52\x4f\x54\x4f\x5f\x44\x43\x43\x50\0\x49\x50\
\x50\x52\x4f\x54\x4f\x5f\x49\x50\x56\x36\0\x49\x50\x50\x52\x4f\x54\x4f\x5f\x52\
\x53\x56\x50\0\x49\x50\x50\x52\x4f\x54\x4f\x5f\x47\x52\x45\0\x49\x50\x50\x52\
\x4f\x54\x4f\x5f\x45\x53\x50\0\x49\x50\x50\x52\x4f\x54\x4f\x5f\x41\x48\0\x49\
\x50\x50\x52\x4f\x54\x4f\x5f\x4d\x54\x50\0\x49\x50\x50\x52\x4f\x54\x4f\x5f\x42\
\x45\x45\x54\x50\x48\0\x49\x50\x50\x52\x4f\x54\x4f\x5f\x45\x4e\x43\x41\x50\0\
\x49\x50\x50\x52\x4f\x54\x4f\x5f\x50\x49\x4d\0\x49\x50\x50\x52\x4f\x54\x4f\x5f\
\x43\x4f\x4d\x50\0\x49\x50\x50\x52\x4f\x54\x4f\x5f\x4c\x32\x54\x50\0\x49\x50\
\x50\x52\x4f\x54\x4f\x5f\x53\x43\x54\x50\0\x49\x50\x50\x52\x4f\x54\x4f\x5f\x55\
\x44\x50\x4c\x49\x54\x45\0\x49\x50\x50\x52\x4f\x54\x4f\x5f\x4d\x50\x4c\x53\0\
\x49\x50\x50\x52\x4f\x54\x4f\x5f\x45\x54\x48\x45\x52\x4e\x45\x54\0\x49\x50\x50\
\x52\x4f\x54\x4f\x5f\x52\x41\x57\0\x49\x50\x50\x52\x4f\x54\x4f\x5f\x4d\x50\x54\
\x43\x50\0\x49\x50\x50\x52\x4f\x54\x4f\x5f\x4d\x41\x58\0\x42\x50\x46\x5f\x46\
\x49\x42\x5f\x4c\x4f\x4f\x4b\x55\x50\x5f\x44\x49\x52\x45\x43\x54\0\x42\x50\x46\
\x5f\x46\x49\x42\x5f\x4c\x4f\x4f\x4b\x55\x50\x5f\x4f\x55\x54\x50\x55\x54\0\x42\
\x50\x46\x5f\x46\x49\x42\x5f\x4c\x4f\x4f\x4b\x55\x50\x5f\x53\x4b\x49\x50\x5f\
\x4e\x45\x49\x47\x48\0\x42\x50\x46\x5f\x46\x49\x42\x5f\x4c\x4f\x4f\x4b\x55\x50\
\x5f\x54\x42\x49\x44\0\x42\x50\x46\x5f\x46\x49\x42\x5f\x4c\x4f\x4f\x4b\x55\x50\
\x5f\x53\x52\x43\0\x42\x50\x46\x5f\x46\x49\x42\x5f\x4c\x4b\x55\x50\x5f\x52\x45\
\x54\x5f\x53\x55\x43\x43\x45\x53\x53\0\x42\x50\x46\x5f\x46\x49\x42\x5f\x4c\x4b\
\x55\x50\x5f\x52\x45\x54\x5f\x42\x4c\x41\x43\x4b\x48\x4f\x4c\x45\0\x42\x50\x46\
\x5f\x46\x49\x42\x5f\x4c\x4b\x55\x50\x5f\x52\x45\x54\x5f\x55\x4e\x52\x45\x41\
\x43\x48\x41\x42\x4c\x45\0\x42\x50\x46\x5f\x46\x49\x42\x5f\x4c\x4b\x55\x50\x5f\
\x52\x45\x54\x5f\x50\x52\x4f\x48\x49\x42\x49\x54\0\x42\x50\x46\x5f\x46\x49\x42\
\x5f\x4c\x4b\x55\x50\x5f\x52\x45\x54\x5f\x4e\x4f\x54\x5f\x46\x57\x44\x45\x44\0\
\x42\x50\x46\x5f\x46\x49\x42\x5f\x4c\x4b\x55\x50\x5f\x52\x45\x54\x5f\x46\x57\
\x44\x5f\x44\x49\x53\x41\x42\x4c\x45\x44\0\x42\x50\x46\x5f\x46\x49\x42\x5f\x4c\
\x4b\x55\x50\x5f\x52\x45\x54\x5f\x55\x4e\x53\x55\x50\x50\x5f\x4c\x57\x54\0\x42\
\x50\x46\x5f\x46\x49\x42\x5f\x4c\x4b\x55\x50\x5f\x52\x45\x54\x5f\x4e\x4f\x5f\
\x4e\x45\x49\x47\x48\0\x42\x50\x46\x5f\x46\x49\x42\x5f\x4c\x4b\x55\x50\x5f\x52\
\x45\x54\x5f\x46\x52\x41\x47\x5f\x4e\x45\x45\x44\x45\x44\0\x42\x50\x46\x5f\x46\
\x49\x42\x5f\x4c\x4b\x55\x50\x5f\x52\x45\x54\x5f\x4e\x4f\x5f\x53\x52\x43\x5f\
\x41\x44\x44\x52\0\x42\x50\x46\x5f\x41\x4e\x59\0\x42\x50\x46\x5f\x4e\x4f\x45\
\x58\x49\x53\x54\0\x42\x50\x46\x5f\x45\x58\x49\x53\x54\0\x42\x50\x46\x5f\x46\
\x5f\x4c\x4f\x43\x4b\0\x42\x50\x46\x5f\x46\x5f\x50\x53\x45\x55\x44\x4f\x5f\x48\
\x44\x52\0\x42\x50\x46\x5f\x46\x5f\x4d\x41\x52\x4b\x5f\x4d\x41\x4e\x47\x4c\x45\
\x44\x5f\x30\0\x42\x50\x46\x5f\x46\x5f\x4d\x41\x52\x4b\x5f\x45\x4e\x46\x4f\x52\
\x43\x45\0\x66\x61\x6c\x73\x65\0\x74\x72\x75\x65\0\x69\x68\x6c\0\x76\x65\x72\
\x73\x69\x6f\x6e\0\x69\x64\0\x66\x72\x61\x67\x5f\x6f\x66\x66\0\x74\x74\x6c\0\
\x63\x68\x65\x63\x6b\0\x5f\x5f\x73\x75\x6d\x31\x36\0\x61\x64\x64\x72\x73\0\x69\
\x70\x68\x64\x72\0\x73\x6f\x75\x72\x63\x65\0\x64\x65\x73\x74\0\x73\x65\x71\0\
\x61\x63\x6b\x5f\x73\x65\x71\0\x72\x65\x73\x31\0\x64\x6f\x66\x66\0\x66\x69\x6e\
\0\x73\x79\x6e\0\x72\x73\x74\0\x70\x73\x68\0\x61\x63\x6b\0\x75\x72\x67\0\x65\
\x63\x65\0\x63\x77\x72\0\x77\x69\x6e\x64\x6f\x77\0\x75\x72\x67\x5f\x70\x74\x72\
\0\x74\x63\x70\x68\x64\x72\0\x75\x6e\x73\x69\x67\x6e\x65\x64\x20\x6c\x6f\x6e\
\x67\0\x69\x73\x5f\x74\x63\x70\x5f\x69\x70\x76\x34\0\x5f\x42\x6f\x6f\x6c\0\x62\
\x6f\x6f\x6c\0\x6e\x65\x65\x64\0\x65\x74\x68\0\x68\x5f\x64\x65\x73\x74\0\x68\
\x5f\x73\x6f\x75\x72\x63\x65\0\x68\x5f\x70\x72\x6f\x74\x6f\0\x65\x74\x68\x68\
\x64\x72\0\x69\x70\0\x76\x65\x72\x69\x66\x69\x65\x72\x5f\x63\x68\x65\x63\x6b\
\x65\x72\0\x69\x73\x5f\x48\x53\x5f\x41\x43\x4b\0\x74\x63\x70\0\x70\x61\x79\x6c\
\x6f\x61\x64\x5f\x6c\x65\x6e\0\x44\x57\x5f\x41\x54\x45\x5f\x75\x6e\x73\x69\x67\
\x6e\x65\x64\x5f\x33\x32\0\x44\x57\x5f\x41\x54\x45\x5f\x75\x6e\x73\x69\x67\x6e\
\x65\x64\x5f\x31\x36\0\x74\x63\x5f\x65\x67\x72\x65\x73\x73\0\x66\x69\x62\0\x61\
\x63\x6b\x5f\x69\x6e\x67\x72\x65\x73\x73\x5f\x6b\x65\x79\0\x73\x65\x71\x5f\x65\
\x67\x72\x65\x73\x73\x5f\x6b\x65\x79\0\x61\x63\x6b\x5f\x69\x6e\x67\x72\x65\x73\
\x73\x5f\x76\x61\x6c\0\x6e\x78\x74\x5f\x73\x65\x71\x5f\x76\x61\x6c\0\x63\x74\
\x78\0\x74\x63\x70\x5f\x68\x6c\0\x69\x70\x5f\x6c\x65\x6e\0\x74\x63\x70\x5f\x70\
\x61\x79\x6c\x6f\x61\x64\x5f\x6c\x65\x6e\0\x66\x69\x62\x5f\x6d\x74\x75\0\x70\
\x61\x64\x5f\x62\x79\x74\x65\x73\0\x72\x65\x74\0\x70\x5f\x6d\x74\x75\0\x68\x69\
\x67\x68\x65\x73\x74\x5f\x73\x65\x6e\x74\x5f\x64\x61\x74\x61\x5f\x6c\x65\x6e\0\
\x74\x72\x61\x6e\x73\x6c\x61\x74\x65\x64\x5f\x73\x65\x71\x5f\x6e\x75\x6d\0\x63\
\x75\x72\x72\x5f\x73\x65\x71\x5f\x6e\x75\x6d\0\x69\x73\x5f\x72\x65\x74\x72\x61\
\x6e\x73\x6d\x69\x74\0\x6e\x65\x77\x5f\x69\x70\x5f\x6c\x65\x6e\0\x74\x63\x70\
\x5f\x70\x61\x79\x6c\x6f\x61\x64\x5f\x6c\x65\x6e\x5f\x6e\x65\x77\0\x74\x6f\x74\
\x5f\x64\x69\x66\x66\0\x70\x61\x64\x5f\x62\x79\x74\x65\x73\x5f\x62\x65\0\x64\
\x32\0\x6f\x6c\x64\x5f\x74\x63\x70\x5f\x6c\x65\x6e\0\x75\x31\x36\0\x6e\x65\x77\
\x5f\x74\x63\x70\x5f\x6c\x65\x6e\0\x69\x6e\x69\x74\x5f\x70\x6b\x74\x5f\x6c\x65\
\x6e\0\x69\x70\x5f\x68\x6c\0\x61\x63\x6b\x5f\x65\x67\x72\x65\x73\x73\x5f\x6b\
\x65\x79\0\x6d\x64\x66\x5f\x70\x6b\x74\x5f\x6c\x65\x6e\0\xdc\0\0\0\x05\0\x08\0\
\0\0\0\0\0\0\0\0\x2b\0\0\0\0\0\0\0\x49\0\0\0\0\0\0\0\x73\0\0\0\0\0\0\0\x87\0\0\
\0\0\0\0\0\xb9\0\0\0\0\0\0\0\xe2\0\0\0\0\0\0\0\x01\x01\0\0\0\0\0\0\x32\x01\0\0\
\0\0\0\0\x68\x01\0\0\0\0\0\0\x9f\x01\0\0\0\0\0\0\xd4\x01\0\0\0\0\0\0\xfa\x01\0\
\0\0\0\0\0\0\0\0\0\0\0\0\0\0\0\0\0\0\0\0\0\0\0\0\0\0\0\0\0\0\0\0\0\0\0\0\0\0\0\
\0\0\0\0\0\0\0\0\0\0\0\0\0\0\xb0\0\0\0\0\0\0\0\x78\x01\0\0\0\0\0\0\0\x02\0\0\0\
\0\0\0\x28\x0a\0\0\0\0\0\0\x68\x0a\0\0\0\0\0\0\x80\x0b\0\0\0\0\0\0\0\x0c\0\0\0\
\0\0\0\x80\x08\0\0\0\0\0\0\0\0\x9f\xeb\x01\0\x18\0\0\0\0\0\0\0\xa8\x0c\0\0\xa8\
\x0c\0\0\x6c\x22\0\0\0\0\0\0\0\0\0\x02\x03\0\0\0\x01\0\0\0\0\0\0\x01\x04\0\0\0\
\x20\0\0\x01\0\0\0\0\0\0\0\x03\0\0\0\0\x02\0\0\0\x04\0\0\0\x09\0\0\0\x05\0\0\0\
\0\0\0\x01\x04\0\0\0\x20\0\0\0\0\0\0\0\0\0\0\x02\x06\0\0\0\0\0\0\0\0\0\0\x03\0\
\0\0\0\x02\0\0\0\x04\0\0\0\0\x20\0\0\0\0\0\0\0\0\0\x02\x08\0\0\0\x19\0\0\0\x04\
\0\0\x04\x0c\0\0\0\x1e\0\0\0\x09\0\0\0\0\0\0\0\x24\0\0\0\x09\0\0\0\x20\0\0\0\
\x2a\0\0\0\x0c\0\0\0\x40\0\0\0\x30\0\0\0\x0c\0\0\0\x50\0\0\0\x36\0\0\0\0\0\0\
\x08\x0a\0\0\0\x3d\0\0\0\0\0\0\x08\x0b\0\0\0\x43\0\0\0\0\0\0\x01\x04\0\0\0\x20\
\0\0\0\x50\0\0\0\0\0\0\x08\x0d\0\0\0\x57\0\0\0\0\0\0\x08\x0e\0\0\0\x5d\0\0\0\0\
\0\0\x01\x02\0\0\0\x10\0\0\0\0\0\0\0\0\0\0\x02\x10\0\0\0\x6c\0\0\0\x01\0\0\x04\
\x04\0\0\0\x7d\0\0\0\x09\0\0\0\0\0\0\0\0\0\0\0\x04\0\0\x04\x20\0\0\0\x89\0\0\0\
\x01\0\0\0\0\0\0\0\x8e\0\0\0\x05\0\0\0\x40\0\0\0\x9a\0\0\0\x07\0\0\0\x80\0\0\0\
\x9e\0\0\0\x0f\0\0\0\xc0\0\0\0\xa4\0\0\0\0\0\0\x0e\x11\0\0\0\x01\0\0\0\0\0\0\0\
\0\0\0\x02\x14\0\0\0\xb4\0\0\0\x01\0\0\x04\x04\0\0\0\xc4\0\0\0\x09\0\0\0\0\0\0\
\0\0\0\0\0\x04\0\0\x04\x20\0\0\0\x89\0\0\0\x01\0\0\0\0\0\0\0\x8e\0\0\0\x05\0\0\
\0\x40\0\0\0\x9a\0\0\0\x07\0\0\0\x80\0\0\0\x9e\0\0\0\x13\0\0\0\xc0\0\0\0\xcf\0\
\0\0\0\0\0\x0e\x15\0\0\0\x01\0\0\0\0\0\0\0\0\0\0\x02\x18\0\0\0\0\0\0\0\0\0\0\
\x03\0\0\0\0\x02\0\0\0\x04\0\0\0\x02\0\0\0\0\0\0\0\0\0\0\x02\x0a\0\0\0\0\0\0\0\
\0\0\0\x02\x1b\0\0\0\xde\0\0\0\x01\0\0\x04\xdc\x05\0\0\xed\0\0\0\x1e\0\0\0\0\0\
\0\0\xf3\0\0\0\0\0\0\x08\x1d\0\0\0\xf8\0\0\0\0\0\0\x01\x01\0\0\0\x08\0\0\0\0\0\
\0\0\0\0\0\x03\0\0\0\0\x1c\0\0\0\x04\0\0\0\xdc\x05\0\0\0\0\0\0\0\0\0\x02\x20\0\
\0\0\0\0\0\0\0\0\0\x03\0\0\0\0\x02\0\0\0\x04\0\0\0\x01\0\0\0\0\0\0\0\x04\0\0\
\x04\x20\0\0\0\x89\0\0\0\x17\0\0\0\0\0\0\0\x9a\0\0\0\x19\0\0\0\x40\0\0\0\x9e\0\
\0\0\x1a\0\0\0\x80\0\0\0\x8e\0\0\0\x1f\0\0\0\xc0\0\0\0\x06\x01\0\0\0\0\0\x0e\
\x21\0\0\0\x01\0\0\0\0\0\0\0\0\0\0\x02\x24\0\0\0\x14\x01\0\0\x01\0\0\x04\x04\0\
\0\0\x24\x01\0\0\x09\0\0\0\0\0\0\0\0\0\0\0\x04\0\0\x04\x20\0\0\0\x89\0\0\0\x01\
\0\0\0\0\0\0\0\x8e\0\0\0\x05\0\0\0\x40\0\0\0\x9a\0\0\0\x07\0\0\0\x80\0\0\0\x9e\
\0\0\0\x23\0\0\0\xc0\0\0\0\x2f\x01\0\0\0\0\0\x0e\x25\0\0\0\x01\0\0\0\0\0\0\0\0\
\0\0\x02\x28\0\0\0\x3e\x01\0\0\x22\0\0\x04\xc0\0\0\0\x48\x01\0\0\x0a\0\0\0\0\0\
\0\0\x4c\x01\0\0\x0a\0\0\0\x20\0\0\0\x55\x01\0\0\x0a\0\0\0\x40\0\0\0\x5a\x01\0\
\0\x0a\0\0\0\x60\0\0\0\x68\x01\0\0\x0a\0\0\0\x80\0\0\0\x71\x01\0\0\x0a\0\0\0\
\xa0\0\0\0\x7e\x01\0\0\x0a\0\0\0\xc0\0\0\0\x87\x01\0\0\x0a\0\0\0\xe0\0\0\0\x92\
\x01\0\0\x0a\0\0\0\0\x01\0\0\x9b\x01\0\0\x0a\0\0\0\x20\x01\0\0\xab\x01\0\0\x0a\
\0\0\0\x40\x01\0\0\xb3\x01\0\0\x0a\0\0\0\x60\x01\0\0\xbc\x01\0\0\x29\0\0\0\x80\
\x01\0\0\xbf\x01\0\0\x0a\0\0\0\x20\x02\0\0\xc4\x01\0\0\x0a\0\0\0\x40\x02\0\0\
\xcf\x01\0\0\x0a\0\0\0\x60\x02\0\0\xd4\x01\0\0\x0a\0\0\0\x80\x02\0\0\xdd\x01\0\
\0\x0a\0\0\0\xa0\x02\0\0\xe5\x01\0\0\x0a\0\0\0\xc0\x02\0\0\xec\x01\0\0\x0a\0\0\
\0\xe0\x02\0\0\xf7\x01\0\0\x0a\0\0\0\0\x03\0\0\x01\x02\0\0\x2a\0\0\0\x20\x03\0\
\0\x0c\x02\0\0\x2a\0\0\0\xa0\x03\0\0\x16\x02\0\0\x0a\0\0\0\x20\x04\0\0\x22\x02\
\0\0\x0a\0\0\0\x40\x04\0\0\x2d\x02\0\0\x0a\0\0\0\x60\x04\0\0\0\0\0\0\x2b\0\0\0\
\x80\x04\0\0\x37\x02\0\0\x2d\0\0\0\xc0\x04\0\0\x3e\x02\0\0\x0a\0\0\0\0\x05\0\0\
\x47\x02\0\0\x0a\0\0\0\x20\x05\0\0\0\0\0\0\x2f\0\0\0\x40\x05\0\0\x50\x02\0\0\
\x0a\0\0\0\x80\x05\0\0\x59\x02\0\0\x1c\0\0\0\xa0\x05\0\0\x65\x02\0\0\x2d\0\0\0\
\xc0\x05\0\0\0\0\0\0\0\0\0\x03\0\0\0\0\x0a\0\0\0\x04\0\0\0\x05\0\0\0\0\0\0\0\0\
\0\0\x03\0\0\0\0\x0a\0\0\0\x04\0\0\0\x04\0\0\0\0\0\0\0\x01\0\0\x05\x08\0\0\0\
\x6e\x02\0\0\x2c\0\0\0\0\0\0\0\0\0\0\0\0\0\0\x02\x63\0\0\0\x78\x02\0\0\0\0\0\
\x08\x2e\0\0\0\x7e\x02\0\0\0\0\0\x01\x08\0\0\0\x40\0\0\0\0\0\0\0\x01\0\0\x05\
\x08\0\0\0\x91\x02\0\0\x30\0\0\0\0\0\0\0\0\0\0\0\0\0\0\x02\x64\0\0\0\0\0\0\0\
\x01\0\0\x0d\x02\0\0\0\x94\x02\0\0\x27\0\0\0\x98\x02\0\0\x01\0\0\x0c\x31\0\0\0\
\x99\x04\0\0\x03\0\0\x04\x0e\0\0\0\xa0\x04\0\0\x34\0\0\0\0\0\0\0\xa7\x04\0\0\
\x34\0\0\0\x30\0\0\0\xb0\x04\0\0\x0c\0\0\0\x60\0\0\0\0\0\0\0\0\0\0\x03\0\0\0\0\
\x1d\0\0\0\x04\0\0\0\x06\0\0\0\xeb\x04\0\0\x0a\0\0\x84\x14\0\0\0\xf1\x04\0\0\
\x1c\0\0\0\0\0\0\x04\xf5\x04\0\0\x1c\0\0\0\x04\0\0\x04\xfd\x04\0\0\x1c\0\0\0\
\x08\0\0\0\x01\x05\0\0\x0c\0\0\0\x10\0\0\0\x09\x05\0\0\x0c\0\0\0\x20\0\0\0\x0c\
\x05\0\0\x0c\0\0\0\x30\0\0\0\x15\x05\0\0\x1c\0\0\0\x40\0\0\0\x68\x01\0\0\x1c\0\
\0\0\x48\0\0\0\x19\x05\0\0\x36\0\0\0\x50\0\0\0\0\0\0\0\x37\0\0\0\x60\0\0\0\x1f\
\x05\0\0\0\0\0\x08\x0d\0\0\0\0\0\0\0\x02\0\0\x05\x08\0\0\0\0\0\0\0\x38\0\0\0\0\
\0\0\0\x27\x05\0\0\x39\0\0\0\0\0\0\0\0\0\0\0\x02\0\0\x04\x08\0\0\0\x1e\0\0\0\
\x09\0\0\0\0\0\0\0\x24\0\0\0\x09\0\0\0\x20\0\0\0\0\0\0\0\x02\0\0\x04\x08\0\0\0\
\x1e\0\0\0\x09\0\0\0\0\0\0\0\x24\0\0\0\x09\0\0\0\x20\0\0\0\x56\x06\0\0\x11\0\0\
\x84\x14\0\0\0\x5d\x06\0\0\x0c\0\0\0\0\0\0\0\x64\x06\0\0\x0c\0\0\0\x10\0\0\0\
\x69\x06\0\0\x09\0\0\0\x20\0\0\0\x6d\x06\0\0\x09\0\0\0\x40\0\0\0\x75\x06\0\0\
\x0d\0\0\0\x60\0\0\x04\x7a\x06\0\0\x0d\0\0\0\x64\0\0\x04\x7f\x06\0\0\x0d\0\0\0\
\x68\0\0\x01\x83\x06\0\0\x0d\0\0\0\x69\0\0\x01\x87\x06\0\0\x0d\0\0\0\x6a\0\0\
\x01\x8b\x06\0\0\x0d\0\0\0\x6b\0\0\x01\x8f\x06\0\0\x0d\0\0\0\x6c\0\0\x01\x93\
\x06\0\0\x0d\0\0\0\x6d\0\0\x01\x97\x06\0\0\x0d\0\0\0\x6e\0\0\x01\x9b\x06\0\0\
\x0d\0\0\0\x6f\0\0\x01\x9f\x06\0\0\x0c\0\0\0\x70\0\0\0\x19\x05\0\0\x36\0\0\0\
\x80\0\0\0\xa6\x06\0\0\x0c\0\0\0\x90\0\0\0\x99\x0a\0\0\x0c\0\0\x04\x40\0\0\0\
\xe5\x01\0\0\x1c\0\0\0\0\0\0\0\xa8\x0a\0\0\x1c\0\0\0\x08\0\0\0\x2a\0\0\0\x0c\0\
\0\0\x10\0\0\0\x30\0\0\0\x0c\0\0\0\x20\0\0\0\0\0\0\0\x3c\0\0\0\x30\0\0\0\xab\
\x01\0\0\x0a\0\0\0\x40\0\0\0\0\0\0\0\x3d\0\0\0\x60\0\0\0\0\0\0\0\x3e\0\0\0\x80\
\0\0\0\0\0\0\0\x3f\0\0\0\0\x01\0\0\0\0\0\0\x40\0\0\0\x80\x01\0\0\xb4\x0a\0\0\
\x42\0\0\0\xa0\x01\0\0\xb9\x0a\0\0\x42\0\0\0\xd0\x01\0\0\0\0\0\0\x02\0\0\x05\
\x02\0\0\0\x01\x05\0\0\x0d\0\0\0\0\0\0\0\xbe\x0a\0\0\x0d\0\0\0\0\0\0\0\0\0\0\0\
\x03\0\0\x05\x04\0\0\0\xfd\x04\0\0\x1c\0\0\0\0\0\0\0\xc9\x0a\0\0\x09\0\0\0\0\0\
\0\0\xd2\x0a\0\0\x0a\0\0\0\0\0\0\0\0\0\0\0\x02\0\0\x05\x10\0\0\0\xdc\x0a\0\0\
\x09\0\0\0\0\0\0\0\xe5\x0a\0\0\x2a\0\0\0\0\0\0\0\0\0\0\0\x02\0\0\x05\x10\0\0\0\
\xee\x0a\0\0\x09\0\0\0\0\0\0\0\xf7\x0a\0\0\x2a\0\0\0\0\0\0\0\0\0\0\0\x02\0\0\
\x05\x04\0\0\0\0\0\0\0\x41\0\0\0\0\0\0\0\0\x0b\0\0\x0a\0\0\0\0\0\0\0\0\0\0\0\
\x02\0\0\x04\x04\0\0\0\x05\x0b\0\0\x0c\0\0\0\0\0\0\0\x12\x0b\0\0\x0c\0\0\0\x10\
\0\0\0\0\0\0\0\0\0\0\x03\0\0\0\0\x1c\0\0\0\x04\0\0\0\x06\0\0\0\0\0\0\0\0\0\0\
\x0a\x44\0\0\0\x2b\x21\0\0\0\0\0\x01\x01\0\0\0\x08\0\0\x01\0\0\0\0\0\0\0\x03\0\
\0\0\0\x43\0\0\0\x04\0\0\0\x2b\0\0\0\x30\x21\0\0\0\0\0\x0e\x45\0\0\0\0\0\0\0\0\
\0\0\0\0\0\0\x03\0\0\0\0\x43\0\0\0\x04\0\0\0\x1e\0\0\0\x42\x21\0\0\0\0\0\x0e\
\x47\0\0\0\0\0\0\0\0\0\0\0\0\0\0\x03\0\0\0\0\x43\0\0\0\x04\0\0\0\x2a\0\0\0\x56\
\x21\0\0\0\0\0\x0e\x49\0\0\0\0\0\0\0\0\0\0\0\0\0\0\x03\0\0\0\0\x43\0\0\0\x04\0\
\0\0\x14\0\0\0\x6a\x21\0\0\0\0\0\x0e\x4b\0\0\0\0\0\0\0\0\0\0\0\0\0\0\x03\0\0\0\
\0\x43\0\0\0\x04\0\0\0\x32\0\0\0\x7e\x21\0\0\0\0\0\x0e\x4d\0\0\0\0\0\0\0\0\0\0\
\0\0\0\0\x03\0\0\0\0\x43\0\0\0\x04\0\0\0\x29\0\0\0\x92\x21\0\0\0\0\0\x0e\x4f\0\
\0\0\0\0\0\0\0\0\0\0\0\0\0\x03\0\0\0\0\x43\0\0\0\x04\0\0\0\x1f\0\0\0\xa6\x21\0\
\0\0\0\0\x0e\x51\0\0\0\0\0\0\0\0\0\0\0\0\0\0\x03\0\0\0\0\x43\0\0\0\x04\0\0\0\
\x31\0\0\0\xba\x21\0\0\0\0\0\x0e\x53\0\0\0\0\0\0\0\0\0\0\0\0\0\0\x03\0\0\0\0\
\x43\0\0\0\x04\0\0\0\x36\0\0\0\xce\x21\0\0\0\0\0\x0e\x55\0\0\0\0\0\0\0\0\0\0\0\
\0\0\0\x03\0\0\0\0\x43\0\0\0\x04\0\0\0\x37\0\0\0\xe2\x21\0\0\0\0\0\x0e\x57\0\0\
\0\0\0\0\0\0\0\0\0\0\0\0\x03\0\0\0\0\x43\0\0\0\x04\0\0\0\x35\0\0\0\xf6\x21\0\0\
\0\0\0\x0e\x59\0\0\0\0\0\0\0\0\0\0\0\0\0\0\x03\0\0\0\0\x43\0\0\0\x04\0\0\0\x26\
\0\0\0\x0b\x22\0\0\0\0\0\x0e\x5b\0\0\0\0\0\0\0\x20\x22\0\0\0\0\0\x0e\x57\0\0\0\
\0\0\0\0\0\0\0\0\0\0\0\x03\0\0\0\0\x44\0\0\0\x04\0\0\0\x04\0\0\0\x35\x22\0\0\0\
\0\0\x0e\x5e\0\0\0\x01\0\0\0\x3f\x22\0\0\x04\0\0\x0f\0\0\0\0\x12\0\0\0\0\0\0\0\
\x20\0\0\0\x16\0\0\0\0\0\0\0\x20\0\0\0\x22\0\0\0\0\0\0\0\x20\0\0\0\x26\0\0\0\0\
\0\0\0\x20\0\0\0\x45\x22\0\0\x0d\0\0\x0f\0\0\0\0\x46\0\0\0\0\0\0\0\x2b\0\0\0\
\x48\0\0\0\x2b\0\0\0\x1e\0\0\0\x4a\0\0\0\x49\0\0\0\x2a\0\0\0\x4c\0\0\0\x73\0\0\
\0\x14\0\0\0\x4e\0\0\0\x87\0\0\0\x32\0\0\0\x50\0\0\0\xb9\0\0\0\x29\0\0\0\x52\0\
\0\0\xe2\0\0\0\x1f\0\0\0\x54\0\0\0\x01\x01\0\0\x31\0\0\0\x56\0\0\0\x32\x01\0\0\
\x36\0\0\0\x58\0\0\0\x68\x01\0\0\x37\0\0\0\x5a\0\0\0\x9f\x01\0\0\x35\0\0\0\x5c\
\0\0\0\xd4\x01\0\0\x26\0\0\0\x5d\0\0\0\xfa\x01\0\0\x37\0\0\0\x4d\x22\0\0\x01\0\
\0\x0f\0\0\0\0\x5f\0\0\0\0\0\0\0\x04\0\0\0\x55\x22\0\0\0\0\0\x07\0\0\0\0\x63\
\x22\0\0\0\0\0\x07\0\0\0\0\0\x69\x6e\x74\0\x5f\x5f\x41\x52\x52\x41\x59\x5f\x53\
\x49\x5a\x45\x5f\x54\x59\x50\x45\x5f\x5f\0\x66\x6c\x6f\x77\0\x73\x61\x64\x64\
\x72\0\x64\x61\x64\x64\x72\0\x73\x70\x6f\x72\x74\0\x64\x70\x6f\x72\x74\0\x5f\
\x5f\x62\x65\x33\x32\0\x5f\x5f\x75\x33\x32\0\x75\x6e\x73\x69\x67\x6e\x65\x64\
\x20\x69\x6e\x74\0\x5f\x5f\x62\x65\x31\x36\0\x5f\x5f\x75\x31\x36\0\x75\x6e\x73\
\x69\x67\x6e\x65\x64\x20\x73\x68\x6f\x72\x74\0\x61\x63\x6b\x5f\x69\x6e\x67\x72\
\x65\x73\x73\x5f\x69\x6e\x66\x6f\0\x61\x63\x6b\x5f\x69\x6e\x67\x72\x65\x73\x73\
\0\x74\x79\x70\x65\0\x6d\x61\x78\x5f\x65\x6e\x74\x72\x69\x65\x73\0\x6b\x65\x79\
\0\x76\x61\x6c\x75\x65\0\x61\x63\x6b\x5f\x69\x6e\x67\x72\x65\x73\x73\x5f\x66\
\x69\x78\0\x73\x65\x71\x5f\x65\x67\x72\x65\x73\x73\x5f\x69\x6e\x66\x6f\0\x73\
\x65\x71\x5f\x65\x67\x72\x65\x73\x73\0\x73\x65\x71\x5f\x65\x67\x72\x65\x73\x73\
\x5f\x66\x69\x78\0\x72\x61\x6e\x64\x5f\x62\x79\x74\x65\x5f\x62\x75\x66\x66\0\
\x62\x79\x74\x65\x73\0\x5f\x5f\x75\x38\0\x75\x6e\x73\x69\x67\x6e\x65\x64\x20\
\x63\x68\x61\x72\0\x72\x61\x6e\x64\x5f\x62\x79\x74\x65\x5f\x6d\x61\x70\0\x61\
\x63\x6b\x5f\x65\x67\x72\x65\x73\x73\x5f\x69\x6e\x66\x6f\0\x61\x63\x6b\x5f\x65\
\x67\x72\x65\x73\x73\0\x61\x63\x6b\x5f\x65\x67\x72\x65\x73\x73\x5f\x66\x69\x78\
\0\x5f\x5f\x73\x6b\x5f\x62\x75\x66\x66\0\x6c\x65\x6e\0\x70\x6b\x74\x5f\x74\x79\
\x70\x65\0\x6d\x61\x72\x6b\0\x71\x75\x65\x75\x65\x5f\x6d\x61\x70\x70\x69\x6e\
\x67\0\x70\x72\x6f\x74\x6f\x63\x6f\x6c\0\x76\x6c\x61\x6e\x5f\x70\x72\x65\x73\
\x65\x6e\x74\0\x76\x6c\x61\x6e\x5f\x74\x63\x69\0\x76\x6c\x61\x6e\x5f\x70\x72\
\x6f\x74\x6f\0\x70\x72\x69\x6f\x72\x69\x74\x79\0\x69\x6e\x67\x72\x65\x73\x73\
\x5f\x69\x66\x69\x6e\x64\x65\x78\0\x69\x66\x69\x6e\x64\x65\x78\0\x74\x63\x5f\
\x69\x6e\x64\x65\x78\0\x63\x62\0\x68\x61\x73\x68\0\x74\x63\x5f\x63\x6c\x61\x73\
\x73\x69\x64\0\x64\x61\x74\x61\0\x64\x61\x74\x61\x5f\x65\x6e\x64\0\x6e\x61\x70\
\x69\x5f\x69\x64\0\x66\x61\x6d\x69\x6c\x79\0\x72\x65\x6d\x6f\x74\x65\x5f\x69\
\x70\x34\0\x6c\x6f\x63\x61\x6c\x5f\x69\x70\x34\0\x72\x65\x6d\x6f\x74\x65\x5f\
\x69\x70\x36\0\x6c\x6f\x63\x61\x6c\x5f\x69\x70\x36\0\x72\x65\x6d\x6f\x74\x65\
\x5f\x70\x6f\x72\x74\0\x6c\x6f\x63\x61\x6c\x5f\x70\x6f\x72\x74\0\x64\x61\x74\
\x61\x5f\x6d\x65\x74\x61\0\x74\x73\x74\x61\x6d\x70\0\x77\x69\x72\x65\x5f\x6c\
\x65\x6e\0\x67\x73\x6f\x5f\x73\x65\x67\x73\0\x67\x73\x6f\x5f\x73\x69\x7a\x65\0\
\x74\x73\x74\x61\x6d\x70\x5f\x74\x79\x70\x65\0\x68\x77\x74\x73\x74\x61\x6d\x70\
\0\x66\x6c\x6f\x77\x5f\x6b\x65\x79\x73\0\x5f\x5f\x75\x36\x34\0\x75\x6e\x73\x69\
\x67\x6e\x65\x64\x20\x6c\x6f\x6e\x67\x20\x6c\x6f\x6e\x67\0\x73\x6b\0\x63\x74\
\x78\0\x74\x63\x5f\x65\x67\x72\x65\x73\x73\0\x74\x63\0\x2f\x68\x6f\x6d\x65\x2f\
\x75\x73\x65\x72\x2f\x44\x65\x73\x6b\x74\x6f\x70\x2f\x65\x42\x50\x46\x5f\x43\
\x6f\x64\x65\x2f\x73\x72\x63\x2f\x65\x6e\x74\x72\x6f\x70\x79\x2f\x73\x69\x7a\
\x65\x2f\x6d\x61\x69\x6e\x2f\x74\x63\x5f\x65\x67\x72\x65\x73\x73\x2e\x62\x70\
\x66\x2e\x63\0\x69\x6e\x74\x20\x74\x63\x5f\x65\x67\x72\x65\x73\x73\x28\x73\x74\
\x72\x75\x63\x74\x20\x5f\x5f\x73\x6b\x5f\x62\x75\x66\x66\x20\x2a\x63\x74\x78\
\x29\x20\x7b\0\x20\x20\x20\x20\x69\x66\x20\x28\x62\x70\x66\x5f\x73\x6b\x62\x5f\
\x70\x75\x6c\x6c\x5f\x64\x61\x74\x61\x28\x63\x74\x78\x2c\x20\x30\x29\x29\x20\
\x7b\x20\x20\x2f\x2f\x20\x52\x65\x74\x75\x72\x6e\x73\x20\x30\x20\x6f\x6e\x20\
\x73\x75\x63\x63\x65\x73\x73\0\x20\x20\x20\x20\x20\x20\x20\x20\x62\x70\x66\x5f\
\x70\x72\x69\x6e\x74\x6b\x28\x22\x46\x61\x69\x6c\x65\x64\x20\x74\x6f\x20\x70\
\x75\x6c\x6c\x20\x64\x61\x74\x61\x20\x61\x74\x20\x62\x70\x66\x5f\x73\x6b\x62\
\x5f\x70\x75\x6c\x6c\x5f\x64\x61\x74\x61\x2e\x5c\x6e\x22\x29\x3b\0\x7d\0\x30\
\x3a\x30\0\x20\x20\x20\x20\x5f\x5f\x75\x33\x32\x20\x69\x6e\x69\x74\x5f\x70\x6b\
\x74\x5f\x6c\x65\x6e\x20\x3d\x20\x63\x74\x78\x2d\x3e\x6c\x65\x6e\x3b\0\x30\x3a\
\x31\x35\0\x20\x20\x20\x20\x76\x6f\x69\x64\x20\x2a\x64\x61\x74\x61\x20\x3d\x20\
\x28\x76\x6f\x69\x64\x20\x2a\x29\x20\x28\x5f\x5f\x75\x36\x34\x29\x20\x63\x74\
\x78\x2d\x3e\x64\x61\x74\x61\x3b\x20\x20\x2f\x2f\x20\x28\x75\x6e\x73\x69\x67\
\x6e\x65\x64\x20\x6c\x6f\x6e\x67\x29\x20\x3d\x3d\x20\x28\x5f\x5f\x75\x36\x34\
\x29\0\x30\x3a\x31\x36\0\x20\x20\x20\x20\x76\x6f\x69\x64\x20\x2a\x64\x61\x74\
\x61\x5f\x65\x6e\x64\x20\x3d\x20\x28\x76\x6f\x69\x64\x20\x2a\x29\x20\x28\x5f\
\x5f\x75\x36\x34\x29\x20\x63\x74\x78\x2d\x3e\x64\x61\x74\x61\x5f\x65\x6e\x64\
\x3b\0\x20\x20\x20\x20\x69\x66\x20\x28\x21\x76\x65\x72\x69\x66\x69\x65\x72\x5f\
\x63\x68\x65\x63\x6b\x65\x72\x28\x65\x74\x68\x20\x2b\x20\x31\x2c\x20\x64\x61\
\x74\x61\x5f\x65\x6e\x64\x2c\x20\x30\x29\x29\x20\x7b\0\x20\x20\x20\x20\x69\x66\
\x20\x28\x64\x61\x74\x61\x20\x2b\x20\x6e\x65\x65\x64\x20\x3e\x20\x64\x61\x74\
\x61\x5f\x65\x6e\x64\x29\x20\x7b\0\x65\x74\x68\x68\x64\x72\0\x68\x5f\x64\x65\
\x73\x74\0\x68\x5f\x73\x6f\x75\x72\x63\x65\0\x68\x5f\x70\x72\x6f\x74\x6f\0\x30\
\x3a\x32\0\x20\x20\x20\x20\x69\x66\x20\x28\x62\x70\x66\x5f\x6e\x74\x6f\x68\x73\
\x28\x65\x74\x68\x2d\x3e\x68\x5f\x70\x72\x6f\x74\x6f\x29\x20\x21\x3d\x20\x45\
\x54\x48\x5f\x50\x5f\x49\x50\x29\x20\x7b\0\x69\x70\x68\x64\x72\0\x69\x68\x6c\0\
\x76\x65\x72\x73\x69\x6f\x6e\0\x74\x6f\x73\0\x74\x6f\x74\x5f\x6c\x65\x6e\0\x69\
\x64\0\x66\x72\x61\x67\x5f\x6f\x66\x66\0\x74\x74\x6c\0\x63\x68\x65\x63\x6b\0\
\x5f\x5f\x73\x75\x6d\x31\x36\0\x61\x64\x64\x72\x73\0\x30\x3a\x37\0\x20\x20\x20\
\x20\x73\x74\x72\x75\x63\x74\x20\x69\x70\x68\x64\x72\x20\x2a\x69\x70\x20\x3d\
\x20\x28\x73\x74\x72\x75\x63\x74\x20\x69\x70\x68\x64\x72\x20\x2a\x29\x28\x65\
\x74\x68\x20\x2b\x20\x31\x29\x3b\0\x20\x20\x20\x20\x69\x66\x20\x28\x28\x69\x70\
\x2d\x3e\x70\x72\x6f\x74\x6f\x63\x6f\x6c\x29\x20\x21\x3d\x20\x49\x50\x50\x52\
\x4f\x54\x4f\x5f\x54\x43\x50\x29\x20\x7b\0\x20\x20\x20\x20\x69\x66\x20\x28\x21\
\x69\x73\x5f\x74\x63\x70\x5f\x69\x70\x76\x34\x28\x64\x61\x74\x61\x2c\x20\x64\
\x61\x74\x61\x5f\x65\x6e\x64\x29\x29\x20\x7b\0\x20\x20\x20\x20\x69\x66\x20\x28\
\x69\x70\x2d\x3e\x69\x68\x6c\x20\x3c\x20\x35\x29\x20\x7b\x20\x20\x2f\x2f\x20\
\x4d\x61\x6c\x66\x6f\x72\x6d\x65\x64\x20\x49\x50\x20\x68\x65\x61\x64\x65\x72\0\
\x20\x20\x20\x20\x69\x6e\x74\x20\x69\x70\x5f\x68\x6c\x20\x3d\x20\x69\x70\x2d\
\x3e\x69\x68\x6c\x20\x2a\x20\x34\x3b\0\x20\x20\x20\x20\x72\x65\x74\x75\x72\x6e\
\x20\x64\x61\x74\x61\x20\x2b\x20\x6e\x65\x65\x64\x20\x3c\x3d\x20\x64\x61\x74\
\x61\x5f\x65\x6e\x64\x3b\0\x20\x20\x20\x20\x69\x66\x20\x28\x21\x76\x65\x72\x69\
\x66\x69\x65\x72\x5f\x63\x68\x65\x63\x6b\x65\x72\x28\x69\x70\x2c\x20\x64\x61\
\x74\x61\x5f\x65\x6e\x64\x2c\x20\x69\x70\x5f\x68\x6c\x29\x29\x20\x7b\0\x74\x63\
\x70\x68\x64\x72\0\x73\x6f\x75\x72\x63\x65\0\x64\x65\x73\x74\0\x73\x65\x71\0\
\x61\x63\x6b\x5f\x73\x65\x71\0\x72\x65\x73\x31\0\x64\x6f\x66\x66\0\x66\x69\x6e\
\0\x73\x79\x6e\0\x72\x73\x74\0\x70\x73\x68\0\x61\x63\x6b\0\x75\x72\x67\0\x65\
\x63\x65\0\x63\x77\x72\0\x77\x69\x6e\x64\x6f\x77\0\x75\x72\x67\x5f\x70\x74\x72\
\0\x30\x3a\x35\0\x20\x20\x20\x20\x69\x66\x20\x28\x74\x63\x70\x2d\x3e\x64\x6f\
\x66\x66\x20\x3c\x20\x35\x29\x20\x7b\x20\x20\x2f\x2f\x20\x4d\x61\x6c\x66\x6f\
\x72\x6d\x65\x64\x20\x54\x43\x50\x20\x68\x65\x61\x64\x65\x72\0\x20\x20\x20\x20\
\x69\x6e\x74\x20\x74\x63\x70\x5f\x68\x6c\x20\x3d\x20\x74\x63\x70\x2d\x3e\x64\
\x6f\x66\x66\x20\x2a\x20\x34\x3b\0\x20\x20\x20\x20\x69\x66\x20\x28\x21\x76\x65\
\x72\x69\x66\x69\x65\x72\x5f\x63\x68\x65\x63\x6b\x65\x72\x28\x74\x63\x70\x2c\
\x20\x64\x61\x74\x61\x5f\x65\x6e\x64\x2c\x20\x74\x63\x70\x5f\x68\x6c\x29\x29\
\x20\x7b\0\x30\x3a\x31\0\x20\x20\x20\x20\x69\x66\x20\x28\x74\x63\x70\x2d\x3e\
\x64\x65\x73\x74\x20\x3d\x3d\x20\x62\x70\x66\x5f\x68\x74\x6f\x6e\x73\x28\x32\
\x32\x29\x20\x7c\x7c\x20\x74\x63\x70\x2d\x3e\x73\x6f\x75\x72\x63\x65\x20\x3d\
\x3d\x20\x62\x70\x66\x5f\x68\x74\x6f\x6e\x73\x28\x32\x32\x29\x29\x20\x7b\0\x20\
\x20\x20\x20\x69\x66\x20\x28\x74\x63\x70\x2d\x3e\x64\x65\x73\x74\x3d\x3d\x20\
\x62\x70\x66\x5f\x68\x74\x6f\x6e\x73\x28\x33\x33\x38\x39\x29\x20\x7c\x7c\x20\
\x74\x63\x70\x2d\x3e\x73\x6f\x75\x72\x63\x65\x20\x3d\x3d\x20\x62\x70\x66\x5f\
\x68\x74\x6f\x6e\x73\x28\x33\x33\x38\x39\x29\x29\0\x20\x20\x20\x20\x69\x66\x20\
\x28\x69\x70\x5f\x6c\x65\x6e\x20\x3c\x20\x69\x70\x5f\x68\x6c\x20\x2b\x20\x74\
\x63\x70\x5f\x68\x6c\x29\x20\x7b\0\x30\x3a\x33\0\x20\x20\x20\x20\x5f\x5f\x75\
\x31\x36\x20\x69\x70\x5f\x6c\x65\x6e\x20\x3d\x20\x62\x70\x66\x5f\x6e\x74\x6f\
\x68\x73\x28\x69\x70\x2d\x3e\x74\x6f\x74\x5f\x6c\x65\x6e\x29\x3b\x20\x20\x2f\
\x2f\x20\x49\x50\x20\x74\x6f\x74\x61\x6c\x20\x6c\x65\x6e\x67\x74\x68\x20\x66\
\x69\x65\x6c\x64\0\x20\x20\x20\x20\x69\x66\x20\x28\x74\x63\x70\x2d\x3e\x73\x79\
\x6e\x20\x26\x26\x20\x21\x74\x63\x70\x2d\x3e\x61\x63\x6b\x20\x26\x26\x20\x21\
\x74\x63\x70\x2d\x3e\x72\x73\x74\x29\x20\x20\x72\x65\x74\x75\x72\x6e\x20\x74\
\x72\x75\x65\x3b\x20\x20\x2f\x2f\x20\x53\x59\x4e\0\x30\x3a\x31\x30\0\x30\x3a\
\x38\0\x20\x20\x20\x20\x69\x66\x20\x28\x74\x63\x70\x2d\x3e\x73\x79\x6e\x20\x26\
\x26\x20\x74\x63\x70\x2d\x3e\x61\x63\x6b\x20\x26\x26\x20\x21\x74\x63\x70\x2d\
\x3e\x72\x73\x74\x29\x20\x20\x20\x72\x65\x74\x75\x72\x6e\x20\x74\x72\x75\x65\
\x3b\x20\x20\x2f\x2f\x20\x53\x59\x4e\x2d\x41\x43\x4b\x20\x28\x4f\x6e\x20\x45\
\x67\x72\x65\x73\x73\x2c\x20\x49\x20\x64\x6f\x6e\x27\x74\x20\x6e\x65\x65\x64\
\x20\x74\x68\x69\x73\x20\x63\x68\x65\x63\x6b\x29\0\x20\x20\x20\x20\x69\x66\x20\
\x28\x21\x74\x63\x70\x2d\x3e\x73\x79\x6e\x20\x26\x26\x20\x74\x63\x70\x2d\x3e\
\x61\x63\x6b\x20\x26\x26\x20\x70\x61\x79\x6c\x6f\x61\x64\x5f\x6c\x65\x6e\x20\
\x3d\x3d\x20\x30\x29\x20\x20\x72\x65\x74\x75\x72\x6e\x20\x74\x72\x75\x65\x3b\
\x20\x20\x2f\x2f\x20\x41\x6e\x79\x20\x73\x69\x6d\x70\x6c\x65\x20\x41\x43\x4b\
\x20\x28\x69\x6e\x63\x6c\x75\x64\x65\x73\x20\x68\x61\x6e\x64\x73\x68\x61\x6b\
\x65\x20\x41\x43\x4b\x20\x74\x6f\x6f\x29\0\x20\x20\x20\x20\x69\x66\x20\x28\x74\
\x63\x70\x2d\x3e\x72\x73\x74\x29\x20\x20\x20\x72\x65\x74\x75\x72\x6e\x20\x74\
\x72\x75\x65\x3b\x20\x20\x2f\x2f\x20\x52\x65\x73\x65\x74\x20\x66\x6c\x61\x67\
\x20\x66\x6f\x75\x6e\x64\x3b\x20\x64\x6f\x6e\x27\x74\x20\x74\x6f\x75\x63\x68\0\
\x30\x3a\x36\0\x20\x20\x20\x20\x69\x66\x20\x28\x74\x63\x70\x2d\x3e\x66\x69\x6e\
\x29\x20\x20\x20\x72\x65\x74\x75\x72\x6e\x20\x74\x72\x75\x65\x3b\x20\x20\x2f\
\x2f\x20\x46\x49\x4e\x2f\x69\x6d\x70\x6c\x69\x63\x69\x74\x20\x41\x43\x4b\x3b\
\x20\x64\x6f\x6e\x27\x74\x20\x74\x6f\x75\x63\x68\0\x20\x20\x20\x20\x69\x66\x20\
\x28\x69\x73\x5f\x48\x53\x5f\x41\x43\x4b\x28\x74\x63\x70\x2c\x20\x74\x63\x70\
\x5f\x70\x61\x79\x6c\x6f\x61\x64\x5f\x6c\x65\x6e\x29\x29\x20\x7b\0\x20\x20\x20\
\x20\x62\x70\x66\x5f\x70\x72\x69\x6e\x74\x6b\x28\x22\x49\x6e\x69\x74\x69\x61\
\x6c\x20\x70\x61\x63\x6b\x65\x74\x20\x6c\x65\x6e\x67\x74\x68\x20\x69\x73\x3a\
\x20\x25\x75\x5c\x6e\x22\x2c\x20\x69\x6e\x69\x74\x5f\x70\x6b\x74\x5f\x6c\x65\
\x6e\x29\x3b\x20\x20\x2f\x2f\x20\x77\x68\x6f\x6c\x65\x20\x70\x61\x63\x6b\x65\
\x74\x20\x69\x6e\x63\x6c\x75\x64\x69\x6e\x67\x20\x4c\x32\x20\x28\x45\x74\x68\
\x29\0\x20\x20\x20\x20\x73\x74\x72\x75\x63\x74\x20\x62\x70\x66\x5f\x66\x69\x62\
\x5f\x6c\x6f\x6f\x6b\x75\x70\x20\x66\x69\x62\x20\x3d\x20\x7b\x7d\x3b\0\x62\x70\
\x66\x5f\x66\x69\x62\x5f\x6c\x6f\x6f\x6b\x75\x70\0\x6c\x34\x5f\x70\x72\x6f\x74\
\x6f\x63\x6f\x6c\0\x73\x6d\x61\x63\0\x64\x6d\x61\x63\0\x6d\x74\x75\x5f\x72\x65\
\x73\x75\x6c\x74\0\x66\x6c\x6f\x77\x69\x6e\x66\x6f\0\x72\x74\x5f\x6d\x65\x74\
\x72\x69\x63\0\x69\x70\x76\x34\x5f\x73\x72\x63\0\x69\x70\x76\x36\x5f\x73\x72\
\x63\0\x69\x70\x76\x34\x5f\x64\x73\x74\0\x69\x70\x76\x36\x5f\x64\x73\x74\0\x74\
\x62\x69\x64\0\x68\x5f\x76\x6c\x61\x6e\x5f\x70\x72\x6f\x74\x6f\0\x68\x5f\x76\
\x6c\x61\x6e\x5f\x54\x43\x49\0\x20\x20\x20\x20\x66\x69\x62\x2e\x66\x61\x6d\x69\
\x6c\x79\x20\x3d\x20\x41\x46\x5f\x49\x4e\x45\x54\x3b\0\x20\x20\x20\x20\x66\x69\
\x62\x2e\x69\x66\x69\x6e\x64\x65\x78\x20\x3d\x20\x63\x74\x78\x2d\x3e\x69\x66\
\x69\x6e\x64\x65\x78\x3b\0\x20\x20\x20\x20\x66\x69\x62\x2e\x74\x6f\x73\x20\x3d\
\x20\x69\x70\x2d\x3e\x74\x6f\x73\x3b\0\x30\x3a\x36\x3a\x30\0\x20\x20\x20\x20\
\x66\x69\x62\x2e\x6c\x34\x5f\x70\x72\x6f\x74\x6f\x63\x6f\x6c\x20\x3d\x20\x49\
\x50\x50\x52\x4f\x54\x4f\x5f\x54\x43\x50\x3b\0\x20\x20\x20\x20\x66\x69\x62\x2e\
\x73\x70\x6f\x72\x74\x20\x3d\x20\x74\x63\x70\x2d\x3e\x73\x6f\x75\x72\x63\x65\
\x3b\0\x20\x20\x20\x20\x66\x69\x62\x2e\x64\x70\x6f\x72\x74\x20\x3d\x20\x74\x63\
\x70\x2d\x3e\x64\x65\x73\x74\x3b\0\x30\x3a\x39\x3a\x30\x3a\x30\0\x20\x20\x20\
\x20\x66\x69\x62\x2e\x69\x70\x76\x34\x5f\x73\x72\x63\x20\x3d\x20\x69\x70\x2d\
\x3e\x73\x61\x64\x64\x72\x3b\0\x30\x3a\x37\x3a\x30\0\x30\x3a\x39\x3a\x30\x3a\
\x31\0\x20\x20\x20\x20\x66\x69\x62\x2e\x69\x70\x76\x34\x5f\x64\x73\x74\x20\x3d\
\x20\x69\x70\x2d\x3e\x64\x61\x64\x64\x72\x3b\0\x30\x3a\x38\x3a\x30\0\x30\x3a\
\x34\x3a\x30\0\x20\x20\x20\x20\x66\x69\x62\x2e\x74\x6f\x74\x5f\x6c\x65\x6e\x20\
\x3d\x20\x62\x70\x66\x5f\x68\x74\x6f\x6e\x73\x28\x69\x70\x5f\x6c\x65\x6e\x20\
\x2b\x20\x28\x44\x45\x56\x49\x43\x45\x5f\x4d\x54\x55\x20\x2d\x20\x69\x70\x5f\
\x6c\x65\x6e\x29\x29\x3b\x20\x20\x2f\x2f\x20\x41\x6c\x77\x61\x79\x73\x20\x70\
\x75\x73\x68\x20\x69\x74\x20\x74\x6f\x20\x74\x72\x69\x67\x67\x65\x72\x20\x46\
\x49\x42\x5f\x46\x52\x41\x47\x4d\x45\x4e\x54\x41\x54\x49\x4f\x4e\x5f\x4e\x45\
\x45\x44\x45\x44\0\x20\x20\x20\x20\x6c\x6f\x6e\x67\x20\x72\x65\x74\x20\x3d\x20\
\x62\x70\x66\x5f\x66\x69\x62\x5f\x6c\x6f\x6f\x6b\x75\x70\x28\x63\x74\x78\x2c\
\x20\x26\x66\x69\x62\x2c\x20\x73\x69\x7a\x65\x6f\x66\x28\x66\x69\x62\x29\x2c\
\x20\x42\x50\x46\x5f\x46\x49\x42\x5f\x4c\x4f\x4f\x4b\x55\x50\x5f\x4f\x55\x54\
\x50\x55\x54\x29\x3b\0\x20\x20\x20\x20\x69\x66\x20\x28\x72\x65\x74\x20\x3d\x3d\
\x20\x42\x50\x46\x5f\x46\x49\x42\x5f\x4c\x4b\x55\x50\x5f\x52\x45\x54\x5f\x46\
\x52\x41\x47\x5f\x4e\x45\x45\x44\x45\x44\x20\x7c\x7c\x20\x72\x65\x74\x20\x3d\
\x3d\x20\x30\x29\x20\x7b\0\x20\x20\x20\x20\x20\x20\x20\x20\x66\x69\x62\x5f\x6d\
\x74\x75\x20\x3d\x20\x66\x69\x62\x2e\x6d\x74\x75\x5f\x72\x65\x73\x75\x6c\x74\
\x3b\0\x30\x3a\x34\x3a\x31\0\x20\x20\x20\x20\x69\x66\x20\x28\x66\x69\x62\x5f\
\x6d\x74\x75\x20\x3c\x3d\x20\x30\x29\x20\x7b\0\x20\x20\x20\x20\x20\x20\x20\x20\
\x62\x70\x66\x5f\x70\x72\x69\x6e\x74\x6b\x28\x22\x53\x6f\x6d\x65\x74\x68\x69\
\x6e\x67\x20\x77\x65\x6e\x74\x20\x77\x72\x6f\x6e\x67\x20\x77\x69\x74\x68\x20\
\x46\x49\x42\x5f\x4d\x54\x55\x20\x6c\x6f\x6f\x6b\x75\x70\x2e\x22\x29\x3b\0\x20\
\x20\x20\x20\x62\x70\x66\x5f\x70\x72\x69\x6e\x74\x6b\x28\x22\x54\x68\x65\x20\
\x46\x69\x62\x2d\x4d\x54\x55\x20\x69\x73\x3a\x20\x25\x75\x5c\x6e\x22\x2c\x20\
\x66\x69\x62\x5f\x6d\x74\x75\x29\x3b\0\x20\x20\x20\x20\x20\x20\x20\x20\x2e\x73\
\x61\x64\x64\x72\x20\x3d\x20\x69\x70\x2d\x3e\x64\x61\x64\x64\x72\x2c\0\x20\x20\
\x20\x20\x73\x74\x72\x75\x63\x74\x20\x66\x6c\x6f\x77\x20\x61\x63\x6b\x5f\x69\
\x6e\x67\x72\x65\x73\x73\x5f\x6b\x65\x79\x20\x3d\x20\x7b\0\x20\x20\x20\x20\x20\
\x20\x20\x20\x2e\x64\x61\x64\x64\x72\x20\x3d\x20\x69\x70\x2d\x3e\x73\x61\x64\
\x64\x72\x2c\0\x20\x20\x20\x20\x69\x66\x20\x28\x70\x5f\x6d\x74\x75\x20\x26\x26\
\x20\x28\x70\x5f\x6d\x74\x75\x20\x3e\x20\x69\x70\x5f\x6c\x65\x6e\x29\x29\x20\
\x7b\0\x20\x20\x20\x20\x20\x20\x20\x20\x2e\x73\x70\x6f\x72\x74\x20\x3d\x20\x74\
\x63\x70\x2d\x3e\x64\x65\x73\x74\x2c\0\x20\x20\x20\x20\x69\x66\x20\x28\x70\x61\
\x64\x5f\x62\x79\x74\x65\x73\x20\x3e\x20\x4d\x41\x58\x5f\x50\x41\x44\x29\0\x20\
\x20\x20\x20\x20\x20\x20\x20\x2e\x64\x70\x6f\x72\x74\x20\x3d\x20\x74\x63\x70\
\x2d\x3e\x73\x6f\x75\x72\x63\x65\x2c\0\x20\x20\x20\x20\x20\x20\x20\x20\x2e\x73\
\x61\x64\x64\x72\x20\x3d\x20\x69\x70\x2d\x3e\x73\x61\x64\x64\x72\x2c\0\x20\x20\
\x20\x20\x73\x74\x72\x75\x63\x74\x20\x66\x6c\x6f\x77\x20\x73\x65\x71\x5f\x65\
\x67\x72\x65\x73\x73\x5f\x6b\x65\x79\x20\x3d\x20\x7b\0\x20\x20\x20\x20\x20\x20\
\x20\x20\x2e\x64\x61\x64\x64\x72\x20\x3d\x20\x69\x70\x2d\x3e\x64\x61\x64\x64\
\x72\x2c\0\x20\x20\x20\x20\x20\x20\x20\x20\x2e\x73\x70\x6f\x72\x74\x20\x3d\x20\
\x74\x63\x70\x2d\x3e\x73\x6f\x75\x72\x63\x65\x2c\0\x20\x20\x20\x20\x20\x20\x20\
\x20\x2e\x64\x70\x6f\x72\x74\x20\x3d\x20\x74\x63\x70\x2d\x3e\x64\x65\x73\x74\
\x2c\0\x20\x20\x20\x20\x5f\x5f\x62\x65\x33\x32\x20\x74\x72\x61\x6e\x73\x6c\x61\
\x74\x65\x64\x5f\x73\x65\x71\x5f\x6e\x75\x6d\x20\x3d\x20\x74\x63\x70\x2d\x3e\
\x73\x65\x71\x3b\x20\x20\x2f\x2f\x20\x28\x75\x70\x64\x61\x74\x65\x64\x20\x73\
\x6f\x6f\x6e\x29\0\x20\x20\x20\x20\x73\x74\x72\x75\x63\x74\x20\x61\x63\x6b\x5f\
\x69\x6e\x67\x72\x65\x73\x73\x5f\x69\x6e\x66\x6f\x20\x2a\x69\x73\x5f\x72\x65\
\x74\x72\x61\x6e\x73\x6d\x69\x74\x20\x3d\x20\x62\x70\x66\x5f\x6d\x61\x70\x5f\
\x6c\x6f\x6f\x6b\x75\x70\x5f\x65\x6c\x65\x6d\x28\x26\x61\x63\x6b\x5f\x69\x6e\
\x67\x72\x65\x73\x73\x5f\x66\x69\x78\x2c\x20\x26\x61\x63\x6b\x5f\x69\x6e\x67\
\x72\x65\x73\x73\x5f\x6b\x65\x79\x29\x3b\0\x20\x20\x20\x20\x69\x66\x20\x28\x69\
\x73\x5f\x72\x65\x74\x72\x61\x6e\x73\x6d\x69\x74\x29\x20\x7b\0\x20\x20\x20\x20\
\x20\x20\x20\x20\x68\x69\x67\x68\x65\x73\x74\x5f\x73\x65\x6e\x74\x5f\x64\x61\
\x74\x61\x5f\x6c\x65\x6e\x20\x3d\x20\x69\x73\x5f\x72\x65\x74\x72\x61\x6e\x73\
\x6d\x69\x74\x2d\x3e\x61\x63\x6b\x5f\x69\x6e\x67\x72\x65\x73\x73\x3b\0\x20\x20\
\x20\x20\x20\x20\x20\x20\x2e\x61\x63\x6b\x5f\x69\x6e\x67\x72\x65\x73\x73\x20\
\x3d\x20\x74\x63\x70\x2d\x3e\x73\x65\x71\x20\x2b\x20\x62\x70\x66\x5f\x68\x74\
\x6f\x6e\x6c\x28\x74\x63\x70\x5f\x70\x61\x79\x6c\x6f\x61\x64\x5f\x6c\x65\x6e\
\x29\x2c\x20\x20\x2f\x2f\x20\x6e\x65\x74\x77\x6f\x72\x6b\x2d\x62\x79\x74\x65\
\x20\x6f\x72\x64\x65\x72\0\x20\x20\x20\x20\x73\x74\x72\x75\x63\x74\x20\x61\x63\
\x6b\x5f\x69\x6e\x67\x72\x65\x73\x73\x5f\x69\x6e\x66\x6f\x20\x61\x63\x6b\x5f\
\x69\x6e\x67\x72\x65\x73\x73\x5f\x76\x61\x6c\x20\x3d\x20\x7b\0\x20\x20\x20\x20\
\x62\x70\x66\x5f\x6d\x61\x70\x5f\x75\x70\x64\x61\x74\x65\x5f\x65\x6c\x65\x6d\
\x28\x26\x61\x63\x6b\x5f\x69\x6e\x67\x72\x65\x73\x73\x5f\x66\x69\x78\x2c\x20\
\x26\x61\x63\x6b\x5f\x69\x6e\x67\x72\x65\x73\x73\x5f\x6b\x65\x79\x2c\x20\x26\
\x61\x63\x6b\x5f\x69\x6e\x67\x72\x65\x73\x73\x5f\x76\x61\x6c\x2c\x20\x42\x50\
\x46\x5f\x41\x4e\x59\x29\x3b\0\x20\x20\x20\x20\x69\x66\x20\x28\x70\x61\x64\x5f\
\x62\x79\x74\x65\x73\x20\x3e\x3d\x20\x34\x29\x20\x7b\x20\x20\x2f\x2f\x20\x4e\
\x65\x65\x64\x20\x6d\x69\x6e\x69\x6d\x75\x6d\x20\x6f\x66\x20\x34\x20\x62\x79\
\x74\x65\x73\x20\x61\x76\x61\x69\x6c\x61\x62\x6c\x65\x20\x66\x6f\x72\x20\x65\
\x6e\x63\x6f\x64\x69\x6e\x67\x20\x6f\x72\x69\x67\x69\x6e\x61\x6c\x20\x6c\x65\
\x6e\x67\x74\x68\x20\x7c\x20\x49\x20\x63\x61\x6e\x20\x73\x68\x72\x69\x6e\x6b\
\x20\x74\x68\x65\x20\x70\x61\x63\x6b\x65\x74\x20\x61\x6e\x64\x20\x61\x64\x64\
\x20\x74\x68\x65\x20\x6c\x65\x66\x74\x6f\x76\x65\x72\x20\x74\x6f\x20\x6e\x65\
\x78\x74\x20\x70\x61\x63\x6b\x65\x74\x20\x74\x6f\x6f\x2e\0\x20\x20\x20\x20\x20\
\x20\x20\x20\x62\x70\x66\x5f\x70\x72\x69\x6e\x74\x6b\x28\x22\x50\x61\x64\x20\
\x42\x79\x74\x65\x73\x3a\x20\x25\x75\x2e\x20\x50\x61\x63\x6b\x65\x74\x20\x6c\
\x65\x6e\x67\x74\x68\x20\x69\x73\x20\x3c\x20\x50\x4d\x54\x55\x2e\x20\x50\x61\
\x64\x64\x69\x6e\x67\x2e\x5c\x6e\x22\x2c\x20\x70\x61\x64\x5f\x62\x79\x74\x65\
\x73\x29\x3b\0\x20\x20\x20\x20\x20\x20\x20\x20\x69\x66\x20\x28\x62\x70\x66\x5f\
\x73\x6b\x62\x5f\x63\x68\x61\x6e\x67\x65\x5f\x74\x61\x69\x6c\x28\x63\x74\x78\
\x2c\x20\x69\x6e\x69\x74\x5f\x70\x6b\x74\x5f\x6c\x65\x6e\x20\x2b\x20\x70\x61\
\x64\x5f\x62\x79\x74\x65\x73\x2c\x20\x30\x29\x29\x20\x7b\x20\x20\x2f\x2f\x20\
\x4e\x54\x43\x20\x42\x50\x46\x5f\x46\x5f\x49\x4e\x56\x41\x4c\x49\x44\x41\x54\
\x45\x5f\x48\x41\x53\x48\x20\x66\x6c\x61\x67\x20\x68\x65\x72\x65\x3b\x20\x49\
\x20\x63\x61\x6e\x20\x61\x6c\x73\x6f\x20\x73\x6b\x69\x70\x20\x62\x70\x66\x5f\
\x73\x65\x74\x5f\x68\x61\x73\x68\x5f\x69\x6e\x76\x61\x6c\x69\x64\x28\x29\x20\
\x62\x65\x63\x61\x75\x73\x65\x20\x74\x68\x69\x73\x20\x69\x73\x20\x6e\x6f\x74\
\x20\x54\x43\x2d\x49\x6e\x67\x72\x65\x73\x73\x20\x52\x58\x20\x70\x61\x74\x68\0\
\x20\x20\x20\x20\x20\x20\x20\x20\x20\x20\x20\x20\x62\x70\x66\x5f\x70\x72\x69\
\x6e\x74\x6b\x28\x22\x45\x72\x72\x6f\x72\x20\x77\x69\x74\x68\x20\x63\x68\x61\
\x6e\x67\x69\x6e\x67\x20\x74\x61\x69\x6c\x20\x74\x6f\x20\x74\x68\x65\x20\x70\
\x61\x63\x6b\x65\x74\x21\x5c\x6e\x22\x29\x3b\0\x20\x20\x20\x20\x20\x20\x20\x20\
\x62\x70\x66\x5f\x70\x72\x69\x6e\x74\x6b\x28\x22\x50\x61\x63\x6b\x65\x74\x20\
\x6c\x65\x6e\x67\x74\x68\x20\x69\x73\x20\x3e\x3d\x20\x50\x4d\x54\x55\x2e\x20\
\x44\x6f\x6e\x27\x74\x20\x50\x61\x64\x2e\x5c\x6e\x22\x29\x3b\0\x20\x20\x20\x20\
\x20\x20\x20\x20\x73\x74\x72\x75\x63\x74\x20\x73\x65\x71\x5f\x65\x67\x72\x65\
\x73\x73\x5f\x69\x6e\x66\x6f\x20\x2a\x73\x65\x71\x5f\x65\x67\x72\x65\x73\x73\
\x5f\x69\x6e\x66\x6f\x20\x3d\x20\x62\x70\x66\x5f\x6d\x61\x70\x5f\x6c\x6f\x6f\
\x6b\x75\x70\x5f\x65\x6c\x65\x6d\x28\x26\x73\x65\x71\x5f\x65\x67\x72\x65\x73\
\x73\x5f\x66\x69\x78\x2c\x20\x26\x73\x65\x71\x5f\x65\x67\x72\x65\x73\x73\x5f\
\x6b\x65\x79\x29\x3b\0\x20\x20\x20\x20\x20\x20\x20\x20\x69\x66\x20\x28\x73\x65\
\x71\x5f\x65\x67\x72\x65\x73\x73\x5f\x69\x6e\x66\x6f\x29\x20\x7b\x20\x20\x2f\
\x2f\x20\x73\x65\x71\x5f\x6e\x75\x6d\x20\x65\x78\x69\x73\x74\x73\x20\x69\x6e\
\x20\x74\x68\x65\x20\x6d\x61\x70\x20\x61\x6c\x72\x65\x61\x64\x79\x3b\x20\x6e\
\x6f\x74\x20\x74\x68\x65\x20\x66\x69\x72\x73\x74\x20\x65\x76\x65\x72\x20\x70\
\x61\x63\x6b\x65\x74\x20\x6f\x66\x20\x74\x68\x69\x73\x20\x66\x6c\x6f\x77\0\x20\
\x20\x20\x20\x20\x20\x20\x20\x20\x20\x20\x20\x74\x63\x70\x2d\x3e\x73\x65\x71\
\x20\x3d\x20\x73\x65\x71\x5f\x65\x67\x72\x65\x73\x73\x5f\x69\x6e\x66\x6f\x2d\
\x3e\x73\x65\x71\x5f\x65\x67\x72\x65\x73\x73\x3b\0\x20\x20\x20\x20\x20\x20\x20\
\x20\x20\x20\x20\x20\x20\x20\x20\x20\x2e\x73\x65\x71\x5f\x65\x67\x72\x65\x73\
\x73\x20\x3d\x20\x73\x65\x71\x5f\x65\x67\x72\x65\x73\x73\x5f\x69\x6e\x66\x6f\
\x2d\x3e\x73\x65\x71\x5f\x65\x67\x72\x65\x73\x73\x20\x2b\x20\x62\x70\x66\x5f\
\x68\x74\x6f\x6e\x6c\x28\x74\x63\x70\x5f\x70\x61\x79\x6c\x6f\x61\x64\x5f\x6c\
\x65\x6e\x29\x2c\0\x20\x20\x20\x20\x20\x20\x20\x20\x20\x20\x20\x20\x73\x74\x72\
\x75\x63\x74\x20\x73\x65\x71\x5f\x65\x67\x72\x65\x73\x73\x5f\x69\x6e\x66\x6f\
\x20\x6e\x78\x74\x5f\x73\x65\x71\x5f\x76\x61\x6c\x20\x3d\x20\x7b\0\x20\x20\x20\
\x20\x20\x20\x20\x20\x20\x20\x20\x20\x62\x70\x66\x5f\x6d\x61\x70\x5f\x75\x70\
\x64\x61\x74\x65\x5f\x65\x6c\x65\x6d\x28\x26\x73\x65\x71\x5f\x65\x67\x72\x65\
\x73\x73\x5f\x66\x69\x78\x2c\x20\x26\x73\x65\x71\x5f\x65\x67\x72\x65\x73\x73\
\x5f\x6b\x65\x79\x2c\x20\x26\x6e\x78\x74\x5f\x73\x65\x71\x5f\x76\x61\x6c\x2c\
\x20\x42\x50\x46\x5f\x45\x58\x49\x53\x54\x29\x3b\0\x20\x20\x20\x20\x20\x20\x20\
\x20\x20\x20\x20\x20\x69\x66\x20\x28\x62\x70\x66\x5f\x6c\x34\x5f\x63\x73\x75\
\x6d\x5f\x72\x65\x70\x6c\x61\x63\x65\x28\x63\x74\x78\x2c\x20\x6f\x66\x66\x73\
\x65\x74\x6f\x66\x28\x73\x74\x72\x75\x63\x74\x20\x74\x63\x70\x68\x64\x72\x2c\
\x20\x63\x68\x65\x63\x6b\x29\x2c\x20\x63\x75\x72\x72\x5f\x73\x65\x71\x5f\x6e\
\x75\x6d\x2c\x20\x74\x72\x61\x6e\x73\x6c\x61\x74\x65\x64\x5f\x73\x65\x71\x5f\
\x6e\x75\x6d\x2c\x20\x34\x29\x29\x20\x7b\x20\x20\x2f\x2f\x20\x61\x6c\x6c\x20\
\x6e\x65\x74\x77\x6f\x72\x6b\x2d\x62\x79\x74\x65\x20\x6f\x72\x64\x65\x72\0\x20\
\x20\x20\x20\x20\x20\x20\x20\x20\x20\x20\x20\x20\x20\x20\x20\x62\x70\x66\x5f\
\x70\x72\x69\x6e\x74\x6b\x28\x22\x53\x6f\x6d\x65\x74\x68\x69\x6e\x67\x20\x77\
\x65\x6e\x74\x20\x77\x72\x6f\x6e\x67\x20\x77\x69\x74\x68\x20\x54\x43\x50\x2d\
\x3e\x53\x45\x51\x20\x6c\x34\x5f\x63\x73\x75\x6d\x5f\x72\x65\x70\x6c\x61\x63\
\x65\x28\x29\x2e\x5c\x6e\x22\x29\x3b\0\x20\x20\x20\x20\x20\x20\x20\x20\x5f\x5f\
\x75\x33\x32\x20\x6d\x64\x66\x5f\x70\x6b\x74\x5f\x6c\x65\x6e\x20\x3d\x20\x63\
\x74\x78\x2d\x3e\x6c\x65\x6e\x3b\0\x20\x20\x20\x20\x20\x20\x20\x20\x64\x61\x74\
\x61\x20\x3d\x20\x28\x76\x6f\x69\x64\x20\x2a\x29\x20\x28\x5f\x5f\x75\x36\x34\
\x29\x20\x63\x74\x78\x2d\x3e\x64\x61\x74\x61\x3b\x20\x20\x2f\x2f\x20\x28\x75\
\x6e\x73\x69\x67\x6e\x65\x64\x20\x6c\x6f\x6e\x67\x29\x20\x3d\x3d\x20\x28\x75\
\x36\x34\x29\0\x20\x20\x20\x20\x20\x20\x20\x20\x64\x61\x74\x61\x5f\x65\x6e\x64\
\x20\x3d\x20\x28\x76\x6f\x69\x64\x20\x2a\x29\x20\x28\x5f\x5f\x75\x36\x34\x29\
\x20\x63\x74\x78\x2d\x3e\x64\x61\x74\x61\x5f\x65\x6e\x64\x3b\x20\x20\x2f\x2f\
\x20\x54\x68\x69\x73\x20\x73\x68\x6f\x75\x6c\x64\x20\x70\x6f\x69\x6e\x74\x20\
\x74\x6f\x20\x70\x61\x79\x6c\x6f\x61\x64\x20\x65\x6e\x64\x20\x62\x65\x63\x61\
\x75\x73\x65\x20\x62\x70\x66\x5f\x73\x6b\x62\x5f\x63\x68\x61\x6e\x67\x65\x5f\
\x74\x61\x69\x6c\x20\x69\x6e\x74\x65\x72\x6e\x61\x6c\x6c\x79\x20\x6c\x69\x6e\
\x65\x61\x72\x69\x7a\x65\x73\x20\x74\x68\x65\x20\x77\x68\x6f\x6c\x65\x20\x70\
\x61\x63\x6b\x65\x74\0\x20\x20\x20\x20\x20\x20\x20\x20\x69\x66\x20\x28\x21\x76\
\x65\x72\x69\x66\x69\x65\x72\x5f\x63\x68\x65\x63\x6b\x65\x72\x28\x65\x74\x68\
\x20\x2b\x20\x31\x2c\x20\x64\x61\x74\x61\x5f\x65\x6e\x64\x2c\x20\x30\x29\x29\
\x20\x7b\0\x20\x20\x20\x20\x20\x20\x20\x20\x69\x70\x5f\x68\x6c\x20\x3d\x20\x69\
\x70\x2d\x3e\x69\x68\x6c\x20\x2a\x20\x34\x3b\0\x20\x20\x20\x20\x20\x20\x20\x20\
\x69\x66\x20\x28\x21\x76\x65\x72\x69\x66\x69\x65\x72\x5f\x63\x68\x65\x63\x6b\
\x65\x72\x28\x69\x70\x2c\x20\x64\x61\x74\x61\x5f\x65\x6e\x64\x2c\x20\x69\x70\
\x5f\x68\x6c\x29\x29\x20\x7b\0\x20\x20\x20\x20\x20\x20\x20\x20\x74\x63\x70\x5f\
\x68\x6c\x20\x3d\x20\x74\x63\x70\x2d\x3e\x64\x6f\x66\x66\x20\x2a\x20\x34\x3b\0\
\x20\x20\x20\x20\x20\x20\x20\x20\x69\x66\x20\x28\x21\x76\x65\x72\x69\x66\x69\
\x65\x72\x5f\x63\x68\x65\x63\x6b\x65\x72\x28\x74\x63\x70\x2c\x20\x64\x61\x74\
\x61\x5f\x65\x6e\x64\x2c\x20\x74\x63\x70\x5f\x68\x6c\x29\x29\x20\x7b\0\x20\x20\
\x20\x20\x20\x20\x20\x20\x5f\x5f\x75\x31\x36\x20\x6e\x65\x77\x5f\x69\x70\x5f\
\x6c\x65\x6e\x20\x3d\x20\x69\x70\x5f\x6c\x65\x6e\x20\x2b\x20\x70\x61\x64\x5f\
\x62\x79\x74\x65\x73\x3b\0\x20\x20\x20\x20\x20\x20\x20\x20\x69\x70\x2d\x3e\x74\
\x6f\x74\x5f\x6c\x65\x6e\x20\x3d\x20\x62\x70\x66\x5f\x68\x74\x6f\x6e\x73\x28\
\x6e\x65\x77\x5f\x69\x70\x5f\x6c\x65\x6e\x29\x3b\0\x20\x20\x20\x20\x20\x20\x20\
\x20\x69\x66\x20\x28\x6e\x65\x77\x5f\x69\x70\x5f\x6c\x65\x6e\x20\x3e\x20\x36\
\x35\x35\x33\x35\x29\x20\x7b\x20\x20\x2f\x2f\x20\x53\x6f\x6d\x65\x74\x68\x69\
\x6e\x67\x20\x77\x65\x6e\x74\x20\x77\x72\x6f\x6e\x67\0\x20\x20\x20\x20\x20\x20\
\x20\x20\x5f\x5f\x75\x33\x32\x20\x74\x63\x70\x5f\x70\x61\x79\x6c\x6f\x61\x64\
\x5f\x6c\x65\x6e\x5f\x6e\x65\x77\x20\x3d\x20\x6e\x65\x77\x5f\x69\x70\x5f\x6c\
\x65\x6e\x20\x2d\x20\x69\x70\x5f\x68\x6c\x20\x2d\x20\x74\x63\x70\x5f\x68\x6c\
\x3b\x20\x20\x2f\x2f\x20\x61\x6c\x6c\x20\x68\x6f\x73\x74\x2d\x62\x79\x74\x65\
\x20\x6f\x72\x64\x65\x72\0\x20\x20\x20\x20\x20\x20\x20\x20\x69\x66\x20\x28\x73\
\x65\x71\x5f\x65\x67\x72\x65\x73\x73\x5f\x69\x6e\x66\x6f\x29\x20\x7b\x20\x20\
\x2f\x2f\x20\x73\x65\x71\x5f\x6e\x75\x6d\x20\x65\x78\x69\x73\x74\x73\x20\x69\
\x6e\x20\x74\x68\x65\x20\x6d\x61\x70\x20\x61\x6c\x72\x65\x61\x64\x79\x3b\x20\
\x75\x70\x64\x61\x74\x65\x20\x69\x74\x20\x61\x6e\x64\x20\x66\x69\x78\x20\x63\
\x75\x72\x72\x65\x6e\x74\x20\x70\x6b\x74\x20\x73\x65\x71\x5f\x6e\x75\x6d\0\x20\
\x20\x20\x20\x20\x20\x20\x20\x20\x20\x20\x20\x69\x66\x20\x28\x68\x69\x67\x68\
\x65\x73\x74\x5f\x73\x65\x6e\x74\x5f\x64\x61\x74\x61\x5f\x6c\x65\x6e\x20\x26\
\x26\x20\x21\x28\x62\x70\x66\x5f\x6e\x74\x6f\x68\x6c\x28\x74\x63\x70\x2d\x3e\
\x73\x65\x71\x29\x20\x3c\x20\x68\x69\x67\x68\x65\x73\x74\x5f\x73\x65\x6e\x74\
\x5f\x64\x61\x74\x61\x5f\x6c\x65\x6e\x29\x29\x20\x7b\x20\x20\x2f\x2f\x20\x70\
\x61\x63\x6b\x65\x74\x20\x69\x73\x20\x2a\x4e\x4f\x54\x2a\x20\x72\x65\x74\x72\
\x61\x6e\x73\x6d\x69\x74\0\x20\x20\x20\x20\x20\x20\x20\x20\x20\x20\x20\x20\x20\
\x20\x20\x20\x74\x63\x70\x2d\x3e\x73\x65\x71\x20\x3d\x20\x73\x65\x71\x5f\x65\
\x67\x72\x65\x73\x73\x5f\x69\x6e\x66\x6f\x2d\x3e\x73\x65\x71\x5f\x65\x67\x72\
\x65\x73\x73\x3b\x20\x20\x2f\x2f\x20\x4e\x6f\x20\x68\x74\x6f\x6e\x6c\x20\x61\
\x73\x20\x69\x74\x73\x20\x61\x6c\x72\x65\x61\x64\x79\x20\x5f\x5f\x62\x65\x33\
\x32\0\x20\x20\x20\x20\x20\x20\x20\x20\x20\x20\x20\x20\x20\x20\x20\x20\x20\x20\
\x20\x20\x2e\x73\x65\x71\x5f\x65\x67\x72\x65\x73\x73\x20\x3d\x20\x73\x65\x71\
\x5f\x65\x67\x72\x65\x73\x73\x5f\x69\x6e\x66\x6f\x2d\x3e\x73\x65\x71\x5f\x65\
\x67\x72\x65\x73\x73\x20\x2b\x20\x62\x70\x66\x5f\x68\x74\x6f\x6e\x6c\x28\x74\
\x63\x70\x5f\x70\x61\x79\x6c\x6f\x61\x64\x5f\x6c\x65\x6e\x5f\x6e\x65\x77\x29\
\x2c\0\x20\x20\x20\x20\x20\x20\x20\x20\x20\x20\x20\x20\x20\x20\x20\x20\x73\x74\
\x72\x75\x63\x74\x20\x73\x65\x71\x5f\x65\x67\x72\x65\x73\x73\x5f\x69\x6e\x66\
\x6f\x20\x6e\x78\x74\x5f\x73\x65\x71\x5f\x76\x61\x6c\x20\x3d\x20\x7b\0\x20\x20\
\x20\x20\x20\x20\x20\x20\x20\x20\x20\x20\x20\x20\x20\x20\x62\x70\x66\x5f\x6d\
\x61\x70\x5f\x75\x70\x64\x61\x74\x65\x5f\x65\x6c\x65\x6d\x28\x26\x73\x65\x71\
\x5f\x65\x67\x72\x65\x73\x73\x5f\x66\x69\x78\x2c\x20\x26\x73\x65\x71\x5f\x65\
\x67\x72\x65\x73\x73\x5f\x6b\x65\x79\x2c\x20\x26\x6e\x78\x74\x5f\x73\x65\x71\
\x5f\x76\x61\x6c\x2c\x20\x42\x50\x46\x5f\x45\x58\x49\x53\x54\x29\x3b\x20\x20\
\x2f\x2f\x20\x75\x70\x64\x61\x74\x65\0\x20\x20\x20\x20\x20\x20\x20\x20\x20\x20\
\x20\x20\x20\x20\x20\x20\x2e\x73\x65\x71\x5f\x65\x67\x72\x65\x73\x73\x20\x3d\
\x20\x74\x63\x70\x2d\x3e\x73\x65\x71\x20\x2b\x20\x62\x70\x66\x5f\x68\x74\x6f\
\x6e\x6c\x28\x74\x63\x70\x5f\x70\x61\x79\x6c\x6f\x61\x64\x5f\x6c\x65\x6e\x5f\
\x6e\x65\x77\x29\x2c\x20\x20\x2f\x2f\x20\x6e\x65\x74\x77\x6f\x72\x6b\x2d\x62\
\x79\x74\x65\x20\x6f\x72\x64\x65\x72\0\x20\x20\x20\x20\x20\x20\x20\x20\x20\x20\
\x20\x20\x62\x70\x66\x5f\x6d\x61\x70\x5f\x75\x70\x64\x61\x74\x65\x5f\x65\x6c\
\x65\x6d\x28\x26\x73\x65\x71\x5f\x65\x67\x72\x65\x73\x73\x5f\x66\x69\x78\x2c\
\x20\x26\x73\x65\x71\x5f\x65\x67\x72\x65\x73\x73\x5f\x6b\x65\x79\x2c\x20\x26\
\x6e\x78\x74\x5f\x73\x65\x71\x5f\x76\x61\x6c\x2c\x20\x42\x50\x46\x5f\x4e\x4f\
\x45\x58\x49\x53\x54\x29\x3b\x20\x20\x2f\x2f\x20\x42\x50\x46\x5f\x4e\x4f\x45\
\x58\x49\x53\x54\x20\x73\x65\x63\x6f\x6e\x64\x61\x72\x79\x20\x64\x65\x66\x65\
\x6e\x73\x65\0\x20\x20\x20\x20\x20\x20\x20\x20\x5f\x5f\x62\x65\x33\x32\x20\x70\
\x61\x64\x5f\x62\x79\x74\x65\x73\x5f\x62\x65\x20\x3d\x20\x62\x70\x66\x5f\x68\
\x74\x6f\x6e\x6c\x28\x70\x61\x64\x5f\x62\x79\x74\x65\x73\x29\x3b\0\x20\x20\x20\
\x20\x20\x20\x20\x20\x5f\x5f\x73\x36\x34\x20\x64\x32\x20\x3d\x20\x62\x70\x66\
\x5f\x63\x73\x75\x6d\x5f\x64\x69\x66\x66\x28\x30\x2c\x20\x30\x2c\x20\x28\x5f\
\x5f\x62\x65\x33\x32\x20\x2a\x29\x26\x70\x61\x64\x5f\x62\x79\x74\x65\x73\x5f\
\x62\x65\x2c\x20\x34\x2c\x20\x28\x5f\x5f\x75\x33\x32\x29\x74\x6f\x74\x5f\x64\
\x69\x66\x66\x29\x3b\0\x20\x20\x20\x20\x20\x20\x20\x20\x69\x66\x20\x28\x64\x32\
\x20\x3c\x20\x30\x29\x20\x72\x65\x74\x75\x72\x6e\x20\x54\x43\x5f\x41\x43\x54\
\x5f\x53\x48\x4f\x54\x3b\x20\x20\x2f\x2f\x20\x52\x65\x74\x75\x72\x6e\x73\x20\
\x6e\x65\x67\x61\x74\x69\x76\x65\x20\x63\x6f\x64\x65\x20\x69\x6e\x20\x63\x61\
\x73\x65\x20\x6f\x66\x20\x66\x61\x69\x6c\x75\x72\x65\0\x20\x20\x20\x20\x20\x20\
\x20\x20\x69\x66\x20\x28\x62\x70\x66\x5f\x73\x6b\x62\x5f\x73\x74\x6f\x72\x65\
\x5f\x62\x79\x74\x65\x73\x28\x63\x74\x78\x2c\x20\x28\x6d\x64\x66\x5f\x70\x6b\
\x74\x5f\x6c\x65\x6e\x20\x2d\x20\x34\x29\x2c\x20\x26\x70\x61\x64\x5f\x62\x79\
\x74\x65\x73\x5f\x62\x65\x2c\x20\x34\x2c\x20\x30\x29\x29\x20\x7b\0\x20\x20\x20\
\x20\x20\x20\x20\x20\x62\x70\x66\x5f\x70\x72\x69\x6e\x74\x6b\x28\x22\x4d\x6f\
\x64\x69\x66\x69\x65\x64\x20\x70\x61\x63\x6b\x65\x74\x20\x6c\x65\x6e\x67\x74\
\x68\x20\x69\x73\x3a\x20\x25\x75\x5c\x6e\x22\x2c\x20\x6d\x64\x66\x5f\x70\x6b\
\x74\x5f\x6c\x65\x6e\x29\x3b\0\x20\x20\x20\x20\x20\x20\x20\x20\x69\x66\x20\x28\
\x62\x70\x66\x5f\x6c\x33\x5f\x63\x73\x75\x6d\x5f\x72\x65\x70\x6c\x61\x63\x65\
\x28\x63\x74\x78\x2c\x20\x6f\x66\x66\x73\x65\x74\x6f\x66\x28\x73\x74\x72\x75\
\x63\x74\x20\x69\x70\x68\x64\x72\x2c\x20\x63\x68\x65\x63\x6b\x29\x2c\x20\x62\
\x70\x66\x5f\x68\x74\x6f\x6e\x73\x28\x69\x70\x5f\x6c\x65\x6e\x29\x2c\x20\x62\
\x70\x66\x5f\x68\x74\x6f\x6e\x73\x28\x6e\x65\x77\x5f\x69\x70\x5f\x6c\x65\x6e\
\x29\x2c\x20\x73\x69\x7a\x65\x6f\x66\x28\x75\x31\x36\x29\x29\x29\x20\x7b\0\x20\
\x20\x20\x20\x20\x20\x20\x20\x20\x20\x20\x20\x62\x70\x66\x5f\x70\x72\x69\x6e\
\x74\x6b\x28\x22\x53\x6f\x6d\x65\x74\x68\x69\x6e\x67\x20\x77\x65\x6e\x74\x20\
\x77\x72\x6f\x6e\x67\x20\x77\x69\x74\x68\x20\x49\x50\x20\x6c\x33\x5f\x63\x73\
\x75\x6d\x5f\x72\x65\x70\x6c\x61\x63\x65\x28\x29\x2e\x5c\x6e\x22\x29\x3b\0\x20\
\x20\x20\x20\x20\x20\x20\x20\x69\x66\x20\x28\x62\x70\x66\x5f\x6c\x34\x5f\x63\
\x73\x75\x6d\x5f\x72\x65\x70\x6c\x61\x63\x65\x28\x63\x74\x78\x2c\x20\x6f\x66\
\x66\x73\x65\x74\x6f\x66\x28\x73\x74\x72\x75\x63\x74\x20\x74\x63\x70\x68\x64\
\x72\x2c\x20\x63\x68\x65\x63\x6b\x29\x2c\x20\x30\x2c\x20\x28\x5f\x5f\x75\x36\
\x34\x29\x74\x6f\x74\x5f\x64\x69\x66\x66\x2c\x20\x30\x29\x29\x20\x7b\0\x20\x20\
\x20\x20\x20\x20\x20\x20\x20\x20\x20\x20\x62\x70\x66\x5f\x70\x72\x69\x6e\x74\
\x6b\x28\x22\x53\x6f\x6d\x65\x74\x68\x69\x6e\x67\x20\x77\x65\x6e\x74\x20\x77\
\x72\x6f\x6e\x67\x20\x77\x69\x74\x68\x20\x50\x41\x59\x4c\x4f\x41\x44\x20\x6c\
\x34\x5f\x63\x73\x75\x6d\x5f\x72\x65\x70\x6c\x61\x63\x65\x28\x29\x2e\x5c\x6e\
\x22\x29\x3b\0\x20\x20\x20\x20\x20\x20\x20\x20\x69\x66\x20\x28\x62\x70\x66\x5f\
\x6c\x34\x5f\x63\x73\x75\x6d\x5f\x72\x65\x70\x6c\x61\x63\x65\x28\x63\x74\x78\
\x2c\x20\x6f\x66\x66\x73\x65\x74\x6f\x66\x28\x73\x74\x72\x75\x63\x74\x20\x74\
\x63\x70\x68\x64\x72\x2c\x20\x63\x68\x65\x63\x6b\x29\x2c\x20\x63\x75\x72\x72\
\x5f\x73\x65\x71\x5f\x6e\x75\x6d\x2c\x20\x74\x72\x61\x6e\x73\x6c\x61\x74\x65\
\x64\x5f\x73\x65\x71\x5f\x6e\x75\x6d\x2c\x20\x34\x29\x29\x20\x7b\x20\x20\x2f\
\x2f\x20\x61\x6c\x6c\x20\x6e\x65\x74\x77\x6f\x72\x6b\x2d\x62\x79\x74\x65\x20\
\x6f\x72\x64\x65\x72\0\x20\x20\x20\x20\x20\x20\x20\x20\x20\x20\x20\x20\x62\x70\
\x66\x5f\x70\x72\x69\x6e\x74\x6b\x28\x22\x53\x6f\x6d\x65\x74\x68\x69\x6e\x67\
\x20\x77\x65\x6e\x74\x20\x77\x72\x6f\x6e\x67\x20\x77\x69\x74\x68\x20\x54\x43\
\x50\x2d\x3e\x53\x45\x51\x20\x6c\x34\x5f\x63\x73\x75\x6d\x5f\x72\x65\x70\x6c\
\x61\x63\x65\x28\x29\x2e\x5c\x6e\x22\x29\x3b\0\x20\x20\x20\x20\x20\x20\x20\x20\
\x75\x31\x36\x20\x6f\x6c\x64\x5f\x74\x63\x70\x5f\x6c\x65\x6e\x20\x3d\x20\x69\
\x70\x5f\x6c\x65\x6e\x20\x2d\x20\x69\x70\x5f\x68\x6c\x3b\0\x20\x20\x20\x20\x20\
\x20\x20\x20\x69\x66\x20\x28\x62\x70\x66\x5f\x6c\x34\x5f\x63\x73\x75\x6d\x5f\
\x72\x65\x70\x6c\x61\x63\x65\x28\x63\x74\x78\x2c\x20\x6f\x66\x66\x73\x65\x74\
\x6f\x66\x28\x73\x74\x72\x75\x63\x74\x20\x74\x63\x70\x68\x64\x72\x2c\x20\x63\
\x68\x65\x63\x6b\x29\x2c\x20\x62\x70\x66\x5f\x68\x74\x6f\x6e\x73\x28\x6f\x6c\
\x64\x5f\x74\x63\x70\x5f\x6c\x65\x6e\x29\x2c\x20\x62\x70\x66\x5f\x68\x74\x6f\
\x6e\x73\x28\x6e\x65\x77\x5f\x74\x63\x70\x5f\x6c\x65\x6e\x29\x2c\x20\x42\x50\
\x46\x5f\x46\x5f\x50\x53\x45\x55\x44\x4f\x5f\x48\x44\x52\x20\x7c\x20\x32\x29\
\x29\x20\x7b\x20\x20\x2f\x2f\x20\x43\x68\x61\x6e\x67\x65\x20\x73\x70\x65\x63\
\x69\x66\x69\x63\x61\x6c\x6c\x79\x20\x66\x6f\x72\x20\x74\x68\x65\x20\x50\x73\
\x65\x75\x64\x6f\x2d\x68\x65\x61\x64\x65\x72\x20\x6f\x66\x20\x54\x43\x50\0\x20\
\x20\x20\x20\x20\x20\x20\x20\x20\x20\x20\x20\x62\x70\x66\x5f\x70\x72\x69\x6e\
\x74\x6b\x28\x22\x53\x6f\x6d\x65\x74\x68\x69\x6e\x67\x20\x77\x65\x6e\x74\x20\
\x77\x72\x6f\x6e\x67\x20\x77\x69\x74\x68\x20\x50\x53\x45\x55\x44\x4f\x20\x6c\
\x34\x5f\x63\x73\x75\x6d\x5f\x72\x65\x70\x6c\x61\x63\x65\x28\x29\x2e\x5c\x6e\
\x22\x29\x3b\0\x63\x68\x61\x72\0\x74\x63\x5f\x65\x67\x72\x65\x73\x73\x2e\x5f\
\x5f\x5f\x5f\x66\x6d\x74\0\x74\x63\x5f\x65\x67\x72\x65\x73\x73\x2e\x5f\x5f\x5f\
\x5f\x66\x6d\x74\x2e\x31\0\x74\x63\x5f\x65\x67\x72\x65\x73\x73\x2e\x5f\x5f\x5f\
\x5f\x66\x6d\x74\x2e\x32\0\x74\x63\x5f\x65\x67\x72\x65\x73\x73\x2e\x5f\x5f\x5f\
\x5f\x66\x6d\x74\x2e\x33\0\x74\x63\x5f\x65\x67\x72\x65\x73\x73\x2e\x5f\x5f\x5f\
\x5f\x66\x6d\x74\x2e\x34\0\x74\x63\x5f\x65\x67\x72\x65\x73\x73\x2e\x5f\x5f\x5f\
\x5f\x66\x6d\x74\x2e\x35\0\x74\x63\x5f\x65\x67\x72\x65\x73\x73\x2e\x5f\x5f\x5f\
\x5f\x66\x6d\x74\x2e\x36\0\x74\x63\x5f\x65\x67\x72\x65\x73\x73\x2e\x5f\x5f\x5f\
\x5f\x66\x6d\x74\x2e\x37\0\x74\x63\x5f\x65\x67\x72\x65\x73\x73\x2e\x5f\x5f\x5f\
\x5f\x66\x6d\x74\x2e\x38\0\x74\x63\x5f\x65\x67\x72\x65\x73\x73\x2e\x5f\x5f\x5f\
\x5f\x66\x6d\x74\x2e\x39\0\x74\x63\x5f\x65\x67\x72\x65\x73\x73\x2e\x5f\x5f\x5f\
\x5f\x66\x6d\x74\x2e\x31\x30\0\x74\x63\x5f\x65\x67\x72\x65\x73\x73\x2e\x5f\x5f\
\x5f\x5f\x66\x6d\x74\x2e\x31\x31\0\x74\x63\x5f\x65\x67\x72\x65\x73\x73\x2e\x5f\
\x5f\x5f\x5f\x66\x6d\x74\x2e\x31\x32\0\x5f\x5f\x6c\x69\x63\x65\x6e\x73\x65\0\
\x2e\x6d\x61\x70\x73\0\x2e\x72\x6f\x64\x61\x74\x61\0\x6c\x69\x63\x65\x6e\x73\
\x65\0\x62\x70\x66\x5f\x66\x6c\x6f\x77\x5f\x6b\x65\x79\x73\0\x62\x70\x66\x5f\
\x73\x6f\x63\x6b\0\x9f\xeb\x01\0\x20\0\0\0\0\0\0\0\x14\0\0\0\x14\0\0\0\x5c\x0d\
\0\0\x70\x0d\0\0\x0c\x04\0\0\x08\0\0\0\xa2\x02\0\0\x01\0\0\0\0\0\0\0\x32\0\0\0\
\x10\0\0\0\xa2\x02\0\0\xd5\0\0\0\0\0\0\0\xa5\x02\0\0\xe8\x02\0\0\0\xa8\x02\0\
\x10\0\0\0\xa5\x02\0\0\x0f\x03\0\0\x09\xe0\x02\0\x20\0\0\0\xa5\x02\0\0\x0f\x03\
\0\0\x09\xe0\x02\0\x28\0\0\0\xa5\x02\0\0\x4d\x03\0\0\x09\xe4\x02\0\x40\0\0\0\
\xa5\x02\0\0\0\0\0\0\0\0\0\0\x48\0\0\0\xa5\x02\0\0\x90\x03\0\0\x01\xdc\x07\0\
\x58\0\0\0\xa5\x02\0\0\x96\x03\0\0\x1f\x04\x03\0\x60\0\0\0\xa5\x02\0\0\xbe\x03\
\0\0\x28\xf4\x02\0\x68\0\0\0\xa5\x02\0\0\x0f\x04\0\0\x2c\xf8\x02\0\x70\0\0\0\
\xa5\x02\0\0\x44\x04\0\0\x1b\x14\x03\0\x88\0\0\0\xa5\x02\0\0\x44\x04\0\0\x09\
\x14\x03\0\xb0\0\0\0\xa5\x02\0\0\x77\x04\0\0\x0e\xc4\x01\0\xc8\0\0\0\xa5\x02\0\
\0\x77\x04\0\0\x09\xc4\x01\0\xd0\0\0\0\xa5\x02\0\0\xbc\x04\0\0\x09\xd8\x01\0\
\xe0\0\0\0\xa5\x02\0\0\xbc\x04\0\0\x09\xd8\x01\0\xf0\0\0\0\xa5\x02\0\0\x31\x05\
\0\0\x2d\xe4\x01\0\0\x01\0\0\xa5\x02\0\0\x63\x05\0\0\x0e\xec\x01\0\x10\x01\0\0\
\xa5\x02\0\0\x8c\x05\0\0\x09\x38\x03\0\x30\x01\0\0\xa5\x02\0\0\xb4\x05\0\0\x0d\
\x48\x03\0\x50\x01\0\0\xa5\x02\0\0\xb4\x05\0\0\x09\x48\x03\0\x60\x01\0\0\xa5\
\x02\0\0\xe3\x05\0\0\x15\x58\x03\0\x68\x01\0\0\xa5\x02\0\0\xe3\x05\0\0\x19\x58\
\x03\0\x78\x01\0\0\xa5\x02\0\0\0\x06\0\0\x11\xa8\x01\0\xa0\x01\0\0\xa5\x02\0\0\
\x24\x06\0\0\x09\x5c\x03\0\xc0\x01\0\0\xa5\x02\0\0\xb2\x06\0\0\x0e\x7c\x03\0\
\xc8\x01\0\0\xa5\x02\0\0\xb2\x06\0\0\x13\x7c\x03\0\xe0\x01\0\0\xa5\x02\0\0\xb2\
\x06\0\0\x09\x7c\x03\0\xe8\x01\0\0\xa5\x02\0\0\xe4\x06\0\0\x17\x8c\x03\0\xf0\
\x01\0\0\xa5\x02\0\0\xe4\x06\0\0\x1c\x8c\x03\0\0\x02\0\0\xa5\x02\0\0\0\x06\0\0\
\x11\xa8\x01\0\x18\x02\0\0\xa5\x02\0\0\x04\x07\0\0\x09\x90\x03\0\x20\x02\0\0\
\xa5\x02\0\0\x3c\x07\0\0\x0e\xa0\x03\0\x30\x02\0\0\xa5\x02\0\0\x3c\x07\0\0\x24\
\xa0\x03\0\x38\x02\0\0\xa5\x02\0\0\x3c\x07\0\0\x2c\xa0\x03\0\x48\x02\0\0\xa5\
\x02\0\0\x3c\x07\0\0\x09\xa0\x03\0\x50\x02\0\0\xa5\x02\0\0\x82\x07\0\0\x0e\xb0\
\x03\0\x60\x02\0\0\xa5\x02\0\0\x82\x07\0\0\x25\xb0\x03\0\x68\x02\0\0\xa5\x02\0\
\0\x82\x07\0\0\x2d\xb0\x03\0\x78\x02\0\0\xa5\x02\0\0\x82\x07\0\0\x09\xb0\x03\0\
\x80\x02\0\0\xa5\x02\0\0\xc9\x07\0\0\x18\xc4\x03\0\xa0\x02\0\0\xa5\x02\0\0\xf0\
\x07\0\0\x14\xc0\x03\0\xc0\x02\0\0\xa5\x02\0\0\xc9\x07\0\0\x09\xc4\x03\0\xc8\
\x02\0\0\xa5\x02\0\0\x35\x08\0\0\x0e\x14\x02\0\xd0\x02\0\0\xa5\x02\0\0\x35\x08\
\0\0\x09\x14\x02\0\xd8\x02\0\0\xa5\x02\0\0\x35\x08\0\0\x12\x14\x02\0\xe0\x02\0\
\0\xa5\x02\0\0\x35\x08\0\0\x1b\x14\x02\0\xe8\x02\0\0\xa5\x02\0\0\x35\x08\0\0\
\x16\x14\x02\0\xf0\x02\0\0\xa5\x02\0\0\x35\x08\0\0\x1f\x14\x02\0\xf8\x02\0\0\
\xa5\x02\0\0\x35\x08\0\0\x28\x14\x02\0\0\x03\0\0\xa5\x02\0\0\x35\x08\0\0\x23\
\x14\x02\0\x10\x03\0\0\xa5\x02\0\0\x35\x08\0\0\x09\x14\x02\0\x18\x03\0\0\xa5\
\x02\0\0\x80\x08\0\0\x0e\x18\x02\0\x20\x03\0\0\xa5\x02\0\0\x80\x08\0\0\x09\x18\
\x02\0\x28\x03\0\0\xa5\x02\0\0\x80\x08\0\0\x12\x18\x02\0\x30\x03\0\0\xa5\x02\0\
\0\x80\x08\0\0\x1a\x18\x02\0\x38\x03\0\0\xa5\x02\0\0\x80\x08\0\0\x15\x18\x02\0\
\x40\x03\0\0\xa5\x02\0\0\x80\x08\0\0\x1e\x18\x02\0\x48\x03\0\0\xa5\x02\0\0\x80\
\x08\0\0\x27\x18\x02\0\x50\x03\0\0\xa5\x02\0\0\x80\x08\0\0\x22\x18\x02\0\x60\
\x03\0\0\xa5\x02\0\0\x80\x08\0\0\x09\x18\x02\0\x68\x03\0\0\xa5\x02\0\0\0\0\0\0\
\0\0\0\0\x80\x03\0\0\xa5\x02\0\0\xeb\x08\0\0\x0f\x24\x02\0\x88\x03\0\0\xa5\x02\
\0\0\xeb\x08\0\0\x0a\x24\x02\0\x90\x03\0\0\xa5\x02\0\0\xeb\x08\0\0\x13\x24\x02\
\0\x98\x03\0\0\xa5\x02\0\0\xeb\x08\0\0\x1b\x24\x02\0\xa0\x03\0\0\xa5\x02\0\0\
\xeb\x08\0\0\x1f\x24\x02\0\xb0\x03\0\0\xa5\x02\0\0\0\0\0\0\0\0\0\0\xc0\x03\0\0\
\xa5\x02\0\0\xeb\x08\0\0\x1f\x24\x02\0\xc8\x03\0\0\xa5\x02\0\0\x5c\x09\0\0\x0e\
\x2c\x02\0\xd0\x03\0\0\xa5\x02\0\0\x5c\x09\0\0\x09\x2c\x02\0\xe0\x03\0\0\xa5\
\x02\0\0\x5c\x09\0\0\x09\x2c\x02\0\xe8\x03\0\0\xa5\x02\0\0\xa3\x09\0\0\x0e\x34\
\x02\0\xf0\x03\0\0\xa5\x02\0\0\xa3\x09\0\0\x09\x34\x02\0\0\x04\0\0\xa5\x02\0\0\
\xe6\x09\0\0\x09\xe0\x03\0\x10\x04\0\0\xa5\x02\0\0\x11\x0a\0\0\x05\xec\x03\0\
\x48\x04\0\0\xa5\x02\0\0\x75\x0a\0\0\x1b\xfc\x03\0\x90\x04\0\0\xa5\x02\0\0\x11\
\x0a\0\0\x05\xec\x03\0\xa0\x04\0\0\xa5\x02\0\0\x1d\x0b\0\0\x10\0\x04\0\xa8\x04\
\0\0\xa5\x02\0\0\x37\x0b\0\0\x18\x04\x04\0\xb0\x04\0\0\xa5\x02\0\0\x37\x0b\0\0\
\x11\x04\x04\0\xc8\x04\0\0\xa5\x02\0\0\x57\x0b\0\0\x13\x08\x04\0\xd0\x04\0\0\
\xa5\x02\0\0\x57\x0b\0\0\x0d\x08\x04\0\xe0\x04\0\0\xa5\x02\0\0\x74\x0b\0\0\x15\
\x0c\x04\0\xe8\x04\0\0\xa5\x02\0\0\x97\x0b\0\0\x16\x10\x04\0\xf0\x04\0\0\xa5\
\x02\0\0\x97\x0b\0\0\x0f\x10\x04\0\0\x05\0\0\xa5\x02\0\0\xb4\x0b\0\0\x16\x14\
\x04\0\x08\x05\0\0\xa5\x02\0\0\xb4\x0b\0\0\x0f\x14\x04\0\x10\x05\0\0\xa5\x02\0\
\0\xd7\x0b\0\0\x18\x18\x04\0\x18\x05\0\0\xa5\x02\0\0\xd7\x0b\0\0\x12\x18\x04\0\
\x20\x05\0\0\xa5\x02\0\0\x03\x0c\0\0\x18\x1c\x04\0\x28\x05\0\0\xa5\x02\0\0\x03\
\x0c\0\0\x12\x1c\x04\0\x38\x05\0\0\xa5\x02\0\0\x2d\x0c\0\0\x11\x20\x04\0\x40\
\x05\0\0\xa5\x02\0\0\xa1\x0c\0\0\x10\x28\x04\0\x60\x05\0\0\xa5\x02\0\0\xef\x0c\
\0\0\x2d\x3c\x04\0\x78\x05\0\0\xa5\x02\0\0\x2a\x0d\0\0\x17\x44\x04\0\x90\x05\0\
\0\xa5\x02\0\0\x52\x0d\0\0\x09\x4c\x04\0\x98\x05\0\0\xa5\x02\0\0\x6a\x0d\0\0\
\x09\x50\x04\0\xc8\x05\0\0\xa5\x02\0\0\xab\x0d\0\0\x05\x5c\x04\0\xf0\x05\0\0\
\xa5\x02\0\0\xdc\x0d\0\0\x16\x9c\x04\0\xf8\x05\0\0\xa5\x02\0\0\xf8\x0d\0\0\x23\
\x98\x04\0\0\x06\0\0\xa5\x02\0\0\x1c\x0e\0\0\x16\xa0\x04\0\x08\x06\0\0\xa5\x02\
\0\0\xf8\x0d\0\0\x23\x98\x04\0\x10\x06\0\0\xa5\x02\0\0\x38\x0e\0\0\x09\x70\x04\
\0\x50\x06\0\0\xa5\x02\0\0\x5d\x0e\0\0\x17\xa4\x04\0\x60\x06\0\0\xa5\x02\0\0\
\xf8\x0d\0\0\x23\x98\x04\0\x70\x06\0\0\xa5\x02\0\0\x38\x0e\0\0\x09\x70\x04\0\
\x90\x06\0\0\xa5\x02\0\0\x79\x0e\0\0\x09\x88\x04\0\xb8\x06\0\0\xa5\x02\0\0\x96\
\x0e\0\0\x17\xa8\x04\0\xc0\x06\0\0\xa5\x02\0\0\xf8\x0d\0\0\x23\x98\x04\0\xc8\
\x06\0\0\xa5\x02\0\0\xb4\x0e\0\0\x16\xb8\x04\0\xd0\x06\0\0\xa5\x02\0\0\xd0\x0e\
\0\0\x22\xb4\x04\0\xd8\x06\0\0\xa5\x02\0\0\xf3\x0e\0\0\x16\xbc\x04\0\xe0\x06\0\
\0\xa5\x02\0\0\xd0\x0e\0\0\x22\xb4\x04\0\xe8\x06\0\0\xa5\x02\0\0\x0f\x0f\0\0\
\x17\xc0\x04\0\xf0\x06\0\0\xa5\x02\0\0\xd0\x0e\0\0\x22\xb4\x04\0\xf8\x06\0\0\
\xa5\x02\0\0\x2d\x0f\0\0\x17\xc4\x04\0\0\x07\0\0\xa5\x02\0\0\xd0\x0e\0\0\x22\
\xb4\x04\0\x08\x07\0\0\xa5\x02\0\0\x49\x0f\0\0\x26\xf0\x04\0\x10\x07\0\0\xa5\
\x02\0\0\x86\x0f\0\0\x2e\0\x05\0\x20\x07\0\0\xa5\x02\0\0\0\0\0\0\0\0\0\0\x28\
\x07\0\0\xa5\x02\0\0\x86\x0f\0\0\x2e\0\x05\0\x40\x07\0\0\xa5\x02\0\0\xec\x0f\0\
\0\x09\x04\x05\0\x48\x07\0\0\xa5\x02\0\0\x05\x10\0\0\x30\x08\x05\0\x58\x07\0\0\
\xa5\x02\0\0\x41\x10\0\0\x1d\x18\x05\0\x70\x07\0\0\xa5\x02\0\0\x41\x10\0\0\x23\
\x18\x05\0\x80\x07\0\0\xa5\x02\0\0\x41\x10\0\0\x21\x18\x05\0\x88\x07\0\0\xa5\
\x02\0\0\x96\x10\0\0\x2f\x14\x05\0\x98\x07\0\0\xa5\x02\0\0\0\0\0\0\0\0\0\0\xb8\
\x07\0\0\xa5\x02\0\0\xc6\x10\0\0\x05\x20\x05\0\xd8\x07\0\0\xa5\x02\0\0\x1e\x11\
\0\0\x13\x28\x05\0\xf8\x07\0\0\xa5\x02\0\0\x1e\x11\0\0\x09\x28\x05\0\0\x08\0\0\
\xa5\x02\0\0\xbe\x11\0\0\x09\x2c\x05\0\x30\x08\0\0\xa5\x02\0\0\x13\x12\0\0\x33\
\x30\x05\0\x38\x08\0\0\xa5\x02\0\0\x13\x12\0\0\x0d\x30\x05\0\x58\x08\0\0\xa5\
\x02\0\0\x13\x12\0\0\x0d\x30\x05\0\x60\x08\0\0\xa5\x02\0\0\xcf\x12\0\0\x0d\x38\
\x05\0\x80\x08\0\0\xa5\x02\0\0\x14\x13\0\0\x09\x7c\x07\0\xb0\x08\0\0\xa5\x02\0\
\0\x52\x13\0\0\x33\x88\x07\0\xc8\x08\0\0\xa5\x02\0\0\xbb\x13\0\0\x0d\x8c\x07\0\
\xd0\x08\0\0\xa5\x02\0\0\x28\x14\0\0\x29\x94\x07\0\xd8\x08\0\0\xa5\x02\0\0\x28\
\x14\0\0\x16\x94\x07\0\xe8\x08\0\0\xa5\x02\0\0\x5c\x14\0\0\x3b\xa0\x07\0\xf8\
\x08\0\0\xa5\x02\0\0\xb4\x14\0\0\x32\x9c\x07\0\x08\x09\0\0\xa5\x02\0\0\0\0\0\0\
\0\0\0\0\x20\x09\0\0\xa5\x02\0\0\xe7\x14\0\0\x0d\xa8\x07\0\x40\x09\0\0\xa5\x02\
\0\0\x43\x15\0\0\x11\xb0\x07\0\x70\x09\0\0\xa5\x02\0\0\x43\x15\0\0\x11\xb0\x07\
\0\x78\x09\0\0\xa5\x02\0\0\xcf\x15\0\0\x11\xb4\x07\0\x90\x09\0\0\xa5\x02\0\0\0\
\0\0\0\0\0\0\0\xb0\x09\0\0\xa5\x02\0\0\x26\x16\0\0\x22\x5c\x05\0\xb8\x09\0\0\
\xa5\x02\0\0\x4c\x16\0\0\x26\x4c\x05\0\xc8\x09\0\0\xa5\x02\0\0\x94\x16\0\0\x2a\
\x50\x05\0\xd0\x09\0\0\xa5\x02\0\0\x2f\x17\0\0\x1f\x6c\x05\0\xe0\x09\0\0\xa5\
\x02\0\0\x2f\x17\0\0\x0d\x6c\x05\0\x10\x0a\0\0\xa5\x02\0\0\x66\x17\0\0\x15\x90\
\x05\0\x18\x0a\0\0\xa5\x02\0\0\x66\x17\0\0\x19\x90\x05\0\x28\x0a\0\0\xa5\x02\0\
\0\0\x06\0\0\x11\xa8\x01\0\x30\x0a\0\0\xa5\x02\0\0\x83\x17\0\0\x0d\x94\x05\0\
\x50\x0a\0\0\xa5\x02\0\0\xb9\x17\0\0\x17\xb8\x05\0\x58\x0a\0\0\xa5\x02\0\0\xb9\
\x17\0\0\x1c\xb8\x05\0\x68\x0a\0\0\xa5\x02\0\0\0\x06\0\0\x11\xa8\x01\0\x78\x0a\
\0\0\xa5\x02\0\0\xd9\x17\0\0\x0d\xbc\x05\0\x90\x0a\0\0\xa5\x02\0\0\x11\x18\0\0\
\x1c\xd8\x05\0\xa8\x0a\0\0\xa5\x02\0\0\x40\x18\0\0\x17\xfc\x05\0\xc0\x0a\0\0\
\xa5\x02\0\0\x40\x18\0\0\x15\xfc\x05\0\xc8\x0a\0\0\xa5\x02\0\0\x6d\x18\0\0\x0d\
\xdc\x05\0\xd0\x0a\0\0\xa5\x02\0\0\xa8\x18\0\0\x30\xec\x05\0\xe0\x0a\0\0\xa5\
\x02\0\0\xa8\x18\0\0\x38\xec\x05\0\xf8\x0a\0\0\xa5\x02\0\0\x11\x18\0\0\x1c\xd8\
\x05\0\0\x0b\0\0\xa5\x02\0\0\x52\x13\0\0\x33\x08\x06\0\x18\x0b\0\0\xa5\x02\0\0\
\x01\x19\0\0\x0d\x0c\x06\0\x28\x0b\0\0\xa5\x02\0\0\x6d\x19\0\0\x11\x14\x06\0\
\x50\x0b\0\0\xa5\x02\0\0\x6d\x19\0\0\x27\x14\x06\0\x58\x0b\0\0\xa5\x02\0\0\x6d\
\x19\0\0\x2c\x14\x06\0\x70\x0b\0\0\xa5\x02\0\0\x6d\x19\0\0\x11\x14\x06\0\x80\
\x0b\0\0\xa5\x02\0\0\xe7\x19\0\0\x2d\x18\x06\0\x88\x0b\0\0\xa5\x02\0\0\xe7\x19\
\0\0\x1a\x18\x06\0\x98\x0b\0\0\xa5\x02\0\0\x42\x1a\0\0\x41\x24\x06\0\xa8\x0b\0\
\0\xa5\x02\0\0\x42\x1a\0\0\x3f\x24\x06\0\xb0\x0b\0\0\xa5\x02\0\0\xa2\x1a\0\0\
\x36\x20\x06\0\xc0\x0b\0\0\xa5\x02\0\0\xe7\x19\0\0\x2d\x18\x06\0\xd8\x0b\0\0\
\xa5\x02\0\0\xd9\x1a\0\0\x11\x2c\x06\0\0\x0c\0\0\xa5\x02\0\0\x44\x1b\0\0\x24\
\x3c\x06\0\x10\x0c\0\0\xa5\x02\0\0\x44\x1b\0\0\x2a\x3c\x06\0\x18\x0c\0\0\xa5\
\x02\0\0\x44\x1b\0\0\x28\x3c\x06\0\x20\x0c\0\0\xa5\x02\0\0\xb4\x14\0\0\x32\x38\
\x06\0\x30\x0c\0\0\xa5\x02\0\0\x44\x1b\0\0\x24\x3c\x06\0\x48\x0c\0\0\xa5\x02\0\
\0\xa4\x1b\0\0\x0d\x44\x06\0\x80\x0c\0\0\xa5\x02\0\0\x24\x1c\0\0\x10\xcc\x06\0\
\x90\x0c\0\0\xa5\x02\0\0\0\0\0\0\0\0\0\0\x98\x0c\0\0\xa5\x02\0\0\x58\x1c\0\0\
\x14\xd0\x06\0\xc8\x0c\0\0\xa5\x02\0\0\xad\x1c\0\0\x0d\xd4\x06\0\xf8\x0c\0\0\
\xa5\x02\0\0\x02\x1d\0\0\x33\xe8\x06\0\x10\x0d\0\0\xa5\x02\0\0\0\0\0\0\0\0\0\0\
\x18\x0d\0\0\xa5\x02\0\0\x02\x1d\0\0\x0d\xe8\x06\0\x38\x0d\0\0\xa5\x02\0\0\x02\
\x1d\0\0\x0d\xe8\x06\0\x40\x0d\0\0\xa5\x02\0\0\x52\x1d\0\0\x09\xf8\x06\0\x68\
\x0d\0\0\xa5\x02\0\0\x96\x1d\0\0\x0d\x14\x07\0\x98\x0d\0\0\xa5\x02\0\0\x96\x1d\
\0\0\x0d\x14\x07\0\xa0\x0d\0\0\xa5\x02\0\0\x14\x1e\0\0\x0d\x1c\x07\0\xc0\x0d\0\
\0\xa5\x02\0\0\x61\x1e\0\0\x0d\x2c\x07\0\xf0\x0d\0\0\xa5\x02\0\0\x61\x1e\0\0\
\x0d\x2c\x07\0\xf8\x0d\0\0\xa5\x02\0\0\xc0\x1e\0\0\x0d\x34\x07\0\x20\x0e\0\0\
\xa5\x02\0\0\x12\x1f\0\0\x54\x44\x07\0\x30\x0e\0\0\xa5\x02\0\0\x12\x1f\0\0\x0d\
\x44\x07\0\x58\x0e\0\0\xa5\x02\0\0\x12\x1f\0\0\x0d\x44\x07\0\x60\x0e\0\0\xa5\
\x02\0\0\x9a\x1f\0\0\x0d\x48\x07\0\x88\x0e\0\0\xa5\x02\0\0\xed\x1f\0\0\x1b\x58\
\x07\0\x90\x0e\0\0\xa5\x02\0\0\x17\x20\0\0\x46\x60\x07\0\xa0\x0e\0\0\xa5\x02\0\
\0\x17\x20\0\0\x5e\x60\x07\0\xa8\x0e\0\0\xa5\x02\0\0\x17\x20\0\0\x0d\x60\x07\0\
\xc8\x0e\0\0\xa5\x02\0\0\x17\x20\0\0\x0d\x60\x07\0\xd0\x0e\0\0\xa5\x02\0\0\xda\
\x20\0\0\x0d\x64\x07\0\x10\0\0\0\xa2\x02\0\0\x40\0\0\0\x58\0\0\0\x28\0\0\0\x92\
\x03\0\0\0\0\0\0\x60\0\0\0\x28\0\0\0\xb9\x03\0\0\0\0\0\0\x68\0\0\0\x28\0\0\0\
\x0a\x04\0\0\0\0\0\0\xd0\0\0\0\x33\0\0\0\xb8\x04\0\0\0\0\0\0\xe8\0\0\0\x35\0\0\
\0\x2d\x05\0\0\0\0\0\0\x18\x01\0\0\x35\0\0\0\x92\x03\0\0\0\0\0\0\xc0\x01\0\0\
\x3a\0\0\0\xae\x06\0\0\0\0\0\0\xe8\x01\0\0\x3a\0\0\0\xae\x06\0\0\0\0\0\0\x20\
\x02\0\0\x3a\0\0\0\x38\x07\0\0\0\0\0\0\x38\x02\0\0\x3a\0\0\0\x92\x03\0\0\0\0\0\
\0\x50\x02\0\0\x3a\0\0\0\x38\x07\0\0\0\0\0\0\x68\x02\0\0\x3a\0\0\0\x92\x03\0\0\
\0\0\0\0\x88\x02\0\0\x35\0\0\0\xec\x07\0\0\0\0\0\0\xc8\x02\0\0\x3a\0\0\0\x2d\
\x05\0\0\0\0\0\0\xe0\x02\0\0\x3a\0\0\0\x77\x08\0\0\0\0\0\0\xf8\x02\0\0\x3a\0\0\
\0\x7c\x08\0\0\0\0\0\0\x18\x03\0\0\x3a\0\0\0\x2d\x05\0\0\0\0\0\0\x30\x03\0\0\
\x3a\0\0\0\x77\x08\0\0\0\0\0\0\x48\x03\0\0\x3a\0\0\0\x7c\x08\0\0\0\0\0\0\x80\
\x03\0\0\x3a\0\0\0\x2d\x05\0\0\0\0\0\0\x98\x03\0\0\x3a\0\0\0\x77\x08\0\0\0\0\0\
\0\xc8\x03\0\0\x3a\0\0\0\x7c\x08\0\0\0\0\0\0\xe8\x03\0\0\x3a\0\0\0\x9f\x09\0\0\
\0\0\0\0\xa0\x04\0\0\x3b\0\0\0\x92\x03\0\0\0\0\0\0\xa8\x04\0\0\x28\0\0\0\x77\
\x08\0\0\0\0\0\0\xb0\x04\0\0\x3b\0\0\0\xae\x06\0\0\0\0\0\0\xc8\x04\0\0\x35\0\0\
\0\xb8\x04\0\0\0\0\0\0\xd0\x04\0\0\x3b\0\0\0\x6e\x0b\0\0\0\0\0\0\xe0\x04\0\0\
\x3b\0\0\0\x38\x07\0\0\0\0\0\0\xe8\x04\0\0\x3a\0\0\0\x92\x03\0\0\0\0\0\0\xf0\
\x04\0\0\x3b\0\0\0\xb8\x04\0\0\0\0\0\0\0\x05\0\0\x3a\0\0\0\x38\x07\0\0\0\0\0\0\
\x08\x05\0\0\x3b\0\0\0\xec\x07\0\0\0\0\0\0\x10\x05\0\0\x35\0\0\0\xcf\x0b\0\0\0\
\0\0\0\x18\x05\0\0\x3b\0\0\0\xf5\x0b\0\0\0\0\0\0\x20\x05\0\0\x35\0\0\0\xfb\x0b\
\0\0\0\0\0\0\x28\x05\0\0\x3b\0\0\0\x21\x0c\0\0\0\0\0\0\x38\x05\0\0\x3b\0\0\0\
\x27\x0c\0\0\0\0\0\0\x80\x05\0\0\x3b\0\0\0\x4c\x0d\0\0\0\0\0\0\xf0\x05\0\0\x35\
\0\0\0\xfb\x0b\0\0\0\0\0\0\0\x06\0\0\x35\0\0\0\xcf\x0b\0\0\0\0\0\0\x58\x06\0\0\
\x3a\0\0\0\x38\x07\0\0\0\0\0\0\xb8\x06\0\0\x3a\0\0\0\x92\x03\0\0\0\0\0\0\xc8\
\x06\0\0\x35\0\0\0\xcf\x0b\0\0\0\0\0\0\xd8\x06\0\0\x35\0\0\0\xfb\x0b\0\0\0\0\0\
\0\xe8\x06\0\0\x3a\0\0\0\x92\x03\0\0\0\0\0\0\xf8\x06\0\0\x3a\0\0\0\x38\x07\0\0\
\0\0\0\0\x08\x07\0\0\x3a\0\0\0\xb8\x04\0\0\0\0\0\0\x60\x07\0\0\x3a\0\0\0\xb8\
\x04\0\0\0\0\0\0\xe0\x08\0\0\x3a\0\0\0\xb8\x04\0\0\0\0\0\0\x48\x09\0\0\x3a\0\0\
\0\xb9\x03\0\0\0\0\0\0\xb0\x09\0\0\x28\0\0\0\x92\x03\0\0\0\0\0\0\xc0\x09\0\0\
\x28\0\0\0\xb9\x03\0\0\0\0\0\0\xc8\x09\0\0\x28\0\0\0\x0a\x04\0\0\0\0\0\0\x10\
\x0a\0\0\x35\0\0\0\x92\x03\0\0\0\0\0\0\x50\x0a\0\0\x3a\0\0\0\xae\x06\0\0\0\0\0\
\0\x80\x0a\0\0\x35\0\0\0\xec\x07\0\0\0\0\0\0\x58\x0b\0\0\x3a\0\0\0\xb8\x04\0\0\
\0\0\0\0\x88\x0b\0\0\x3a\0\0\0\xb8\x04\0\0\0\0\0\0\0\x0c\0\0\x3a\0\0\0\xb8\x04\
\0\0\0\0\0\0\x70\x0d\0\0\x35\0\0\0\x7c\x08\0\0\0\0\0\0\xc8\x0d\0\0\x3a\0\0\0\
\xb9\x03\0\0\0\0\0\0\x38\x0e\0\0\x3a\0\0\0\xb9\x03\0\0\0\0\0\0\xb0\x0e\0\0\x3a\
\0\0\0\xb9\x03\0\0\0\0\0\0\0\0\0\0\x0c\0\0\0\xff\xff\xff\xff\x04\0\x08\0\x08\
\x7c\x0b\0\x14\0\0\0\0\0\0\0\0\0\0\0\0\0\0\0\0\x0f\0\0\0\0\0\0\xc3\x04\0\0\x05\
\0\x08\0\x69\0\0\0\x08\x01\x01\xfb\x0e\x0d\0\x01\x01\x01\x01\0\0\0\x01\0\0\x01\
\x01\x01\x1f\x03\0\0\0\0\x33\0\0\0\x47\0\0\0\x03\x01\x1f\x02\x0f\x05\x1e\x03\
\x58\0\0\0\0\x43\x10\xd7\x41\x13\x30\x5b\x57\xef\xeb\x8d\x61\x66\x63\xc7\x7f\
\x68\0\0\0\x01\x43\xee\xfd\x63\xc6\xae\x12\xa6\x01\x7c\xe2\xb4\x98\x5b\xc7\xdd\
\x72\0\0\0\x02\x65\xe4\xdc\x8e\x31\x21\xf9\x1a\x5c\x2c\x9e\xb8\x56\x3c\x56\x92\
\x04\0\0\x09\x02\0\0\0\0\0\0\0\0\x03\xa9\x01\x01\x05\x09\x0a\x03\x0e\x2e\x06\
\x2e\x06\x21\x05\0\x06\x03\xc7\x7e\x3c\x05\x01\x06\x03\xf7\x03\x20\x05\x1f\x03\
\xca\x7d\x2e\x05\x28\x1c\x05\x2c\x21\x05\x1b\x27\x06\x03\xbb\x7e\x2e\x05\x09\
\x03\xc5\x01\x20\x03\xbb\x7e\x20\x03\xc5\x01\x3c\x05\x0e\x06\x03\xac\x7f\x20\
\x05\x09\x06\x3c\x06\x25\x06\x2e\x03\x8a\x7f\x20\x05\x2d\x06\x03\xf9\0\x20\x05\
\x0e\x30\x05\x09\x03\xd3\0\x2e\x06\x03\xb2\x7e\x20\x05\x0d\x06\x03\xd2\x01\x3c\
\x05\x09\x06\x4a\x03\xae\x7e\x20\x05\x15\x06\x03\xd6\x01\x20\x05\x19\x06\x20\
\x05\x11\x06\x03\x94\x7f\x2e\x06\x03\x96\x7f\x4a\x05\x09\x06\x03\xd7\x01\x20\
\x06\x03\xa9\x7e\x20\x03\xd7\x01\x2e\x05\x0e\x06\x28\x05\x13\x06\x20\x05\x09\
\x3c\x05\x17\x06\x24\x05\x1c\x06\x20\x05\x11\x06\x03\x87\x7f\x2e\x05\x09\x03\
\xfa\0\x3c\x05\x0e\x24\x05\x24\x06\x2e\x05\x2c\x20\x05\x09\x2e\x05\x0e\x06\x24\
\x05\x25\x06\x2e\x05\x2d\x20\x05\x09\x2e\x05\x18\x06\x25\x05\x14\x49\x06\x03\
\x90\x7e\x3c\x05\x09\x06\x03\xf1\x01\x20\x05\x0e\x03\x94\x7f\x20\x05\x09\x06\
\x20\x05\x12\x20\x05\x1b\x20\x05\x16\x20\x05\x1f\x20\x05\x28\x20\x05\x23\x20\
\x05\x09\x2e\x05\x0e\x06\x21\x05\x09\x06\x20\x05\x12\x20\x05\x1a\x20\x05\x15\
\x20\x05\x1e\x20\x05\x27\x20\x05\x22\x20\x05\x09\x2e\x05\0\x03\xfa\x7e\x20\x05\
\x0f\x06\x03\x89\x01\x3c\x05\x0a\x06\x20\x05\x13\x20\x05\x1b\x20\x05\x1f\x20\
\x05\0\x03\xf7\x7e\x2e\x05\x1f\x03\x89\x01\x2e\x05\x0e\x06\x22\x05\x09\x06\x20\
\x2e\x05\x0e\x06\x22\x05\x09\x06\x20\x06\x03\xeb\0\x2e\x06\x03\x88\x7e\x20\x05\
\x05\x06\x03\xfb\x01\x20\x06\x03\x85\x7e\x4a\x03\xfb\x01\x20\x03\x85\x7e\x20\
\x05\x1b\x06\x03\xff\x01\x20\x05\x05\x8c\x05\x10\x33\x05\x18\x21\x05\x11\x06\
\x20\x05\x13\x06\x3d\x05\x0d\x06\x20\x05\x15\x06\x2f\x05\x16\x21\x05\x0f\x06\
\x20\x05\x16\x06\x2f\x05\x0f\x06\x20\x05\x18\x06\x21\x05\x12\x06\x20\x05\x18\
\x06\x21\x05\x12\x06\x20\x05\x11\x06\x2f\x05\x10\x22\x05\x2d\x4f\x06\x03\xf1\
\x7d\x2e\x05\x17\x06\x03\x91\x02\x20\x06\x03\xef\x7d\x2e\x05\x09\x06\x03\x93\
\x02\x20\x21\x06\x03\xec\x7d\x4a\x05\x05\x06\x03\x97\x02\x2e\x06\x03\xe9\x7d\
\x4a\x05\x16\x06\x03\xa7\x02\x20\x05\x23\x1f\x05\x16\x22\x05\x23\x1e\x05\x09\
\x03\x76\x20\x06\x03\xe4\x7d\x74\x05\x17\x06\x03\xa9\x02\x20\x05\x23\x2b\x05\
\x09\x03\x76\x2e\x06\x03\xe4\x7d\x2e\x06\x03\xa2\x02\x2e\x06\x03\xde\x7d\x2e\
\x05\x17\x06\x03\xaa\x02\x3c\x05\x23\x1c\x05\x16\x28\x05\x22\x1f\x05\x16\x22\
\x05\x22\x1e\x05\x17\x23\x05\x22\x1d\x05\x17\x24\x05\x22\x1c\x05\x26\x03\x0f\
\x20\x05\x2e\x24\x06\x03\xc0\x7d\x20\x03\xc0\x02\x2e\x05\x09\x06\x3d\x05\x30\
\x21\x06\x03\xbe\x7d\x20\x05\x1d\x06\x03\xc6\x02\x20\x05\x23\x06\x3c\x05\x21\
\x2e\x05\x2f\x06\x1f\x05\0\x06\x03\xbb\x7d\x2e\x05\x05\x06\x03\xc8\x02\x4a\x05\
\x13\x4c\x05\x09\x06\x4a\x06\x21\x05\x33\x67\x05\x0d\x06\x20\x4a\x06\x22\x05\
\x09\x03\x91\x01\x4a\x06\x03\xa1\x7c\x4a\x03\xdf\x03\x20\x05\x33\x06\x23\x05\
\x0d\x3d\x05\x29\x22\x05\x16\x06\x20\x05\x3b\x06\x31\x05\x32\x2d\x05\0\x06\x03\
\x99\x7c\x2e\x05\x0d\x06\x03\xea\x03\x3c\x05\x11\x4c\x06\x66\x06\x21\x05\0\x06\
\x03\x93\x7c\x3c\x05\x22\x06\x03\xd7\x02\x4a\x05\x26\x1c\x05\x2a\x2f\x05\x1f\
\x27\x05\x0d\x06\x2e\x03\xa5\x7d\x20\x03\xdb\x02\x2e\x03\xa5\x7d\x20\x05\x15\
\x06\x03\xe4\x02\x2e\x05\x19\x06\x20\x05\x11\x06\x03\x86\x7e\x2e\x05\x0d\x03\
\xfb\x01\x20\x06\x03\x9b\x7d\x20\x03\xe5\x02\x2e\x05\x17\x06\x03\x09\x20\x05\
\x1c\x06\x20\x05\x11\x06\x03\xfc\x7d\x2e\x05\x0d\x03\x85\x02\x2e\x06\x03\x91\
\x7d\x20\x05\x1c\x06\x03\xf6\x02\x2e\x05\x17\x03\x09\x3c\x05\x15\x06\x3c\x05\
\x0d\x06\x03\x78\x20\x05\x30\x24\x06\x03\x85\x7d\x20\x05\x38\x03\xfb\x02\x20\
\x03\x85\x7d\x20\x05\x1c\x06\x03\xf6\x02\x2e\x05\x33\x03\x0c\x20\x05\x0d\x3d\
\x06\x03\xfd\x7c\x20\x05\x11\x06\x03\x85\x03\x20\x05\x27\x06\x58\x05\x2c\x20\
\x05\x11\x3c\x05\x2d\x06\x2f\x05\x1a\x06\x20\x05\x41\x06\x31\x05\x3f\x06\x2e\
\x05\x36\x06\x1f\x05\x2d\x2c\x05\x11\x41\x06\x03\xf5\x7c\x4a\x05\x24\x06\x03\
\x8f\x03\x20\x05\x2a\x06\x2e\x05\x28\x20\x05\x32\x06\x1f\x05\x24\x2f\x05\x0d\
\x3e\x06\x03\xef\x7c\x4a\x05\x10\x06\x03\xb3\x03\x3c\x06\x03\xcd\x7c\x20\x05\
\x14\x06\x03\xb4\x03\x2e\x06\x03\xcc\x7c\x58\x05\x0d\x06\x03\xb5\x03\x20\x06\
\x03\xcb\x7c\x20\x03\xb5\x03\x3c\x05\x33\x06\x33\x05\0\x06\x03\xc6\x7c\x3c\x05\
\x0d\x03\xba\x03\x20\x4a\x05\x09\x06\x24\x05\x0d\x5f\x06\x66\x06\x22\x4e\x06\
\x66\x06\x22\x06\x03\xb3\x7c\x4a\x05\x54\x06\x03\xd1\x03\x20\x05\x0d\x06\x2e\
\x58\x06\x21\x06\x03\xae\x7c\x4a\x05\x1b\x06\x03\xd6\x03\x20\x05\x46\x22\x06\
\x03\xa8\x7c\x20\x05\x5e\x03\xd8\x03\x20\x05\x0d\x20\x4a\x06\x21\x06\x03\xa7\
\x7c\x4a\x02\x02\0\x01\x01\x2f\x68\x6f\x6d\x65\x2f\x75\x73\x65\x72\x2f\x44\x65\
\x73\x6b\x74\x6f\x70\x2f\x65\x42\x50\x46\x5f\x43\x6f\x64\x65\x2f\x73\x72\x63\
\x2f\x65\x6e\x74\x72\x6f\x70\x79\x2f\x73\x69\x7a\x65\x2f\x6d\x61\x69\x6e\0\x2e\
\x2e\x2f\x2e\x2e\x2f\x2e\x2e\x2f\x2e\x2e\x2f\x69\x6e\x63\x6c\x75\x64\x65\0\x2f\
\x75\x73\x72\x2f\x69\x6e\x63\x6c\x75\x64\x65\x2f\x62\x70\x66\0\x74\x63\x5f\x65\
\x67\x72\x65\x73\x73\x2e\x62\x70\x66\x2e\x63\0\x76\x6d\x6c\x69\x6e\x75\x78\x2e\
\x68\0\x62\x70\x66\x5f\x68\x65\x6c\x70\x65\x72\x5f\x64\x65\x66\x73\x2e\x68\0\0\
\0\0\0\0\0\0\0\0\0\0\0\0\0\0\0\0\0\0\0\0\0\0\0\0\0\0\0\0\x32\x01\0\0\x04\0\xf1\
\xff\0\0\0\0\0\0\0\0\0\0\0\0\0\0\0\0\0\0\0\0\x03\0\x03\0\0\0\0\0\0\0\0\0\0\0\0\
\0\0\0\0\0\x1f\x02\0\0\0\0\x03\0\x58\0\0\0\0\0\0\0\0\0\0\0\0\0\0\0\x50\0\0\0\
\x01\0\x05\0\0\0\0\0\0\0\0\0\x2b\0\0\0\0\0\0\0\x6d\x02\0\0\0\0\x03\0\x40\0\0\0\
\0\0\0\0\0\0\0\0\0\0\0\0\x42\x02\0\0\0\0\x03\0\x48\0\0\0\0\0\0\0\0\0\0\0\0\0\0\
\0\x84\x02\0\0\0\0\x03\0\x18\x03\0\0\0\0\0\0\0\0\0\0\0\0\0\0\x03\x02\0\0\0\0\
\x03\0\x68\x03\0\0\0\0\0\0\0\0\0\0\0\0\0\0\x87\x01\0\0\0\0\x03\0\xc8\x03\0\0\0\
\0\0\0\0\0\0\0\0\0\0\0\xd2\x02\0\0\x01\0\x05\0\x2b\0\0\0\0\0\0\0\x1e\0\0\0\0\0\
\0\0\x7c\x02\0\0\0\0\x03\0\x70\x05\0\0\0\0\0\0\0\0\0\0\0\0\0\0\x51\x02\0\0\0\0\
\x03\0\x98\x05\0\0\0\0\0\0\0\0\0\0\0\0\0\0\x26\x02\0\0\0\0\x03\0\xc8\x05\0\0\0\
\0\0\0\0\0\0\0\0\0\0\0\xa1\x02\0\0\x01\0\x05\0\x49\0\0\0\0\0\0\0\x2a\0\0\0\0\0\
\0\0\x59\x02\0\0\x01\0\x05\0\x73\0\0\0\0\0\0\0\x14\0\0\0\0\0\0\0\xcf\x01\0\0\0\
\0\x03\0\x50\x06\0\0\0\0\0\0\0\0\0\0\0\0\0\0\x7f\x01\0\0\0\0\x03\0\x88\x06\0\0\
\0\0\0\0\0\0\0\0\0\0\0\0\xe6\x02\0\0\0\0\x03\0\xb0\x06\0\0\0\0\0\0\0\0\0\0\0\0\
\0\0\x74\x02\0\0\0\0\x03\0\x58\x07\0\0\0\0\0\0\0\0\0\0\0\0\0\0\x77\x01\0\0\0\0\
\x03\0\x80\x08\0\0\0\0\0\0\0\0\0\0\0\0\0\0\x2e\x02\0\0\x01\0\x05\0\x87\0\0\0\0\
\0\0\0\x32\0\0\0\0\0\0\0\xc7\x01\0\0\0\0\x03\0\xa8\x09\0\0\0\0\0\0\0\0\0\0\0\0\
\0\0\x0b\x02\0\0\x01\0\x05\0\xb9\0\0\0\0\0\0\0\x29\0\0\0\0\0\0\0\xfb\x01\0\0\0\
\0\x03\0\x90\x09\0\0\0\0\0\0\0\0\0\0\0\0\0\0\xbd\x02\0\0\x01\0\x05\0\xd4\x01\0\
\0\0\0\0\0\x26\0\0\0\0\0\0\0\x8c\x02\0\0\x01\0\x05\0\xfa\x01\0\0\0\0\0\0\x37\0\
\0\0\0\0\0\0\xf3\x01\0\0\0\0\x03\0\0\x0c\0\0\0\0\0\0\0\0\0\0\0\0\0\0\xbf\x01\0\
\0\0\0\x03\0\x78\x0c\0\0\0\0\0\0\0\0\0\0\0\0\0\0\xd7\x01\0\0\x01\0\x05\0\xe2\0\
\0\0\0\0\0\0\x1f\0\0\0\0\0\0\0\xb5\x02\0\0\0\0\x03\0\xc0\x0d\0\0\0\0\0\0\0\0\0\
\0\0\0\0\0\xab\x01\0\0\x01\0\x05\0\x01\x01\0\0\0\0\0\0\x31\0\0\0\0\0\0\0\x49\
\x02\0\0\0\0\x03\0\x18\x0e\0\0\0\0\0\0\0\0\0\0\0\0\0\0\x8f\x01\0\0\x01\0\x05\0\
\x32\x01\0\0\0\0\0\0\x36\0\0\0\0\0\0\0\xeb\x01\0\0\0\0\x03\0\x80\x0e\0\0\0\0\0\
\0\0\0\0\0\0\0\0\0\x63\x01\0\0\x01\0\x05\0\x68\x01\0\0\0\0\0\0\x37\0\0\0\0\0\0\
\0\xa3\x01\0\0\0\0\x03\0\xf0\x0e\0\0\0\0\0\0\0\0\0\0\0\0\0\0\xee\x02\0\0\x01\0\
\x05\0\x9f\x01\0\0\0\0\0\0\x35\0\0\0\0\0\0\0\0\0\0\0\x03\0\x05\0\0\0\0\0\0\0\0\
\0\0\0\0\0\0\0\0\0\0\0\0\0\x03\0\x08\0\0\0\0\0\0\0\0\0\0\0\0\0\0\0\0\0\0\0\0\0\
\x03\0\x09\0\0\0\0\0\0\0\0\0\0\0\0\0\0\0\0\0\0\0\0\0\x03\0\x0c\0\0\0\0\0\0\0\0\
\0\0\0\0\0\0\0\0\0\0\0\0\0\x03\0\x0d\0\0\0\0\0\0\0\0\0\0\0\0\0\0\0\0\0\0\0\0\0\
\x03\0\x0f\0\0\0\0\0\0\0\0\0\0\0\0\0\0\0\0\0\0\0\0\0\x03\0\x10\0\0\0\0\0\0\0\0\
\0\0\0\0\0\0\0\0\0\0\0\0\0\x03\0\x16\0\0\0\0\0\0\0\0\0\0\0\0\0\0\0\0\0\0\0\0\0\
\x03\0\x18\0\0\0\0\0\0\0\0\0\0\0\0\0\0\0\0\0\0\0\0\0\x03\0\x1a\0\0\0\0\0\0\0\0\
\0\0\0\0\0\0\0\0\0\x99\0\0\0\x12\0\x03\0\0\0\0\0\0\0\0\0\0\x0f\0\0\0\0\0\0\x01\
\0\0\0\x11\0\x06\0\0\0\0\0\0\0\0\0\x20\0\0\0\0\0\0\0\x11\0\0\0\x11\0\x06\0\x20\
\0\0\0\0\0\0\0\x20\0\0\0\0\0\0\0\xd4\0\0\0\x11\0\x06\0\x40\0\0\0\0\0\0\0\x20\0\
\0\0\0\0\0\0\0\x01\0\0\x11\0\x07\0\0\0\0\0\0\0\0\0\x04\0\0\0\0\0\0\0\x20\0\0\0\
\x11\0\x06\0\x60\0\0\0\0\0\0\0\x20\0\0\0\0\0\0\0\x28\0\0\0\0\0\0\0\x01\0\0\0\
\x26\0\0\0\x10\x04\0\0\0\0\0\0\x01\0\0\0\x26\0\0\0\x98\x05\0\0\0\0\0\0\x01\0\0\
\0\x26\0\0\0\xc8\x05\0\0\0\0\0\0\x01\0\0\0\x26\0\0\0\x28\x07\0\0\0\0\0\0\x01\0\
\0\0\x31\0\0\0\xb8\x07\0\0\0\0\0\0\x01\0\0\0\x31\0\0\0\0\x08\0\0\0\0\0\0\x01\0\
\0\0\x26\0\0\0\x60\x08\0\0\0\0\0\0\x01\0\0\0\x26\0\0\0\x80\x08\0\0\0\0\0\0\x01\
\0\0\0\x26\0\0\0\xb0\x08\0\0\0\0\0\0\x01\0\0\0\x32\0\0\0\x20\x09\0\0\0\0\0\0\
\x01\0\0\0\x32\0\0\0\x78\x09\0\0\0\0\0\0\x01\0\0\0\x26\0\0\0\0\x0b\0\0\0\0\0\0\
\x01\0\0\0\x32\0\0\0\xd8\x0b\0\0\0\0\0\0\x01\0\0\0\x32\0\0\0\x48\x0c\0\0\0\0\0\
\0\x01\0\0\0\x32\0\0\0\x40\x0d\0\0\0\0\0\0\x01\0\0\0\x26\0\0\0\xa0\x0d\0\0\0\0\
\0\0\x01\0\0\0\x26\0\0\0\xf8\x0d\0\0\0\0\0\0\x01\0\0\0\x26\0\0\0\x60\x0e\0\0\0\
\0\0\0\x01\0\0\0\x26\0\0\0\xd0\x0e\0\0\0\0\0\0\x01\0\0\0\x26\0\0\0\x08\0\0\0\0\
\0\0\0\x03\0\0\0\x28\0\0\0\x11\0\0\0\0\0\0\0\x03\0\0\0\x2a\0\0\0\x15\0\0\0\0\0\
\0\0\x03\0\0\0\x2e\0\0\0\x1f\0\0\0\0\0\0\0\x03\0\0\0\x2c\0\0\0\x23\0\0\0\0\0\0\
\0\x03\0\0\0\x29\0\0\0\x27\0\0\0\0\0\0\0\x03\0\0\0\x27\0\0\0\x08\0\0\0\0\0\0\0\
\x03\0\0\0\x2b\0\0\0\x0c\0\0\0\0\0\0\0\x03\0\0\0\x2b\0\0\0\x10\0\0\0\0\0\0\0\
\x03\0\0\0\x2b\0\0\0\x14\0\0\0\0\0\0\0\x03\0\0\0\x2b\0\0\0\x18\0\0\0\0\0\0\0\
\x03\0\0\0\x2b\0\0\0\x1c\0\0\0\0\0\0\0\x03\0\0\0\x2b\0\0\0\x20\0\0\0\0\0\0\0\
\x03\0\0\0\x2b\0\0\0\x24\0\0\0\0\0\0\0\x03\0\0\0\x2b\0\0\0\x28\0\0\0\0\0\0\0\
\x03\0\0\0\x2b\0\0\0\x2c\0\0\0\0\0\0\0\x03\0\0\0\x2b\0\0\0\x30\0\0\0\0\0\0\0\
\x03\0\0\0\x2b\0\0\0\x34\0\0\0\0\0\0\0\x03\0\0\0\x2b\0\0\0\x38\0\0\0\0\0\0\0\
\x03\0\0\0\x2b\0\0\0\x3c\0\0\0\0\0\0\0\x03\0\0\0\x2b\0\0\0\x40\0\0\0\0\0\0\0\
\x03\0\0\0\x2b\0\0\0\x44\0\0\0\0\0\0\0\x03\0\0\0\x2b\0\0\0\x48\0\0\0\0\0\0\0\
\x03\0\0\0\x2b\0\0\0\x4c\0\0\0\0\0\0\0\x03\0\0\0\x2b\0\0\0\x50\0\0\0\0\0\0\0\
\x03\0\0\0\x2b\0\0\0\x54\0\0\0\0\0\0\0\x03\0\0\0\x2b\0\0\0\x58\0\0\0\0\0\0\0\
\x03\0\0\0\x2b\0\0\0\x5c\0\0\0\0\0\0\0\x03\0\0\0\x2b\0\0\0\x60\0\0\0\0\0\0\0\
\x03\0\0\0\x2b\0\0\0\x64\0\0\0\0\0\0\0\x03\0\0\0\x2b\0\0\0\x68\0\0\0\0\0\0\0\
\x03\0\0\0\x2b\0\0\0\x6c\0\0\0\0\0\0\0\x03\0\0\0\x2b\0\0\0\x70\0\0\0\0\0\0\0\
\x03\0\0\0\x2b\0\0\0\x74\0\0\0\0\0\0\0\x03\0\0\0\x2b\0\0\0\x78\0\0\0\0\0\0\0\
\x03\0\0\0\x2b\0\0\0\x7c\0\0\0\0\0\0\0\x03\0\0\0\x2b\0\0\0\x80\0\0\0\0\0\0\0\
\x03\0\0\0\x2b\0\0\0\x84\0\0\0\0\0\0\0\x03\0\0\0\x2b\0\0\0\x88\0\0\0\0\0\0\0\
\x03\0\0\0\x2b\0\0\0\x8c\0\0\0\0\0\0\0\x03\0\0\0\x2b\0\0\0\x90\0\0\0\0\0\0\0\
\x03\0\0\0\x2b\0\0\0\x94\0\0\0\0\0\0\0\x03\0\0\0\x2b\0\0\0\x98\0\0\0\0\0\0\0\
\x03\0\0\0\x2b\0\0\0\x9c\0\0\0\0\0\0\0\x03\0\0\0\x2b\0\0\0\xa0\0\0\0\0\0\0\0\
\x03\0\0\0\x2b\0\0\0\xa4\0\0\0\0\0\0\0\x03\0\0\0\x2b\0\0\0\xa8\0\0\0\0\0\0\0\
\x03\0\0\0\x2b\0\0\0\xac\0\0\0\0\0\0\0\x03\0\0\0\x2b\0\0\0\xb0\0\0\0\0\0\0\0\
\x03\0\0\0\x2b\0\0\0\xb4\0\0\0\0\0\0\0\x03\0\0\0\x2b\0\0\0\xb8\0\0\0\0\0\0\0\
\x03\0\0\0\x2b\0\0\0\xbc\0\0\0\0\0\0\0\x03\0\0\0\x2b\0\0\0\xc0\0\0\0\0\0\0\0\
\x03\0\0\0\x2b\0\0\0\xc4\0\0\0\0\0\0\0\x03\0\0\0\x2b\0\0\0\xc8\0\0\0\0\0\0\0\
\x03\0\0\0\x2b\0\0\0\xcc\0\0\0\0\0\0\0\x03\0\0\0\x2b\0\0\0\xd0\0\0\0\0\0\0\0\
\x03\0\0\0\x2b\0\0\0\xd4\0\0\0\0\0\0\0\x03\0\0\0\x2b\0\0\0\xd8\0\0\0\0\0\0\0\
\x03\0\0\0\x2b\0\0\0\xdc\0\0\0\0\0\0\0\x03\0\0\0\x2b\0\0\0\xe0\0\0\0\0\0\0\0\
\x03\0\0\0\x2b\0\0\0\xe4\0\0\0\0\0\0\0\x03\0\0\0\x2b\0\0\0\xe8\0\0\0\0\0\0\0\
\x03\0\0\0\x2b\0\0\0\xec\0\0\0\0\0\0\0\x03\0\0\0\x2b\0\0\0\xf0\0\0\0\0\0\0\0\
\x03\0\0\0\x2b\0\0\0\xf4\0\0\0\0\0\0\0\x03\0\0\0\x2b\0\0\0\xf8\0\0\0\0\0\0\0\
\x03\0\0\0\x2b\0\0\0\xfc\0\0\0\0\0\0\0\x03\0\0\0\x2b\0\0\0\0\x01\0\0\0\0\0\0\
\x03\0\0\0\x2b\0\0\0\x04\x01\0\0\0\0\0\0\x03\0\0\0\x2b\0\0\0\x08\x01\0\0\0\0\0\
\0\x03\0\0\0\x2b\0\0\0\x0c\x01\0\0\0\0\0\0\x03\0\0\0\x2b\0\0\0\x10\x01\0\0\0\0\
\0\0\x03\0\0\0\x2b\0\0\0\x14\x01\0\0\0\0\0\0\x03\0\0\0\x2b\0\0\0\x18\x01\0\0\0\
\0\0\0\x03\0\0\0\x2b\0\0\0\x1c\x01\0\0\0\0\0\0\x03\0\0\0\x2b\0\0\0\x20\x01\0\0\
\0\0\0\0\x03\0\0\0\x2b\0\0\0\x24\x01\0\0\0\0\0\0\x03\0\0\0\x2b\0\0\0\x28\x01\0\
\0\0\0\0\0\x03\0\0\0\x2b\0\0\0\x2c\x01\0\0\0\0\0\0\x03\0\0\0\x2b\0\0\0\x30\x01\
\0\0\0\0\0\0\x03\0\0\0\x2b\0\0\0\x34\x01\0\0\0\0\0\0\x03\0\0\0\x2b\0\0\0\x38\
\x01\0\0\0\0\0\0\x03\0\0\0\x2b\0\0\0\x3c\x01\0\0\0\0\0\0\x03\0\0\0\x2b\0\0\0\
\x40\x01\0\0\0\0\0\0\x03\0\0\0\x2b\0\0\0\x44\x01\0\0\0\0\0\0\x03\0\0\0\x2b\0\0\
\0\x48\x01\0\0\0\0\0\0\x03\0\0\0\x2b\0\0\0\x4c\x01\0\0\0\0\0\0\x03\0\0\0\x2b\0\
\0\0\x50\x01\0\0\0\0\0\0\x03\0\0\0\x2b\0\0\0\x54\x01\0\0\0\0\0\0\x03\0\0\0\x2b\
\0\0\0\x58\x01\0\0\0\0\0\0\x03\0\0\0\x2b\0\0\0\x5c\x01\0\0\0\0\0\0\x03\0\0\0\
\x2b\0\0\0\x60\x01\0\0\0\0\0\0\x03\0\0\0\x2b\0\0\0\x64\x01\0\0\0\0\0\0\x03\0\0\
\0\x2b\0\0\0\x68\x01\0\0\0\0\0\0\x03\0\0\0\x2b\0\0\0\x6c\x01\0\0\0\0\0\0\x03\0\
\0\0\x2b\0\0\0\x70\x01\0\0\0\0\0\0\x03\0\0\0\x2b\0\0\0\x74\x01\0\0\0\0\0\0\x03\
\0\0\0\x2b\0\0\0\x78\x01\0\0\0\0\0\0\x03\0\0\0\x2b\0\0\0\x7c\x01\0\0\0\0\0\0\
\x03\0\0\0\x2b\0\0\0\x80\x01\0\0\0\0\0\0\x03\0\0\0\x2b\0\0\0\x84\x01\0\0\0\0\0\
\0\x03\0\0\0\x2b\0\0\0\x88\x01\0\0\0\0\0\0\x03\0\0\0\x2b\0\0\0\x8c\x01\0\0\0\0\
\0\0\x03\0\0\0\x2b\0\0\0\x90\x01\0\0\0\0\0\0\x03\0\0\0\x2b\0\0\0\x94\x01\0\0\0\
\0\0\0\x03\0\0\0\x2b\0\0\0\x98\x01\0\0\0\0\0\0\x03\0\0\0\x2b\0\0\0\x9c\x01\0\0\
\0\0\0\0\x03\0\0\0\x2b\0\0\0\xa0\x01\0\0\0\0\0\0\x03\0\0\0\x2b\0\0\0\xa4\x01\0\
\0\0\0\0\0\x03\0\0\0\x2b\0\0\0\xa8\x01\0\0\0\0\0\0\x03\0\0\0\x2b\0\0\0\xac\x01\
\0\0\0\0\0\0\x03\0\0\0\x2b\0\0\0\xb0\x01\0\0\0\0\0\0\x03\0\0\0\x2b\0\0\0\xb4\
\x01\0\0\0\0\0\0\x03\0\0\0\x2b\0\0\0\xb8\x01\0\0\0\0\0\0\x03\0\0\0\x2b\0\0\0\
\xbc\x01\0\0\0\0\0\0\x03\0\0\0\x2b\0\0\0\xc0\x01\0\0\0\0\0\0\x03\0\0\0\x2b\0\0\
\0\xc4\x01\0\0\0\0\0\0\x03\0\0\0\x2b\0\0\0\xc8\x01\0\0\0\0\0\0\x03\0\0\0\x2b\0\
\0\0\xcc\x01\0\0\0\0\0\0\x03\0\0\0\x2b\0\0\0\xd0\x01\0\0\0\0\0\0\x03\0\0\0\x2b\
\0\0\0\xd4\x01\0\0\0\0\0\0\x03\0\0\0\x2b\0\0\0\xd8\x01\0\0\0\0\0\0\x03\0\0\0\
\x2b\0\0\0\xdc\x01\0\0\0\0\0\0\x03\0\0\0\x2b\0\0\0\xe0\x01\0\0\0\0\0\0\x03\0\0\
\0\x2b\0\0\0\xe4\x01\0\0\0\0\0\0\x03\0\0\0\x2b\0\0\0\xe8\x01\0\0\0\0\0\0\x03\0\
\0\0\x2b\0\0\0\xec\x01\0\0\0\0\0\0\x03\0\0\0\x2b\0\0\0\xf0\x01\0\0\0\0\0\0\x03\
\0\0\0\x2b\0\0\0\xf4\x01\0\0\0\0\0\0\x03\0\0\0\x2b\0\0\0\xf8\x01\0\0\0\0\0\0\
\x03\0\0\0\x2b\0\0\0\xfc\x01\0\0\0\0\0\0\x03\0\0\0\x2b\0\0\0\0\x02\0\0\0\0\0\0\
\x03\0\0\0\x2b\0\0\0\x04\x02\0\0\0\0\0\0\x03\0\0\0\x2b\0\0\0\x08\x02\0\0\0\0\0\
\0\x03\0\0\0\x2b\0\0\0\x0c\x02\0\0\0\0\0\0\x03\0\0\0\x2b\0\0\0\x10\x02\0\0\0\0\
\0\0\x03\0\0\0\x2b\0\0\0\x14\x02\0\0\0\0\0\0\x03\0\0\0\x2b\0\0\0\x18\x02\0\0\0\
\0\0\0\x03\0\0\0\x2b\0\0\0\x1c\x02\0\0\0\0\0\0\x03\0\0\0\x2b\0\0\0\x20\x02\0\0\
\0\0\0\0\x03\0\0\0\x2b\0\0\0\x24\x02\0\0\0\0\0\0\x03\0\0\0\x2b\0\0\0\x28\x02\0\
\0\0\0\0\0\x03\0\0\0\x2b\0\0\0\x2c\x02\0\0\0\0\0\0\x03\0\0\0\x2b\0\0\0\x30\x02\
\0\0\0\0\0\0\x03\0\0\0\x2b\0\0\0\x34\x02\0\0\0\0\0\0\x03\0\0\0\x2b\0\0\0\x38\
\x02\0\0\0\0\0\0\x03\0\0\0\x2b\0\0\0\x3c\x02\0\0\0\0\0\0\x03\0\0\0\x2b\0\0\0\
\x40\x02\0\0\0\0\0\0\x03\0\0\0\x2b\0\0\0\x44\x02\0\0\0\0\0\0\x03\0\0\0\x2b\0\0\
\0\x48\x02\0\0\0\0\0\0\x03\0\0\0\x2b\0\0\0\x4c\x02\0\0\0\0\0\0\x03\0\0\0\x2b\0\
\0\0\x50\x02\0\0\0\0\0\0\x03\0\0\0\x2b\0\0\0\x54\x02\0\0\0\0\0\0\x03\0\0\0\x2b\
\0\0\0\x58\x02\0\0\0\0\0\0\x03\0\0\0\x2b\0\0\0\x5c\x02\0\0\0\0\0\0\x03\0\0\0\
\x2b\0\0\0\x60\x02\0\0\0\0\0\0\x03\0\0\0\x2b\0\0\0\x64\x02\0\0\0\0\0\0\x03\0\0\
\0\x2b\0\0\0\x68\x02\0\0\0\0\0\0\x03\0\0\0\x2b\0\0\0\x6c\x02\0\0\0\0\0\0\x03\0\
\0\0\x2b\0\0\0\x70\x02\0\0\0\0\0\0\x03\0\0\0\x2b\0\0\0\x74\x02\0\0\0\0\0\0\x03\
\0\0\0\x2b\0\0\0\x78\x02\0\0\0\0\0\0\x03\0\0\0\x2b\0\0\0\x7c\x02\0\0\0\0\0\0\
\x03\0\0\0\x2b\0\0\0\x80\x02\0\0\0\0\0\0\x03\0\0\0\x2b\0\0\0\x84\x02\0\0\0\0\0\
\0\x03\0\0\0\x2b\0\0\0\x88\x02\0\0\0\0\0\0\x03\0\0\0\x2b\0\0\0\x8c\x02\0\0\0\0\
\0\0\x03\0\0\0\x2b\0\0\0\x90\x02\0\0\0\0\0\0\x03\0\0\0\x2b\0\0\0\x94\x02\0\0\0\
\0\0\0\x03\0\0\0\x2b\0\0\0\x98\x02\0\0\0\0\0\0\x03\0\0\0\x2b\0\0\0\x9c\x02\0\0\
\0\0\0\0\x03\0\0\0\x2b\0\0\0\xa0\x02\0\0\0\0\0\0\x03\0\0\0\x2b\0\0\0\xa4\x02\0\
\0\0\0\0\0\x03\0\0\0\x2b\0\0\0\xa8\x02\0\0\0\0\0\0\x03\0\0\0\x2b\0\0\0\xac\x02\
\0\0\0\0\0\0\x03\0\0\0\x2b\0\0\0\xb0\x02\0\0\0\0\0\0\x03\0\0\0\x2b\0\0\0\xb4\
\x02\0\0\0\0\0\0\x03\0\0\0\x2b\0\0\0\xb8\x02\0\0\0\0\0\0\x03\0\0\0\x2b\0\0\0\
\xbc\x02\0\0\0\0\0\0\x03\0\0\0\x2b\0\0\0\xc0\x02\0\0\0\0\0\0\x03\0\0\0\x2b\0\0\
\0\xc4\x02\0\0\0\0\0\0\x03\0\0\0\x2b\0\0\0\xc8\x02\0\0\0\0\0\0\x03\0\0\0\x2b\0\
\0\0\xcc\x02\0\0\0\0\0\0\x03\0\0\0\x2b\0\0\0\xd0\x02\0\0\0\0\0\0\x03\0\0\0\x2b\
\0\0\0\xd4\x02\0\0\0\0\0\0\x03\0\0\0\x2b\0\0\0\xd8\x02\0\0\0\0\0\0\x03\0\0\0\
\x2b\0\0\0\xdc\x02\0\0\0\0\0\0\x03\0\0\0\x2b\0\0\0\xe0\x02\0\0\0\0\0\0\x03\0\0\
\0\x2b\0\0\0\xe4\x02\0\0\0\0\0\0\x03\0\0\0\x2b\0\0\0\xe8\x02\0\0\0\0\0\0\x03\0\
\0\0\x2b\0\0\0\xec\x02\0\0\0\0\0\0\x03\0\0\0\x2b\0\0\0\xf0\x02\0\0\0\0\0\0\x03\
\0\0\0\x2b\0\0\0\xf4\x02\0\0\0\0\0\0\x03\0\0\0\x2b\0\0\0\xf8\x02\0\0\0\0\0\0\
\x03\0\0\0\x2b\0\0\0\xfc\x02\0\0\0\0\0\0\x03\0\0\0\x2b\0\0\0\0\x03\0\0\0\0\0\0\
\x03\0\0\0\x2b\0\0\0\x04\x03\0\0\0\0\0\0\x03\0\0\0\x2b\0\0\0\x08\x03\0\0\0\0\0\
\0\x03\0\0\0\x2b\0\0\0\x0c\x03\0\0\0\0\0\0\x03\0\0\0\x2b\0\0\0\x10\x03\0\0\0\0\
\0\0\x03\0\0\0\x2b\0\0\0\x14\x03\0\0\0\0\0\0\x03\0\0\0\x2b\0\0\0\x18\x03\0\0\0\
\0\0\0\x03\0\0\0\x2b\0\0\0\x1c\x03\0\0\0\0\0\0\x03\0\0\0\x2b\0\0\0\x20\x03\0\0\
\0\0\0\0\x03\0\0\0\x2b\0\0\0\x24\x03\0\0\0\0\0\0\x03\0\0\0\x2b\0\0\0\x28\x03\0\
\0\0\0\0\0\x03\0\0\0\x2b\0\0\0\x2c\x03\0\0\0\0\0\0\x03\0\0\0\x2b\0\0\0\x30\x03\
\0\0\0\0\0\0\x03\0\0\0\x2b\0\0\0\x34\x03\0\0\0\0\0\0\x03\0\0\0\x2b\0\0\0\x38\
\x03\0\0\0\0\0\0\x03\0\0\0\x2b\0\0\0\x3c\x03\0\0\0\0\0\0\x03\0\0\0\x2b\0\0\0\
\x40\x03\0\0\0\0\0\0\x03\0\0\0\x2b\0\0\0\x44\x03\0\0\0\0\0\0\x03\0\0\0\x2b\0\0\
\0\x48\x03\0\0\0\0\0\0\x03\0\0\0\x2b\0\0\0\x4c\x03\0\0\0\0\0\0\x03\0\0\0\x2b\0\
\0\0\x50\x03\0\0\0\0\0\0\x03\0\0\0\x2b\0\0\0\x54\x03\0\0\0\0\0\0\x03\0\0\0\x2b\
\0\0\0\x58\x03\0\0\0\0\0\0\x03\0\0\0\x2b\0\0\0\x5c\x03\0\0\0\0\0\0\x03\0\0\0\
\x2b\0\0\0\x60\x03\0\0\0\0\0\0\x03\0\0\0\x2b\0\0\0\x64\x03\0\0\0\0\0\0\x03\0\0\
\0\x2b\0\0\0\x68\x03\0\0\0\0\0\0\x03\0\0\0\x2b\0\0\0\x6c\x03\0\0\0\0\0\0\x03\0\
\0\0\x2b\0\0\0\x70\x03\0\0\0\0\0\0\x03\0\0\0\x2b\0\0\0\x74\x03\0\0\0\0\0\0\x03\
\0\0\0\x2b\0\0\0\x78\x03\0\0\0\0\0\0\x03\0\0\0\x2b\0\0\0\x7c\x03\0\0\0\0\0\0\
\x03\0\0\0\x2b\0\0\0\x80\x03\0\0\0\0\0\0\x03\0\0\0\x2b\0\0\0\x84\x03\0\0\0\0\0\
\0\x03\0\0\0\x2b\0\0\0\x88\x03\0\0\0\0\0\0\x03\0\0\0\x2b\0\0\0\x8c\x03\0\0\0\0\
\0\0\x03\0\0\0\x2b\0\0\0\x90\x03\0\0\0\0\0\0\x03\0\0\0\x2b\0\0\0\x94\x03\0\0\0\
\0\0\0\x03\0\0\0\x2b\0\0\0\x98\x03\0\0\0\0\0\0\x03\0\0\0\x2b\0\0\0\x9c\x03\0\0\
\0\0\0\0\x03\0\0\0\x2b\0\0\0\xa0\x03\0\0\0\0\0\0\x03\0\0\0\x2b\0\0\0\xa4\x03\0\
\0\0\0\0\0\x03\0\0\0\x2b\0\0\0\xa8\x03\0\0\0\0\0\0\x03\0\0\0\x2b\0\0\0\xac\x03\
\0\0\0\0\0\0\x03\0\0\0\x2b\0\0\0\xb0\x03\0\0\0\0\0\0\x03\0\0\0\x2b\0\0\0\xb4\
\x03\0\0\0\0\0\0\x03\0\0\0\x2b\0\0\0\xb8\x03\0\0\0\0\0\0\x03\0\0\0\x2b\0\0\0\
\xbc\x03\0\0\0\0\0\0\x03\0\0\0\x2b\0\0\0\xc0\x03\0\0\0\0\0\0\x03\0\0\0\x2b\0\0\
\0\xc4\x03\0\0\0\0\0\0\x03\0\0\0\x2b\0\0\0\xc8\x03\0\0\0\0\0\0\x03\0\0\0\x2b\0\
\0\0\xcc\x03\0\0\0\0\0\0\x03\0\0\0\x2b\0\0\0\xd0\x03\0\0\0\0\0\0\x03\0\0\0\x2b\
\0\0\0\xd4\x03\0\0\0\0\0\0\x03\0\0\0\x2b\0\0\0\xd8\x03\0\0\0\0\0\0\x03\0\0\0\
\x2b\0\0\0\xdc\x03\0\0\0\0\0\0\x03\0\0\0\x2b\0\0\0\xe0\x03\0\0\0\0\0\0\x03\0\0\
\0\x2b\0\0\0\xe4\x03\0\0\0\0\0\0\x03\0\0\0\x2b\0\0\0\xe8\x03\0\0\0\0\0\0\x03\0\
\0\0\x2b\0\0\0\xec\x03\0\0\0\0\0\0\x03\0\0\0\x2b\0\0\0\xf0\x03\0\0\0\0\0\0\x03\
\0\0\0\x2b\0\0\0\xf4\x03\0\0\0\0\0\0\x03\0\0\0\x2b\0\0\0\x08\0\0\0\0\0\0\0\x02\
\0\0\0\x26\0\0\0\x10\0\0\0\0\0\0\0\x02\0\0\0\x26\0\0\0\x18\0\0\0\0\0\0\0\x02\0\
\0\0\x26\0\0\0\x20\0\0\0\0\0\0\0\x02\0\0\0\x26\0\0\0\x28\0\0\0\0\0\0\0\x02\0\0\
\0\x26\0\0\0\x30\0\0\0\0\0\0\0\x02\0\0\0\x26\0\0\0\x38\0\0\0\0\0\0\0\x02\0\0\0\
\x26\0\0\0\x40\0\0\0\0\0\0\0\x02\0\0\0\x26\0\0\0\x48\0\0\0\0\0\0\0\x02\0\0\0\
\x26\0\0\0\x50\0\0\0\0\0\0\0\x02\0\0\0\x26\0\0\0\x58\0\0\0\0\0\0\0\x02\0\0\0\
\x26\0\0\0\x60\0\0\0\0\0\0\0\x02\0\0\0\x26\0\0\0\x68\0\0\0\0\0\0\0\x02\0\0\0\
\x26\0\0\0\x70\0\0\0\0\0\0\0\x02\0\0\0\x34\0\0\0\x78\0\0\0\0\0\0\0\x02\0\0\0\
\x31\0\0\0\x80\0\0\0\0\0\0\0\x02\0\0\0\x35\0\0\0\x88\0\0\0\0\0\0\0\x02\0\0\0\
\x32\0\0\0\x90\0\0\0\0\0\0\0\x02\0\0\0\x33\0\0\0\x98\0\0\0\0\0\0\0\x02\0\0\0\
\x02\0\0\0\xa0\0\0\0\0\0\0\0\x02\0\0\0\x02\0\0\0\xa8\0\0\0\0\0\0\0\x02\0\0\0\
\x02\0\0\0\xb0\0\0\0\0\0\0\0\x02\0\0\0\x02\0\0\0\xb8\0\0\0\0\0\0\0\x02\0\0\0\
\x02\0\0\0\xc0\0\0\0\0\0\0\0\x02\0\0\0\x02\0\0\0\xc8\0\0\0\0\0\0\0\x02\0\0\0\
\x02\0\0\0\xd0\0\0\0\0\0\0\0\x02\0\0\0\x02\0\0\0\xd8\0\0\0\0\0\0\0\x02\0\0\0\
\x02\0\0\0\xbc\x0b\0\0\0\0\0\0\x04\0\0\0\x31\0\0\0\xc8\x0b\0\0\0\0\0\0\x04\0\0\
\0\x32\0\0\0\xd4\x0b\0\0\0\0\0\0\x04\0\0\0\x33\0\0\0\xe0\x0b\0\0\0\0\0\0\x04\0\
\0\0\x35\0\0\0\xf8\x0b\0\0\0\0\0\0\x03\0\0\0\x26\0\0\0\x04\x0c\0\0\0\0\0\0\x03\
\0\0\0\x26\0\0\0\x10\x0c\0\0\0\0\0\0\x03\0\0\0\x26\0\0\0\x1c\x0c\0\0\0\0\0\0\
\x03\0\0\0\x26\0\0\0\x28\x0c\0\0\0\0\0\0\x03\0\0\0\x26\0\0\0\x34\x0c\0\0\0\0\0\
\0\x03\0\0\0\x26\0\0\0\x40\x0c\0\0\0\0\0\0\x03\0\0\0\x26\0\0\0\x4c\x0c\0\0\0\0\
\0\0\x03\0\0\0\x26\0\0\0\x58\x0c\0\0\0\0\0\0\x03\0\0\0\x26\0\0\0\x64\x0c\0\0\0\
\0\0\0\x03\0\0\0\x26\0\0\0\x70\x0c\0\0\0\0\0\0\x03\0\0\0\x26\0\0\0\x7c\x0c\0\0\
\0\0\0\0\x03\0\0\0\x26\0\0\0\x88\x0c\0\0\0\0\0\0\x03\0\0\0\x26\0\0\0\xa0\x0c\0\
\0\0\0\0\0\x04\0\0\0\x34\0\0\0\x2c\0\0\0\0\0\0\0\x04\0\0\0\x02\0\0\0\x40\0\0\0\
\0\0\0\0\x04\0\0\0\x02\0\0\0\x50\0\0\0\0\0\0\0\x04\0\0\0\x02\0\0\0\x60\0\0\0\0\
\0\0\0\x04\0\0\0\x02\0\0\0\x70\0\0\0\0\0\0\0\x04\0\0\0\x02\0\0\0\x80\0\0\0\0\0\
\0\0\x04\0\0\0\x02\0\0\0\x90\0\0\0\0\0\0\0\x04\0\0\0\x02\0\0\0\xa0\0\0\0\0\0\0\
\0\x04\0\0\0\x02\0\0\0\xb0\0\0\0\0\0\0\0\x04\0\0\0\x02\0\0\0\xc0\0\0\0\0\0\0\0\
\x04\0\0\0\x02\0\0\0\xd0\0\0\0\0\0\0\0\x04\0\0\0\x02\0\0\0\xe0\0\0\0\0\0\0\0\
\x04\0\0\0\x02\0\0\0\xf0\0\0\0\0\0\0\0\x04\0\0\0\x02\0\0\0\0\x01\0\0\0\0\0\0\
\x04\0\0\0\x02\0\0\0\x10\x01\0\0\0\0\0\0\x04\0\0\0\x02\0\0\0\x20\x01\0\0\0\0\0\
\0\x04\0\0\0\x02\0\0\0\x30\x01\0\0\0\0\0\0\x04\0\0\0\x02\0\0\0\x40\x01\0\0\0\0\
\0\0\x04\0\0\0\x02\0\0\0\x50\x01\0\0\0\0\0\0\x04\0\0\0\x02\0\0\0\x60\x01\0\0\0\
\0\0\0\x04\0\0\0\x02\0\0\0\x70\x01\0\0\0\0\0\0\x04\0\0\0\x02\0\0\0\x80\x01\0\0\
\0\0\0\0\x04\0\0\0\x02\0\0\0\x90\x01\0\0\0\0\0\0\x04\0\0\0\x02\0\0\0\xa0\x01\0\
\0\0\0\0\0\x04\0\0\0\x02\0\0\0\xb0\x01\0\0\0\0\0\0\x04\0\0\0\x02\0\0\0\xc0\x01\
\0\0\0\0\0\0\x04\0\0\0\x02\0\0\0\xd0\x01\0\0\0\0\0\0\x04\0\0\0\x02\0\0\0\xe0\
\x01\0\0\0\0\0\0\x04\0\0\0\x02\0\0\0\xf0\x01\0\0\0\0\0\0\x04\0\0\0\x02\0\0\0\0\
\x02\0\0\0\0\0\0\x04\0\0\0\x02\0\0\0\x10\x02\0\0\0\0\0\0\x04\0\0\0\x02\0\0\0\
\x20\x02\0\0\0\0\0\0\x04\0\0\0\x02\0\0\0\x30\x02\0\0\0\0\0\0\x04\0\0\0\x02\0\0\
\0\x40\x02\0\0\0\0\0\0\x04\0\0\0\x02\0\0\0\x50\x02\0\0\0\0\0\0\x04\0\0\0\x02\0\
\0\0\x60\x02\0\0\0\0\0\0\x04\0\0\0\x02\0\0\0\x70\x02\0\0\0\0\0\0\x04\0\0\0\x02\
\0\0\0\x80\x02\0\0\0\0\0\0\x04\0\0\0\x02\0\0\0\x90\x02\0\0\0\0\0\0\x04\0\0\0\
\x02\0\0\0\xa0\x02\0\0\0\0\0\0\x04\0\0\0\x02\0\0\0\xb0\x02\0\0\0\0\0\0\x04\0\0\
\0\x02\0\0\0\xc0\x02\0\0\0\0\0\0\x04\0\0\0\x02\0\0\0\xd0\x02\0\0\0\0\0\0\x04\0\
\0\0\x02\0\0\0\xe0\x02\0\0\0\0\0\0\x04\0\0\0\x02\0\0\0\xf0\x02\0\0\0\0\0\0\x04\
\0\0\0\x02\0\0\0\0\x03\0\0\0\0\0\0\x04\0\0\0\x02\0\0\0\x10\x03\0\0\0\0\0\0\x04\
\0\0\0\x02\0\0\0\x20\x03\0\0\0\0\0\0\x04\0\0\0\x02\0\0\0\x30\x03\0\0\0\0\0\0\
\x04\0\0\0\x02\0\0\0\x40\x03\0\0\0\0\0\0\x04\0\0\0\x02\0\0\0\x50\x03\0\0\0\0\0\
\0\x04\0\0\0\x02\0\0\0\x60\x03\0\0\0\0\0\0\x04\0\0\0\x02\0\0\0\x70\x03\0\0\0\0\
\0\0\x04\0\0\0\x02\0\0\0\x80\x03\0\0\0\0\0\0\x04\0\0\0\x02\0\0\0\x90\x03\0\0\0\
\0\0\0\x04\0\0\0\x02\0\0\0\xa0\x03\0\0\0\0\0\0\x04\0\0\0\x02\0\0\0\xb0\x03\0\0\
\0\0\0\0\x04\0\0\0\x02\0\0\0\xc0\x03\0\0\0\0\0\0\x04\0\0\0\x02\0\0\0\xd0\x03\0\
\0\0\0\0\0\x04\0\0\0\x02\0\0\0\xe0\x03\0\0\0\0\0\0\x04\0\0\0\x02\0\0\0\xf0\x03\
\0\0\0\0\0\0\x04\0\0\0\x02\0\0\0\0\x04\0\0\0\0\0\0\x04\0\0\0\x02\0\0\0\x10\x04\
\0\0\0\0\0\0\x04\0\0\0\x02\0\0\0\x20\x04\0\0\0\0\0\0\x04\0\0\0\x02\0\0\0\x30\
\x04\0\0\0\0\0\0\x04\0\0\0\x02\0\0\0\x40\x04\0\0\0\0\0\0\x04\0\0\0\x02\0\0\0\
\x50\x04\0\0\0\0\0\0\x04\0\0\0\x02\0\0\0\x60\x04\0\0\0\0\0\0\x04\0\0\0\x02\0\0\
\0\x70\x04\0\0\0\0\0\0\x04\0\0\0\x02\0\0\0\x80\x04\0\0\0\0\0\0\x04\0\0\0\x02\0\
\0\0\x90\x04\0\0\0\0\0\0\x04\0\0\0\x02\0\0\0\xa0\x04\0\0\0\0\0\0\x04\0\0\0\x02\
\0\0\0\xb0\x04\0\0\0\0\0\0\x04\0\0\0\x02\0\0\0\xc0\x04\0\0\0\0\0\0\x04\0\0\0\
\x02\0\0\0\xd0\x04\0\0\0\0\0\0\x04\0\0\0\x02\0\0\0\xe0\x04\0\0\0\0\0\0\x04\0\0\
\0\x02\0\0\0\xf0\x04\0\0\0\0\0\0\x04\0\0\0\x02\0\0\0\0\x05\0\0\0\0\0\0\x04\0\0\
\0\x02\0\0\0\x10\x05\0\0\0\0\0\0\x04\0\0\0\x02\0\0\0\x20\x05\0\0\0\0\0\0\x04\0\
\0\0\x02\0\0\0\x30\x05\0\0\0\0\0\0\x04\0\0\0\x02\0\0\0\x40\x05\0\0\0\0\0\0\x04\
\0\0\0\x02\0\0\0\x50\x05\0\0\0\0\0\0\x04\0\0\0\x02\0\0\0\x60\x05\0\0\0\0\0\0\
\x04\0\0\0\x02\0\0\0\x70\x05\0\0\0\0\0\0\x04\0\0\0\x02\0\0\0\x80\x05\0\0\0\0\0\
\0\x04\0\0\0\x02\0\0\0\x90\x05\0\0\0\0\0\0\x04\0\0\0\x02\0\0\0\xa0\x05\0\0\0\0\
\0\0\x04\0\0\0\x02\0\0\0\xb0\x05\0\0\0\0\0\0\x04\0\0\0\x02\0\0\0\xc0\x05\0\0\0\
\0\0\0\x04\0\0\0\x02\0\0\0\xd0\x05\0\0\0\0\0\0\x04\0\0\0\x02\0\0\0\xe0\x05\0\0\
\0\0\0\0\x04\0\0\0\x02\0\0\0\xf0\x05\0\0\0\0\0\0\x04\0\0\0\x02\0\0\0\0\x06\0\0\
\0\0\0\0\x04\0\0\0\x02\0\0\0\x10\x06\0\0\0\0\0\0\x04\0\0\0\x02\0\0\0\x20\x06\0\
\0\0\0\0\0\x04\0\0\0\x02\0\0\0\x30\x06\0\0\0\0\0\0\x04\0\0\0\x02\0\0\0\x40\x06\
\0\0\0\0\0\0\x04\0\0\0\x02\0\0\0\x50\x06\0\0\0\0\0\0\x04\0\0\0\x02\0\0\0\x60\
\x06\0\0\0\0\0\0\x04\0\0\0\x02\0\0\0\x70\x06\0\0\0\0\0\0\x04\0\0\0\x02\0\0\0\
\x80\x06\0\0\0\0\0\0\x04\0\0\0\x02\0\0\0\x90\x06\0\0\0\0\0\0\x04\0\0\0\x02\0\0\
\0\xa0\x06\0\0\0\0\0\0\x04\0\0\0\x02\0\0\0\xb0\x06\0\0\0\0\0\0\x04\0\0\0\x02\0\
\0\0\xc0\x06\0\0\0\0\0\0\x04\0\0\0\x02\0\0\0\xd0\x06\0\0\0\0\0\0\x04\0\0\0\x02\
\0\0\0\xe0\x06\0\0\0\0\0\0\x04\0\0\0\x02\0\0\0\xf0\x06\0\0\0\0\0\0\x04\0\0\0\
\x02\0\0\0\0\x07\0\0\0\0\0\0\x04\0\0\0\x02\0\0\0\x10\x07\0\0\0\0\0\0\x04\0\0\0\
\x02\0\0\0\x20\x07\0\0\0\0\0\0\x04\0\0\0\x02\0\0\0\x30\x07\0\0\0\0\0\0\x04\0\0\
\0\x02\0\0\0\x40\x07\0\0\0\0\0\0\x04\0\0\0\x02\0\0\0\x50\x07\0\0\0\0\0\0\x04\0\
\0\0\x02\0\0\0\x60\x07\0\0\0\0\0\0\x04\0\0\0\x02\0\0\0\x70\x07\0\0\0\0\0\0\x04\
\0\0\0\x02\0\0\0\x80\x07\0\0\0\0\0\0\x04\0\0\0\x02\0\0\0\x90\x07\0\0\0\0\0\0\
\x04\0\0\0\x02\0\0\0\xa0\x07\0\0\0\0\0\0\x04\0\0\0\x02\0\0\0\xb0\x07\0\0\0\0\0\
\0\x04\0\0\0\x02\0\0\0\xc0\x07\0\0\0\0\0\0\x04\0\0\0\x02\0\0\0\xd0\x07\0\0\0\0\
\0\0\x04\0\0\0\x02\0\0\0\xe0\x07\0\0\0\0\0\0\x04\0\0\0\x02\0\0\0\xf0\x07\0\0\0\
\0\0\0\x04\0\0\0\x02\0\0\0\0\x08\0\0\0\0\0\0\x04\0\0\0\x02\0\0\0\x10\x08\0\0\0\
\0\0\0\x04\0\0\0\x02\0\0\0\x20\x08\0\0\0\0\0\0\x04\0\0\0\x02\0\0\0\x30\x08\0\0\
\0\0\0\0\x04\0\0\0\x02\0\0\0\x40\x08\0\0\0\0\0\0\x04\0\0\0\x02\0\0\0\x50\x08\0\
\0\0\0\0\0\x04\0\0\0\x02\0\0\0\x60\x08\0\0\0\0\0\0\x04\0\0\0\x02\0\0\0\x70\x08\
\0\0\0\0\0\0\x04\0\0\0\x02\0\0\0\x80\x08\0\0\0\0\0\0\x04\0\0\0\x02\0\0\0\x90\
\x08\0\0\0\0\0\0\x04\0\0\0\x02\0\0\0\xa0\x08\0\0\0\0\0\0\x04\0\0\0\x02\0\0\0\
\xb0\x08\0\0\0\0\0\0\x04\0\0\0\x02\0\0\0\xc0\x08\0\0\0\0\0\0\x04\0\0\0\x02\0\0\
\0\xd0\x08\0\0\0\0\0\0\x04\0\0\0\x02\0\0\0\xe0\x08\0\0\0\0\0\0\x04\0\0\0\x02\0\
\0\0\xf0\x08\0\0\0\0\0\0\x04\0\0\0\x02\0\0\0\0\x09\0\0\0\0\0\0\x04\0\0\0\x02\0\
\0\0\x10\x09\0\0\0\0\0\0\x04\0\0\0\x02\0\0\0\x20\x09\0\0\0\0\0\0\x04\0\0\0\x02\
\0\0\0\x30\x09\0\0\0\0\0\0\x04\0\0\0\x02\0\0\0\x40\x09\0\0\0\0\0\0\x04\0\0\0\
\x02\0\0\0\x50\x09\0\0\0\0\0\0\x04\0\0\0\x02\0\0\0\x60\x09\0\0\0\0\0\0\x04\0\0\
\0\x02\0\0\0\x70\x09\0\0\0\0\0\0\x04\0\0\0\x02\0\0\0\x80\x09\0\0\0\0\0\0\x04\0\
\0\0\x02\0\0\0\x90\x09\0\0\0\0\0\0\x04\0\0\0\x02\0\0\0\xa0\x09\0\0\0\0\0\0\x04\
\0\0\0\x02\0\0\0\xb0\x09\0\0\0\0\0\0\x04\0\0\0\x02\0\0\0\xc0\x09\0\0\0\0\0\0\
\x04\0\0\0\x02\0\0\0\xd0\x09\0\0\0\0\0\0\x04\0\0\0\x02\0\0\0\xe0\x09\0\0\0\0\0\
\0\x04\0\0\0\x02\0\0\0\xf0\x09\0\0\0\0\0\0\x04\0\0\0\x02\0\0\0\0\x0a\0\0\0\0\0\
\0\x04\0\0\0\x02\0\0\0\x10\x0a\0\0\0\0\0\0\x04\0\0\0\x02\0\0\0\x20\x0a\0\0\0\0\
\0\0\x04\0\0\0\x02\0\0\0\x30\x0a\0\0\0\0\0\0\x04\0\0\0\x02\0\0\0\x40\x0a\0\0\0\
\0\0\0\x04\0\0\0\x02\0\0\0\x50\x0a\0\0\0\0\0\0\x04\0\0\0\x02\0\0\0\x60\x0a\0\0\
\0\0\0\0\x04\0\0\0\x02\0\0\0\x70\x0a\0\0\0\0\0\0\x04\0\0\0\x02\0\0\0\x80\x0a\0\
\0\0\0\0\0\x04\0\0\0\x02\0\0\0\x90\x0a\0\0\0\0\0\0\x04\0\0\0\x02\0\0\0\xa0\x0a\
\0\0\0\0\0\0\x04\0\0\0\x02\0\0\0\xb0\x0a\0\0\0\0\0\0\x04\0\0\0\x02\0\0\0\xc0\
\x0a\0\0\0\0\0\0\x04\0\0\0\x02\0\0\0\xd0\x0a\0\0\0\0\0\0\x04\0\0\0\x02\0\0\0\
\xe0\x0a\0\0\0\0\0\0\x04\0\0\0\x02\0\0\0\xf0\x0a\0\0\0\0\0\0\x04\0\0\0\x02\0\0\
\0\0\x0b\0\0\0\0\0\0\x04\0\0\0\x02\0\0\0\x10\x0b\0\0\0\0\0\0\x04\0\0\0\x02\0\0\
\0\x20\x0b\0\0\0\0\0\0\x04\0\0\0\x02\0\0\0\x30\x0b\0\0\0\0\0\0\x04\0\0\0\x02\0\
\0\0\x40\x0b\0\0\0\0\0\0\x04\0\0\0\x02\0\0\0\x50\x0b\0\0\0\0\0\0\x04\0\0\0\x02\
\0\0\0\x60\x0b\0\0\0\0\0\0\x04\0\0\0\x02\0\0\0\x70\x0b\0\0\0\0\0\0\x04\0\0\0\
\x02\0\0\0\x80\x0b\0\0\0\0\0\0\x04\0\0\0\x02\0\0\0\x90\x0b\0\0\0\0\0\0\x04\0\0\
\0\x02\0\0\0\xa0\x0b\0\0\0\0\0\0\x04\0\0\0\x02\0\0\0\xb0\x0b\0\0\0\0\0\0\x04\0\
\0\0\x02\0\0\0\xc0\x0b\0\0\0\0\0\0\x04\0\0\0\x02\0\0\0\xd0\x0b\0\0\0\0\0\0\x04\
\0\0\0\x02\0\0\0\xe0\x0b\0\0\0\0\0\0\x04\0\0\0\x02\0\0\0\xf0\x0b\0\0\0\0\0\0\
\x04\0\0\0\x02\0\0\0\0\x0c\0\0\0\0\0\0\x04\0\0\0\x02\0\0\0\x10\x0c\0\0\0\0\0\0\
\x04\0\0\0\x02\0\0\0\x20\x0c\0\0\0\0\0\0\x04\0\0\0\x02\0\0\0\x30\x0c\0\0\0\0\0\
\0\x04\0\0\0\x02\0\0\0\x40\x0c\0\0\0\0\0\0\x04\0\0\0\x02\0\0\0\x50\x0c\0\0\0\0\
\0\0\x04\0\0\0\x02\0\0\0\x60\x0c\0\0\0\0\0\0\x04\0\0\0\x02\0\0\0\x70\x0c\0\0\0\
\0\0\0\x04\0\0\0\x02\0\0\0\x80\x0c\0\0\0\0\0\0\x04\0\0\0\x02\0\0\0\x90\x0c\0\0\
\0\0\0\0\x04\0\0\0\x02\0\0\0\xa0\x0c\0\0\0\0\0\0\x04\0\0\0\x02\0\0\0\xb0\x0c\0\
\0\0\0\0\0\x04\0\0\0\x02\0\0\0\xc0\x0c\0\0\0\0\0\0\x04\0\0\0\x02\0\0\0\xd0\x0c\
\0\0\0\0\0\0\x04\0\0\0\x02\0\0\0\xe0\x0c\0\0\0\0\0\0\x04\0\0\0\x02\0\0\0\xf0\
\x0c\0\0\0\0\0\0\x04\0\0\0\x02\0\0\0\0\x0d\0\0\0\0\0\0\x04\0\0\0\x02\0\0\0\x10\
\x0d\0\0\0\0\0\0\x04\0\0\0\x02\0\0\0\x20\x0d\0\0\0\0\0\0\x04\0\0\0\x02\0\0\0\
\x30\x0d\0\0\0\0\0\0\x04\0\0\0\x02\0\0\0\x40\x0d\0\0\0\0\0\0\x04\0\0\0\x02\0\0\
\0\x50\x0d\0\0\0\0\0\0\x04\0\0\0\x02\0\0\0\x60\x0d\0\0\0\0\0\0\x04\0\0\0\x02\0\
\0\0\x70\x0d\0\0\0\0\0\0\x04\0\0\0\x02\0\0\0\x80\x0d\0\0\0\0\0\0\x04\0\0\0\x02\
\0\0\0\x9c\x0d\0\0\0\0\0\0\x04\0\0\0\x02\0\0\0\xac\x0d\0\0\0\0\0\0\x04\0\0\0\
\x02\0\0\0\xbc\x0d\0\0\0\0\0\0\x04\0\0\0\x02\0\0\0\xcc\x0d\0\0\0\0\0\0\x04\0\0\
\0\x02\0\0\0\xdc\x0d\0\0\0\0\0\0\x04\0\0\0\x02\0\0\0\xec\x0d\0\0\0\0\0\0\x04\0\
\0\0\x02\0\0\0\xfc\x0d\0\0\0\0\0\0\x04\0\0\0\x02\0\0\0\x0c\x0e\0\0\0\0\0\0\x04\
\0\0\0\x02\0\0\0\x1c\x0e\0\0\0\0\0\0\x04\0\0\0\x02\0\0\0\x2c\x0e\0\0\0\0\0\0\
\x04\0\0\0\x02\0\0\0\x3c\x0e\0\0\0\0\0\0\x04\0\0\0\x02\0\0\0\x4c\x0e\0\0\0\0\0\
\0\x04\0\0\0\x02\0\0\0\x5c\x0e\0\0\0\0\0\0\x04\0\0\0\x02\0\0\0\x6c\x0e\0\0\0\0\
\0\0\x04\0\0\0\x02\0\0\0\x7c\x0e\0\0\0\0\0\0\x04\0\0\0\x02\0\0\0\x8c\x0e\0\0\0\
\0\0\0\x04\0\0\0\x02\0\0\0\x9c\x0e\0\0\0\0\0\0\x04\0\0\0\x02\0\0\0\xac\x0e\0\0\
\0\0\0\0\x04\0\0\0\x02\0\0\0\xbc\x0e\0\0\0\0\0\0\x04\0\0\0\x02\0\0\0\xcc\x0e\0\
\0\0\0\0\0\x04\0\0\0\x02\0\0\0\xdc\x0e\0\0\0\0\0\0\x04\0\0\0\x02\0\0\0\xec\x0e\
\0\0\0\0\0\0\x04\0\0\0\x02\0\0\0\xfc\x0e\0\0\0\0\0\0\x04\0\0\0\x02\0\0\0\x0c\
\x0f\0\0\0\0\0\0\x04\0\0\0\x02\0\0\0\x1c\x0f\0\0\0\0\0\0\x04\0\0\0\x02\0\0\0\
\x2c\x0f\0\0\0\0\0\0\x04\0\0\0\x02\0\0\0\x3c\x0f\0\0\0\0\0\0\x04\0\0\0\x02\0\0\
\0\x4c\x0f\0\0\0\0\0\0\x04\0\0\0\x02\0\0\0\x5c\x0f\0\0\0\0\0\0\x04\0\0\0\x02\0\
\0\0\x6c\x0f\0\0\0\0\0\0\x04\0\0\0\x02\0\0\0\x7c\x0f\0\0\0\0\0\0\x04\0\0\0\x02\
\0\0\0\x8c\x0f\0\0\0\0\0\0\x04\0\0\0\x02\0\0\0\x9c\x0f\0\0\0\0\0\0\x04\0\0\0\
\x02\0\0\0\xac\x0f\0\0\0\0\0\0\x04\0\0\0\x02\0\0\0\xbc\x0f\0\0\0\0\0\0\x04\0\0\
\0\x02\0\0\0\xcc\x0f\0\0\0\0\0\0\x04\0\0\0\x02\0\0\0\xdc\x0f\0\0\0\0\0\0\x04\0\
\0\0\x02\0\0\0\xec\x0f\0\0\0\0\0\0\x04\0\0\0\x02\0\0\0\xfc\x0f\0\0\0\0\0\0\x04\
\0\0\0\x02\0\0\0\x0c\x10\0\0\0\0\0\0\x04\0\0\0\x02\0\0\0\x1c\x10\0\0\0\0\0\0\
\x04\0\0\0\x02\0\0\0\x2c\x10\0\0\0\0\0\0\x04\0\0\0\x02\0\0\0\x3c\x10\0\0\0\0\0\
\0\x04\0\0\0\x02\0\0\0\x4c\x10\0\0\0\0\0\0\x04\0\0\0\x02\0\0\0\x5c\x10\0\0\0\0\
\0\0\x04\0\0\0\x02\0\0\0\x6c\x10\0\0\0\0\0\0\x04\0\0\0\x02\0\0\0\x7c\x10\0\0\0\
\0\0\0\x04\0\0\0\x02\0\0\0\x8c\x10\0\0\0\0\0\0\x04\0\0\0\x02\0\0\0\x9c\x10\0\0\
\0\0\0\0\x04\0\0\0\x02\0\0\0\xac\x10\0\0\0\0\0\0\x04\0\0\0\x02\0\0\0\xbc\x10\0\
\0\0\0\0\0\x04\0\0\0\x02\0\0\0\xcc\x10\0\0\0\0\0\0\x04\0\0\0\x02\0\0\0\xdc\x10\
\0\0\0\0\0\0\x04\0\0\0\x02\0\0\0\xec\x10\0\0\0\0\0\0\x04\0\0\0\x02\0\0\0\xfc\
\x10\0\0\0\0\0\0\x04\0\0\0\x02\0\0\0\x0c\x11\0\0\0\0\0\0\x04\0\0\0\x02\0\0\0\
\x1c\x11\0\0\0\0\0\0\x04\0\0\0\x02\0\0\0\x2c\x11\0\0\0\0\0\0\x04\0\0\0\x02\0\0\
\0\x3c\x11\0\0\0\0\0\0\x04\0\0\0\x02\0\0\0\x4c\x11\0\0\0\0\0\0\x04\0\0\0\x02\0\
\0\0\x5c\x11\0\0\0\0\0\0\x04\0\0\0\x02\0\0\0\x6c\x11\0\0\0\0\0\0\x04\0\0\0\x02\
\0\0\0\x7c\x11\0\0\0\0\0\0\x04\0\0\0\x02\0\0\0\x8c\x11\0\0\0\0\0\0\x04\0\0\0\
\x02\0\0\0\x14\0\0\0\0\0\0\0\x03\0\0\0\x2d\0\0\0\x18\0\0\0\0\0\0\0\x02\0\0\0\
\x02\0\0\0\x22\0\0\0\0\0\0\0\x03\0\0\0\x2f\0\0\0\x26\0\0\0\0\0\0\0\x03\0\0\0\
\x2f\0\0\0\x2a\0\0\0\0\0\0\0\x03\0\0\0\x2f\0\0\0\x36\0\0\0\0\0\0\0\x03\0\0\0\
\x2f\0\0\0\x4b\0\0\0\0\0\0\0\x03\0\0\0\x2f\0\0\0\x60\0\0\0\0\0\0\0\x03\0\0\0\
\x2f\0\0\0\x7a\0\0\0\0\0\0\0\x02\0\0\0\x02\0\0\0\x30\x04\x0a\x0e\x0f\x31\x15\
\x17\x32\x33\x1d\x1f\x21\x23\x25\x19\x1a\x34\x35\0\x61\x63\x6b\x5f\x69\x6e\x67\
\x72\x65\x73\x73\x5f\x66\x69\x78\0\x73\x65\x71\x5f\x65\x67\x72\x65\x73\x73\x5f\
\x66\x69\x78\0\x61\x63\x6b\x5f\x65\x67\x72\x65\x73\x73\x5f\x66\x69\x78\0\x2e\
\x64\x65\x62\x75\x67\x5f\x61\x62\x62\x72\x65\x76\0\x2e\x74\x65\x78\x74\0\x2e\
\x72\x65\x6c\x2e\x42\x54\x46\x2e\x65\x78\x74\0\x74\x63\x5f\x65\x67\x72\x65\x73\
\x73\x2e\x5f\x5f\x5f\x5f\x66\x6d\x74\0\x2e\x64\x65\x62\x75\x67\x5f\x72\x6e\x67\
\x6c\x69\x73\x74\x73\0\x2e\x64\x65\x62\x75\x67\x5f\x6c\x6f\x63\x6c\x69\x73\x74\
\x73\0\x2e\x72\x65\x6c\x2e\x64\x65\x62\x75\x67\x5f\x73\x74\x72\x5f\x6f\x66\x66\
\x73\x65\x74\x73\0\x74\x63\x5f\x65\x67\x72\x65\x73\x73\0\x2e\x6d\x61\x70\x73\0\
\x2e\x64\x65\x62\x75\x67\x5f\x73\x74\x72\0\x2e\x64\x65\x62\x75\x67\x5f\x6c\x69\
\x6e\x65\x5f\x73\x74\x72\0\x2e\x72\x65\x6c\x2e\x64\x65\x62\x75\x67\x5f\x61\x64\
\x64\x72\0\x72\x61\x6e\x64\x5f\x62\x79\x74\x65\x5f\x6d\x61\x70\0\x2e\x72\x65\
\x6c\x2e\x64\x65\x62\x75\x67\x5f\x69\x6e\x66\x6f\0\x2e\x6c\x6c\x76\x6d\x5f\x61\
\x64\x64\x72\x73\x69\x67\0\x5f\x5f\x6c\x69\x63\x65\x6e\x73\x65\0\x2e\x72\x65\
\x6c\x2e\x64\x65\x62\x75\x67\x5f\x6c\x69\x6e\x65\0\x2e\x72\x65\x6c\x2e\x64\x65\
\x62\x75\x67\x5f\x66\x72\x61\x6d\x65\0\x2e\x72\x65\x6c\x74\x63\0\x74\x63\x5f\
\x65\x67\x72\x65\x73\x73\x2e\x62\x70\x66\x2e\x63\0\x2e\x73\x74\x72\x74\x61\x62\
\0\x2e\x73\x79\x6d\x74\x61\x62\0\x2e\x72\x6f\x64\x61\x74\x61\0\x2e\x72\x65\x6c\
\x2e\x42\x54\x46\0\x74\x63\x5f\x65\x67\x72\x65\x73\x73\x2e\x5f\x5f\x5f\x5f\x66\
\x6d\x74\x2e\x39\0\x4c\x42\x42\x30\x5f\x36\x38\0\x4c\x42\x42\x30\x5f\x33\x38\0\
\x4c\x42\x42\x30\x5f\x32\x38\0\x74\x63\x5f\x65\x67\x72\x65\x73\x73\x2e\x5f\x5f\
\x5f\x5f\x66\x6d\x74\x2e\x38\0\x4c\x42\x42\x30\x5f\x36\x37\0\x74\x63\x5f\x65\
\x67\x72\x65\x73\x73\x2e\x5f\x5f\x5f\x5f\x66\x6d\x74\x2e\x37\0\x4c\x42\x42\x30\
\x5f\x35\x36\0\x4c\x42\x42\x30\x5f\x34\x36\0\x4c\x42\x42\x30\x5f\x33\x36\0\x74\
\x63\x5f\x65\x67\x72\x65\x73\x73\x2e\x5f\x5f\x5f\x5f\x66\x6d\x74\x2e\x36\0\x4c\
\x42\x42\x30\x5f\x36\x35\0\x4c\x42\x42\x30\x5f\x35\x35\0\x4c\x42\x42\x30\x5f\
\x34\x35\0\x4c\x42\x42\x30\x5f\x32\x35\0\x74\x63\x5f\x65\x67\x72\x65\x73\x73\
\x2e\x5f\x5f\x5f\x5f\x66\x6d\x74\x2e\x35\0\x4c\x42\x42\x30\x5f\x34\0\x4c\x42\
\x42\x30\x5f\x33\x34\0\x74\x63\x5f\x65\x67\x72\x65\x73\x73\x2e\x5f\x5f\x5f\x5f\
\x66\x6d\x74\x2e\x34\0\x4c\x42\x42\x30\x5f\x33\0\x4c\x42\x42\x30\x5f\x36\x33\0\
\x4c\x42\x42\x30\x5f\x33\x33\0\x74\x63\x5f\x65\x67\x72\x65\x73\x73\x2e\x5f\x5f\
\x5f\x5f\x66\x6d\x74\x2e\x33\0\x4c\x42\x42\x30\x5f\x32\0\x4c\x42\x42\x30\x5f\
\x34\x32\0\x4c\x42\x42\x30\x5f\x33\x32\0\x4c\x42\x42\x30\x5f\x32\x32\0\x74\x63\
\x5f\x65\x67\x72\x65\x73\x73\x2e\x5f\x5f\x5f\x5f\x66\x6d\x74\x2e\x31\x32\0\x74\
\x63\x5f\x65\x67\x72\x65\x73\x73\x2e\x5f\x5f\x5f\x5f\x66\x6d\x74\x2e\x32\0\x4c\
\x42\x42\x30\x5f\x36\x31\0\x74\x63\x5f\x65\x67\x72\x65\x73\x73\x2e\x5f\x5f\x5f\
\x5f\x66\x6d\x74\x2e\x31\x31\0\x74\x63\x5f\x65\x67\x72\x65\x73\x73\x2e\x5f\x5f\
\x5f\x5f\x66\x6d\x74\x2e\x31\0\x4c\x42\x42\x30\x5f\x34\x30\0\x74\x63\x5f\x65\
\x67\x72\x65\x73\x73\x2e\x5f\x5f\x5f\x5f\x66\x6d\x74\x2e\x31\x30\0\0\0\0\0\0\0\
\0\0\0\0\0\0\0\0\0\0\0\0\0\0\0\0\0\0\0\0\0\0\0\0\0\0\0\0\0\0\0\0\0\0\0\0\0\0\0\
\0\0\0\0\0\0\0\0\0\0\0\0\0\0\0\0\0\0\0\0\0\x42\x01\0\0\x03\0\0\0\0\0\0\0\0\0\0\
\0\0\0\0\0\0\0\0\0\x0b\xa8\0\0\0\0\0\0\x03\x03\0\0\0\0\0\0\0\0\0\0\0\0\0\0\x01\
\0\0\0\0\0\0\0\0\0\0\0\0\0\0\0\x3d\0\0\0\x01\0\0\0\x06\0\0\0\0\0\0\0\0\0\0\0\0\
\0\0\0\x40\0\0\0\0\0\0\0\0\0\0\0\0\0\0\0\0\0\0\0\0\0\0\0\x04\0\0\0\0\0\0\0\0\0\
\0\0\0\0\0\0\x2f\x01\0\0\x01\0\0\0\x06\0\0\0\0\0\0\0\0\0\0\0\0\0\0\0\x40\0\0\0\
\0\0\0\0\0\x0f\0\0\0\0\0\0\0\0\0\0\0\0\0\0\x08\0\0\0\0\0\0\0\0\0\0\0\0\0\0\0\
\x2b\x01\0\0\x09\0\0\0\x40\0\0\0\0\0\0\0\0\0\0\0\0\0\0\0\xd8\x81\0\0\0\0\0\0\
\x40\x01\0\0\0\0\0\0\x1c\0\0\0\x03\0\0\0\x08\0\0\0\0\0\0\0\x10\0\0\0\0\0\0\0\
\x52\x01\0\0\x01\0\0\0\x02\0\0\0\0\0\0\0\0\0\0\0\0\0\0\0\x40\x0f\0\0\0\0\0\0\
\x31\x02\0\0\0\0\0\0\0\0\0\0\0\0\0\0\x01\0\0\0\0\0\0\0\0\0\0\0\0\0\0\0\xa3\0\0\
\0\x01\0\0\0\x03\0\0\0\0\0\0\0\0\0\0\0\0\0\0\0\x78\x11\0\0\0\0\0\0\x80\0\0\0\0\
\0\0\0\0\0\0\0\0\0\0\0\x08\0\0\0\0\0\0\0\0\0\0\0\0\0\0\0\x02\x01\0\0\x01\0\0\0\
\x03\0\0\0\0\0\0\0\0\0\0\0\0\0\0\0\xf8\x11\0\0\0\0\0\0\x04\0\0\0\0\0\0\0\0\0\0\
\0\0\0\0\0\x01\0\0\0\0\0\0\0\0\0\0\0\0\0\0\0\x72\0\0\0\x01\0\0\0\0\0\0\0\0\0\0\
\0\0\0\0\0\0\0\0\0\xfc\x11\0\0\0\0\0\0\x0d\x02\0\0\0\0\0\0\0\0\0\0\0\0\0\0\x01\
\0\0\0\0\0\0\0\0\0\0\0\0\0\0\0\x2f\0\0\0\x01\0\0\0\0\0\0\0\0\0\0\0\0\0\0\0\0\0\
\0\0\x09\x14\0\0\0\0\0\0\xfe\x02\0\0\0\0\0\0\0\0\0\0\0\0\0\0\x01\0\0\0\0\0\0\0\
\0\0\0\0\0\0\0\0\xe6\0\0\0\x01\0\0\0\0\0\0\0\0\0\0\0\0\0\0\0\0\0\0\0\x07\x17\0\
\0\0\0\0\0\x40\x0f\0\0\0\0\0\0\0\0\0\0\0\0\0\0\x01\0\0\0\0\0\0\0\0\0\0\0\0\0\0\
\0\xe2\0\0\0\x09\0\0\0\x40\0\0\0\0\0\0\0\0\0\0\0\0\0\0\0\x18\x83\0\0\0\0\0\0\
\x60\0\0\0\0\0\0\0\x1c\0\0\0\x0a\0\0\0\x08\0\0\0\0\0\0\0\x10\0\0\0\0\0\0\0\x62\
\0\0\0\x01\0\0\0\0\0\0\0\0\0\0\0\0\0\0\0\0\0\0\0\x47\x26\0\0\0\0\0\0\x3e\0\0\0\
\0\0\0\0\0\0\0\0\0\0\0\0\x01\0\0\0\0\0\0\0\0\0\0\0\0\0\0\0\x86\0\0\0\x01\0\0\0\
\0\0\0\0\0\0\0\0\0\0\0\0\0\0\0\0\x85\x26\0\0\0\0\0\0\xf8\x03\0\0\0\0\0\0\0\0\0\
\0\0\0\0\0\x01\0\0\0\0\0\0\0\0\0\0\0\0\0\0\0\x82\0\0\0\x09\0\0\0\x40\0\0\0\0\0\
\0\0\0\0\0\0\0\0\0\0\x78\x83\0\0\0\0\0\0\xc0\x0f\0\0\0\0\0\0\x1c\0\0\0\x0d\0\0\
\0\x08\0\0\0\0\0\0\0\x10\0\0\0\0\0\0\0\xa9\0\0\0\x01\0\0\0\x30\0\0\0\0\0\0\0\0\
\0\0\0\0\0\0\0\x7d\x2a\0\0\0\0\0\0\x25\x0b\0\0\0\0\0\0\0\0\0\0\0\0\0\0\x01\0\0\
\0\0\0\0\0\x01\0\0\0\0\0\0\0\xc8\0\0\0\x01\0\0\0\0\0\0\0\0\0\0\0\0\0\0\0\0\0\0\
\0\xa2\x35\0\0\0\0\0\0\xe0\0\0\0\0\0\0\0\0\0\0\0\0\0\0\0\x01\0\0\0\0\0\0\0\0\0\
\0\0\0\0\0\0\xc4\0\0\0\x09\0\0\0\x40\0\0\0\0\0\0\0\0\0\0\0\0\0\0\0\x38\x93\0\0\
\0\0\0\0\xb0\x01\0\0\0\0\0\0\x1c\0\0\0\x10\0\0\0\x08\0\0\0\0\0\0\0\x10\0\0\0\0\
\0\0\0\x5e\x01\0\0\x01\0\0\0\0\0\0\0\0\0\0\0\0\0\0\0\0\0\0\0\x84\x36\0\0\0\0\0\
\0\x2c\x2f\0\0\0\0\0\0\0\0\0\0\0\0\0\0\x04\0\0\0\0\0\0\0\0\0\0\0\0\0\0\0\x5a\
\x01\0\0\x09\0\0\0\x40\0\0\0\0\0\0\0\0\0\0\0\0\0\0\0\xe8\x94\0\0\0\0\0\0\x20\
\x01\0\0\0\0\0\0\x1c\0\0\0\x12\0\0\0\x08\0\0\0\0\0\0\0\x10\0\0\0\0\0\0\0\x47\0\
\0\0\x01\0\0\0\0\0\0\0\0\0\0\0\0\0\0\0\0\0\0\0\xb0\x65\0\0\0\0\0\0\x9c\x11\0\0\
\0\0\0\0\0\0\0\0\0\0\0\0\x04\0\0\0\0\0\0\0\0\0\0\0\0\0\0\0\x43\0\0\0\x09\0\0\0\
\x40\0\0\0\0\0\0\0\0\0\0\0\0\0\0\0\x08\x96\0\0\0\0\0\0\x60\x11\0\0\0\0\0\0\x1c\
\0\0\0\x14\0\0\0\x08\0\0\0\0\0\0\0\x10\0\0\0\0\0\0\0\x1e\x01\0\0\x01\0\0\0\0\0\
\0\0\0\0\0\0\0\0\0\0\0\0\0\0\x50\x77\0\0\0\0\0\0\x28\0\0\0\0\0\0\0\0\0\0\0\0\0\
\0\0\x08\0\0\0\0\0\0\0\0\0\0\0\0\0\0\0\x1a\x01\0\0\x09\0\0\0\x40\0\0\0\0\0\0\0\
\0\0\0\0\0\0\0\0\x68\xa7\0\0\0\0\0\0\x20\0\0\0\0\0\0\0\x1c\0\0\0\x16\0\0\0\x08\
\0\0\0\0\0\0\0\x10\0\0\0\0\0\0\0\x0e\x01\0\0\x01\0\0\0\0\0\0\0\0\0\0\0\0\0\0\0\
\0\0\0\0\x78\x77\0\0\0\0\0\0\xc7\x04\0\0\0\0\0\0\0\0\0\0\0\0\0\0\x01\0\0\0\0\0\
\0\0\0\0\0\0\0\0\0\0\x0a\x01\0\0\x09\0\0\0\x40\0\0\0\0\0\0\0\0\0\0\0\0\0\0\0\
\x88\xa7\0\0\0\0\0\0\x70\0\0\0\0\0\0\0\x1c\0\0\0\x18\0\0\0\x08\0\0\0\0\0\0\0\
\x10\0\0\0\0\0\0\0\xb4\0\0\0\x01\0\0\0\x30\0\0\0\0\0\0\0\0\0\0\0\0\0\0\0\x3f\
\x7c\0\0\0\0\0\0\x84\0\0\0\0\0\0\0\0\0\0\0\0\0\0\0\x01\0\0\0\0\0\0\0\x01\0\0\0\
\0\0\0\0\xf2\0\0\0\x03\x4c\xff\x6f\0\0\0\x80\0\0\0\0\0\0\0\0\0\0\0\0\xf8\xa7\0\
\0\0\0\0\0\x13\0\0\0\0\0\0\0\x1c\0\0\0\0\0\0\0\x01\0\0\0\0\0\0\0\0\0\0\0\0\0\0\
\0\x4a\x01\0\0\x02\0\0\0\0\0\0\0\0\0\0\0\0\0\0\0\0\0\0\0\xc8\x7c\0\0\0\0\0\0\
\x10\x05\0\0\0\0\0\0\x01\0\0\0\x30\0\0\0\x08\0\0\0\0\0\0\0\x18\0\0\0\0\0\0\0";

	*sz = sizeof(data) - 1;
	return (const void *)data;
}

#ifdef __cplusplus
struct tc_egress_bpf *tc_egress_bpf::open(const struct bpf_object_open_opts *opts) { return tc_egress_bpf__open_opts(opts); }
struct tc_egress_bpf *tc_egress_bpf::open_and_load() { return tc_egress_bpf__open_and_load(); }
int tc_egress_bpf::load(struct tc_egress_bpf *skel) { return tc_egress_bpf__load(skel); }
int tc_egress_bpf::attach(struct tc_egress_bpf *skel) { return tc_egress_bpf__attach(skel); }
void tc_egress_bpf::detach(struct tc_egress_bpf *skel) { tc_egress_bpf__detach(skel); }
void tc_egress_bpf::destroy(struct tc_egress_bpf *skel) { tc_egress_bpf__destroy(skel); }
const void *tc_egress_bpf::elf_bytes(size_t *sz) { return tc_egress_bpf__elf_bytes(sz); }
#endif /* __cplusplus */

__attribute__((unused)) static void
tc_egress_bpf__assert(struct tc_egress_bpf *s __attribute__((unused)))
{
#ifdef __cplusplus
#define _Static_assert static_assert
#endif
#ifdef __cplusplus
#undef _Static_assert
#endif
}

#endif /* __TC_EGRESS_BPF_SKEL_H__ */
